filepath,filename,label,common_name,scientific_name,split,duration,rms_mean,rms_std,zcr_mean,zcr_std,spectral_centroid_mean,spectral_centroid_std,spectral_bandwidth_mean,spectral_bandwidth_std,spectral_rolloff_mean,spectral_rolloff_std
train_audio/rubthr1/iNat334890.ogg,iNat334890.ogg,rubthr1,Rufous-bellied Thrush,Turdus rufiventris,train,18.4330625,0.025489194,0.014072779,0.2383756877439289,0.03417455042032871,5108.1592073023285,506.48910872559014,3218.719217082034,382.2436669768777,8538.581418039896,1585.4786087904622
train_audio/rubthr1/XC351066.ogg,XC351066.ogg,rubthr1,Rufous-bellied Thrush,Turdus rufiventris,train,29.20490625,0.052934606,0.04766953,0.16741976784980833,0.06150258782849255,4466.480968190929,866.9887734094893,3494.7311610924053,522.5478873954154,6881.1438937568455,741.3122988507547
train_audio/rubthr1/iNat1318270.ogg,iNat1318270.ogg,rubthr1,Rufous-bellied Thrush,Turdus rufiventris,train,9.24734375,0.008848007,0.007794047,0.10881913657006921,0.03644013990123891,3275.2401660603177,612.428031271219,3884.4603514476967,579.3214590174808,7050.8488321799305,2447.0362195474277
train_audio/rubthr1/iNat320486.ogg,iNat320486.ogg,rubthr1,Rufous-bellied Thrush,Turdus rufiventris,train,4.9128125,0.019264933,0.004643048,0.06341949066558442,0.028476987820078375,2630.4425211029047,313.59998572999956,3495.6581985980883,204.07257856166515,5396.50974025974,591.3892156178712
train_audio/rubthr1/iNat140546.ogg,iNat140546.ogg,rubthr1,Rufous-bellied Thrush,Turdus rufiventris,train,9.8916875,0.010478702,0.011656106,0.10756938484450727,0.030185256785843998,2902.6076502170226,464.8080505866807,3195.048262141841,825.84638180946,5411.374192245557,2545.1520098771744
train_audio/rubthr1/iNat1624732.ogg,iNat1624732.ogg,rubthr1,Rufous-bellied Thrush,Turdus rufiventris,train,4.8563125,0.005609684,0.0027598809,0.04781140779194079,0.025722831480020615,1536.660779256704,313.89450014473147,2081.3096997063817,404.0931364548469,2761.5645559210525,897.1218513420084
train_audio/rubthr1/XC286714.ogg,XC286714.ogg,rubthr1,Rufous-bellied Thrush,Turdus rufiventris,train,253.466125,0.06130614,0.07394925,0.18182845393179523,0.049072218901173165,3585.496888824952,591.5530796732177,2311.730345395727,541.8008341410713,5066.5615926019445,1561.5504427093724
train_audio/rubthr1/iNat762495.ogg,iNat762495.ogg,rubthr1,Rufous-bellied Thrush,Turdus rufiventris,train,84.3946875,0.0069667236,0.0108481115,0.08854617150473934,0.04348898724232024,2464.723759905587,599.7548594332952,2755.425368468567,328.2837206599336,5124.206161137441,1055.3311432124412
train_audio/rubthr1/iNat1626515.ogg,iNat1626515.ogg,rubthr1,Rufous-bellied Thrush,Turdus rufiventris,train,8.02628125,0.0078385165,0.014179279,0.04995447895916335,0.023566155156288685,1341.2830324703623,443.3092916858763,1969.7728219923292,448.0874251072836,2236.2425298804783,893.1657022187956
train_audio/rubthr1/XC82473.ogg,XC82473.ogg,rubthr1,Rufous-bellied Thrush,Turdus rufiventris,train,19.069375,0.071680896,0.03375782,0.2622991984322567,0.042117686777380786,5497.532390749661,540.0364883950543,3537.657720675567,179.59304205264135,9751.572986577181,896.3911897748968
train_audio/rubthr1/XC293500.ogg,XC293500.ogg,rubthr1,Rufous-bellied Thrush,Turdus rufiventris,train,19.7485625,0.04543192,0.041723263,0.24678643724696356,0.08202271448494454,4232.176145927087,784.1708382095035,2641.190102738053,369.24410911619435,6488.132591093117,943.1645643797193
train_audio/rubthr1/XC763360.ogg,XC763360.ogg,rubthr1,Rufous-bellied Thrush,Turdus rufiventris,train,50.92,0.011515189,0.00806775,0.09020363307021678,0.048183504241908676,2260.0101825002603,372.4522444242757,2662.999308648253,479.7489541941488,4101.113336475024,1097.5577596789185
train_audio/rubthr1/iNat1662806.ogg,iNat1662806.ogg,rubthr1,Rufous-bellied Thrush,Turdus rufiventris,train,7.375,0.0095134415,0.0045571956,0.15866280843275488,0.0595237313229262,4466.943867123631,814.0215566691058,3924.0719530590254,284.38231657488984,9139.09978308026,524.8113553702411
train_audio/rubthr1/iNat798410.ogg,iNat798410.ogg,rubthr1,Rufous-bellied Thrush,Turdus rufiventris,train,8.38240625,0.06579536,0.055895075,0.05834774570610687,0.03616218477956881,2243.522039630022,542.2345515317467,2793.3575849441318,445.19860456666333,5042.6705629770995,1229.103016671022
train_audio/rubthr1/XC82482.ogg,XC82482.ogg,rubthr1,Rufous-bellied Thrush,Turdus rufiventris,train,7.96734375,0.04519693,0.06747401,0.3209988391064257,0.07624460373987485,5649.5987204805615,774.1305658338568,2900.473436901382,485.0874523689394,8044.1139558232935,1039.5384375257067
train_audio/rubthr1/iNat148783.ogg,iNat148783.ogg,rubthr1,Rufous-bellied Thrush,Turdus rufiventris,train,19.382,0.022561036,0.03577435,0.23782318417388615,0.07138296146568576,4986.12184800892,1149.3430237714504,3752.304038613586,868.2751205399728,8871.055074257425,2712.246725280044
train_audio/rubthr1/XC394552.ogg,XC394552.ogg,rubthr1,Rufous-bellied Thrush,Turdus rufiventris,train,56.241,0.022594586,0.033949558,0.2028042008852389,0.049509882796492016,4248.214980912804,817.9056889511464,2847.4205469270432,491.90756135795414,6351.42029294653,2279.040988034291
train_audio/rubthr1/iNat334710.ogg,iNat334710.ogg,rubthr1,Rufous-bellied Thrush,Turdus rufiventris,train,13.165,0.007892546,0.010649315,0.3511365146567436,0.07096752280388423,6197.7196217145165,870.9335834400873,3637.835895754037,262.78891693721715,10101.685905224787,1099.0808212712157
train_audio/rubthr1/iNat772218.ogg,iNat772218.ogg,rubthr1,Rufous-bellied Thrush,Turdus rufiventris,train,20.22459375,0.012756845,0.01052745,0.1886626111660079,0.05724970216567461,3615.6790926915796,831.89014988228,2706.703475438659,525.3813708205454,6049.135375494071,1430.1084970876336
train_audio/rubthr1/iNat852442.ogg,iNat852442.ogg,rubthr1,Rufous-bellied Thrush,Turdus rufiventris,train,0.144,0.41521135,0.12064382,0.145068359375,0.031149473626111854,2905.7103026648156,318.30416326333386,2234.6088621078275,473.3606167032882,3845.3125,564.4259563098157
train_audio/rubthr1/XC611393.ogg,XC611393.ogg,rubthr1,Rufous-bellied Thrush,Turdus rufiventris,train,11.91184375,0.028049126,0.017695637,0.15157822986577182,0.019332193572201048,3057.5176317841733,231.8679295441866,2012.2838091379954,237.5362081704621,4938.926174496644,661.0323789355083
train_audio/rubthr1/XC289110.ogg,XC289110.ogg,rubthr1,Rufous-bellied Thrush,Turdus rufiventris,train,38.79184375,0.052962974,0.06409416,0.22763611469072165,0.07353624670146884,4890.85156609336,962.3505008144447,3749.5054828087195,555.8302421882865,9348.827319587628,2093.631082670304
train_audio/rubthr1/iNat857160.ogg,iNat857160.ogg,rubthr1,Rufous-bellied Thrush,Turdus rufiventris,train,16.40490625,0.005693513,0.0057663904,0.09167694627192982,0.07942500624028612,2004.1222260115417,1052.2462189375815,2021.8991297361913,521.5251376207872,3849.6588693957115,1798.9658087961625
train_audio/rubthr1/XC289121.ogg,XC289121.ogg,rubthr1,Rufous-bellied Thrush,Turdus rufiventris,train,109.63590625,0.06407392,0.098189704,0.1532037463063622,0.05295279154109165,3492.4145099927937,975.8795669209353,2962.343537421342,869.079399663101,6079.283251860499,2793.795421718497
train_audio/rubthr1/iNat1151816.ogg,iNat1151816.ogg,rubthr1,Rufous-bellied Thrush,Turdus rufiventris,train,12.81690625,0.0017641655,0.000969641,0.06325251324812968,0.057376255814467425,2314.348095797088,938.7376852104845,3187.0338390364,569.0920981293507,4667.608322942643,2230.6030474387926
train_audio/rubthr1/XC620672.ogg,XC620672.ogg,rubthr1,Rufous-bellied Thrush,Turdus rufiventris,train,95.921625,0.045664404,0.037987284,0.1225949949706054,0.039688193825218,3201.533679987409,474.61125517681427,3000.7917686889896,431.9880701982848,5706.121789526351,1337.3691028802627
train_audio/rubthr1/XC313981.ogg,XC313981.ogg,rubthr1,Rufous-bellied Thrush,Turdus rufiventris,train,13.11346875,0.032830827,0.01556725,0.23208424637957317,0.053171763205637906,4340.031365985627,454.0867379229647,2990.236669517292,323.46368315378857,7431.440548780488,641.3200511842105
train_audio/rubthr1/iNat836925.ogg,iNat836925.ogg,rubthr1,Rufous-bellied Thrush,Turdus rufiventris,train,37.22159375,0.025655884,0.00580369,0.06801965547110013,0.024913708317068354,2194.6793627519396,344.74089780113036,2709.1869369293663,371.372123067386,4689.883702191663,986.7104129900198
train_audio/rubthr1/iNat858156.ogg,iNat858156.ogg,rubthr1,Rufous-bellied Thrush,Turdus rufiventris,train,5.52,0.004221386,0.0010801305,0.4741845985368497,0.06720763035754033,7583.367973503533,474.07803123619027,3037.045928873935,349.9474348572166,9745.213150289017,109.52819451751421
train_audio/rubthr1/iNat772222.ogg,iNat772222.ogg,rubthr1,Rufous-bellied Thrush,Turdus rufiventris,train,24.4041875,0.0044324924,0.0028367187,0.1566918849320118,0.0826036579926634,3655.0597830472043,855.4648359795174,3173.7073565386527,351.7718358055577,6901.0280144167755,913.3722804574179
train_audio/rubthr1/iNat1706704.ogg,iNat1706704.ogg,rubthr1,Rufous-bellied Thrush,Turdus rufiventris,train,13.815875,0.018090542,0.021164624,0.062449137369791664,0.03974609786358269,2377.5948625406804,827.6147032255641,2920.4582301779233,440.40683515514803,5271.267361111111,1841.650032542427
train_audio/rubthr1/iNat332657.ogg,iNat332657.ogg,rubthr1,Rufous-bellied Thrush,Turdus rufiventris,train,13.152,0.020557007,0.02850445,0.1419676251139125,0.06913906121055398,3003.629874625123,877.0913157227616,2469.0561799062957,594.9191766914263,5381.853736330499,1951.495800701838
train_audio/rubthr1/XC415211.ogg,XC415211.ogg,rubthr1,Rufous-bellied Thrush,Turdus rufiventris,train,144.84896875,0.046893578,0.018188186,0.19054218525651645,0.0767780757382746,5351.791333203837,1098.0705718325553,4227.168585834795,286.9612861336862,9968.667163684559,1544.3347599022775
train_audio/rubthr1/iNat1279077.ogg,iNat1279077.ogg,rubthr1,Rufous-bellied Thrush,Turdus rufiventris,train,55.8506875,0.003094535,0.0051238225,0.14199137626217417,0.02978817477119559,3804.2413332441333,559.9579956626654,3985.865538415785,516.265760703245,8801.762568032082,1924.8692198356855
train_audio/rubthr1/XC164996.ogg,XC164996.ogg,rubthr1,Rufous-bellied Thrush,Turdus rufiventris,train,75.48,0.013163717,0.010722573,0.21551749119065283,0.0400094444928651,4241.785840566202,525.7178787454242,2536.669617062453,517.7362336200488,6105.996979652395,1499.40092139383
train_audio/rubthr1/iNat1241813.ogg,iNat1241813.ogg,rubthr1,Rufous-bellied Thrush,Turdus rufiventris,train,27.904,0.002899442,0.002931399,0.15291989389326646,0.06021111947983195,3498.351712194194,803.323266487833,3061.2996272247824,766.2400272833413,6029.512893982808,2086.769640543846
train_audio/rubthr1/XC614076.ogg,XC614076.ogg,rubthr1,Rufous-bellied Thrush,Turdus rufiventris,train,55.632,0.057906274,0.012940213,0.05755850389951121,0.03743498249620045,2665.461216477809,995.0723420704321,3615.0354926514956,593.2516162173232,6489.150553479011,2612.91827360201
train_audio/rubthr1/iNat1615216.ogg,iNat1615216.ogg,rubthr1,Rufous-bellied Thrush,Turdus rufiventris,train,0.072,0.5697708,0.095355876,0.233984375,0.059580237390430064,5492.475837402082,78.55770682000012,3488.711491435064,134.33700643759832,8281.25,502.338282435253
train_audio/rubthr1/iNat836924.ogg,iNat836924.ogg,rubthr1,Rufous-bellied Thrush,Turdus rufiventris,train,37.12871875,0.03930014,0.015672352,0.052421126063657904,0.02234556070542568,2152.5105471609386,422.71280231923686,2772.870313715666,363.1729126605374,4829.289638087032,980.0035430330348
train_audio/rubthr1/iNat312443.ogg,iNat312443.ogg,rubthr1,Rufous-bellied Thrush,Turdus rufiventris,train,10.6811875,0.019809444,0.029745946,0.03039039109281437,0.015542752425207293,1620.3277490703408,516.7523206877038,2696.5697490041784,496.99451039333394,3499.1345434131736,1665.4071921233037
train_audio/rubthr1/XC299267.ogg,XC299267.ogg,rubthr1,Rufous-bellied Thrush,Turdus rufiventris,train,28.6824375,0.0042540543,0.0021725583,0.32954382058700504,0.079649128740317,6025.907207343334,735.1563309964622,4112.0341142406705,275.1194644105542,11462.841606246515,1650.654738484423
train_audio/rubthr1/iNat810356.ogg,iNat810356.ogg,rubthr1,Rufous-bellied Thrush,Turdus rufiventris,train,30.10134375,0.016171617,0.0056608547,0.1523546468185441,0.06408047392938031,3690.835975918867,674.6859220902885,3551.8497463841936,235.7366025192234,7936.561835812965,983.3299462606952
train_audio/rubthr1/iNat317135.ogg,iNat317135.ogg,rubthr1,Rufous-bellied Thrush,Turdus rufiventris,train,38.08075,0.0034172726,0.0012063603,0.06333116501732465,0.029162959585323882,3192.6428249413248,458.9758282115106,4050.731231175402,306.62669405910975,8184.356625367493,1231.4650901934347
train_audio/rubthr1/iNat49908.ogg,iNat49908.ogg,rubthr1,Rufous-bellied Thrush,Turdus rufiventris,train,7.39265625,0.016738525,0.022292692,0.20010461663066956,0.09040095042510457,3865.39499684535,1016.6144082824965,2979.8471156955206,521.4328192963837,6689.592332613391,1769.1185252981163
train_audio/rubthr1/XC400267.ogg,XC400267.ogg,rubthr1,Rufous-bellied Thrush,Turdus rufiventris,train,9.7436875,0.016753098,0.017566798,0.29925066066297207,0.07335822195989518,4686.203100152857,653.3931966543862,3168.9863435498437,347.1006602312708,6841.415229885058,571.7864428888988
train_audio/rubthr1/iNat264731.ogg,iNat264731.ogg,rubthr1,Rufous-bellied Thrush,Turdus rufiventris,train,14.64,0.012042212,0.002478911,0.04626304926310044,0.04516927793871676,2320.994998895103,964.8066468036168,3535.1207754364304,458.6542017033634,5191.798580786026,2637.353550590567
train_audio/rubthr1/iNat276456.ogg,iNat276456.ogg,rubthr1,Rufous-bellied Thrush,Turdus rufiventris,train,12.6955,0.009805574,0.0057820613,0.27406353313916876,0.07126694734331422,5705.842511887129,628.4430362962072,3847.649370592349,253.76041182501288,10201.727802267003,989.9372451077066
train_audio/rubthr1/XC421912.ogg,XC421912.ogg,rubthr1,Rufous-bellied Thrush,Turdus rufiventris,train,3.918375,0.023681859,0.027484177,0.1765724649234694,0.03567903274646999,3388.7735467390708,327.58757350113405,2842.0399264631033,382.66985485055125,6220.408163265306,1325.2784023015051
train_audio/rubthr1/iNat421698.ogg,iNat421698.ogg,rubthr1,Rufous-bellied Thrush,Turdus rufiventris,train,28.32,0.0014381057,0.00026365023,0.05135996391516093,0.048327168164533564,2531.9114155960324,616.8611150269217,3728.780665153225,218.75335135530202,5687.138269339356,1289.6141642914217
train_audio/rubthr1/iNat344147.ogg,iNat344147.ogg,rubthr1,Rufous-bellied Thrush,Turdus rufiventris,train,17.85615625,0.009031474,0.010651373,0.11652174141114592,0.03211490736383265,2463.0366881539185,247.82797583371539,2344.6795975356167,431.20884483176536,3840.588630259624,836.5928689746862
train_audio/rubthr1/iNat1652046.ogg,iNat1652046.ogg,rubthr1,Rufous-bellied Thrush,Turdus rufiventris,train,15.0186875,0.0032247582,0.0015098674,0.06638128993610223,0.04017765521046978,1953.7118033070997,294.9795985116494,2748.302249923597,368.7736734095772,3470.297523961661,1023.7960287386294
train_audio/rubthr1/iNat1668162.ogg,iNat1668162.ogg,rubthr1,Rufous-bellied Thrush,Turdus rufiventris,train,38.76209375,0.0023661298,0.0014811633,0.057460808527651674,0.03878171591641528,2077.5772270486336,804.4027520542211,3106.4633292730937,459.7558341299535,4628.6757119273625,2164.501198045533
train_audio/rubthr1/XC605339.ogg,XC605339.ogg,rubthr1,Rufous-bellied Thrush,Turdus rufiventris,train,49.464,0.034772694,0.017097984,0.18126809735810157,0.06892039389506266,5785.0435755272765,739.6256738101725,4096.655564544391,193.90686212696036,10524.316785252264,727.6493127133679
train_audio/rubthr1/XC838400.ogg,XC838400.ogg,rubthr1,Rufous-bellied Thrush,Turdus rufiventris,train,10.318375,0.0059187994,0.003375959,0.18825324006782945,0.0290703558061383,3836.36511142826,407.520447798741,3088.9478570843658,192.1169595989234,7170.566860465116,693.9191926597072
train_audio/rubthr1/iNat139344.ogg,iNat139344.ogg,rubthr1,Rufous-bellied Thrush,Turdus rufiventris,train,36.28409375,0.0008313214,0.00032085757,0.15207291322200175,0.02197883238490399,4233.196808174727,363.05048176991954,4341.708747856911,257.45348266533057,10102.63034611993,865.750312499989
train_audio/rubthr1/iNat574777.ogg,iNat574777.ogg,rubthr1,Rufous-bellied Thrush,Turdus rufiventris,train,8.208,0.022543885,0.013838586,0.08241598522616732,0.10217796049115847,1827.4285996641202,1375.4647274485133,2405.6088494965297,637.6728865324721,3147.920719844358,2537.545794168761
train_audio/rubthr1/XC200397.ogg,XC200397.ogg,rubthr1,Rufous-bellied Thrush,Turdus rufiventris,train,71.832,0.12525246,0.0619446,0.052048606277839644,0.03503374839310482,2577.3679531534217,402.1716192123797,3881.30152385749,384.28093467977135,6175.052199331849,1954.117806549096
train_audio/rubthr1/iNat1712721.ogg,iNat1712721.ogg,rubthr1,Rufous-bellied Thrush,Turdus rufiventris,train,13.5366875,0.0053489725,0.0030057651,0.11119899276859505,0.07573882998996552,3680.5065406632107,1479.3302142700622,3877.7281531050726,620.2252235107269,8088.695395513578,3354.708427641489
train_audio/rubthr1/iNat1691551.ogg,iNat1691551.ogg,rubthr1,Rufous-bellied Thrush,Turdus rufiventris,train,0.096,0.36118427,0.11056059,0.15541294642857142,0.037803830758107615,3020.34890527687,302.6748342940787,2225.64807698253,414.75503132036437,4895.089285714285,408.96366037852806
train_audio/rubthr1/XC856544.ogg,XC856544.ogg,rubthr1,Rufous-bellied Thrush,Turdus rufiventris,train,9.69275,0.0023964546,0.0028876509,0.25226253094059403,0.10718392534942738,5198.251467767851,1124.700561577613,3512.8535518081944,410.9798389042844,8562.267945544554,1398.7548451071598
train_audio/rubthr1/iNat52897.ogg,iNat52897.ogg,rubthr1,Rufous-bellied Thrush,Turdus rufiventris,train,11.807,0.0027068802,0.0032101772,0.1921069137449187,0.09224844677598126,3418.3651893009915,1194.0273962921003,2290.92221857151,694.9448140708889,5633.151253387534,2122.1969092520235
train_audio/rubthr1/iNat1684709.ogg,iNat1684709.ogg,rubthr1,Rufous-bellied Thrush,Turdus rufiventris,train,3.2506875,0.0059749554,0.0017737496,0.0933526731004902,0.05518809622127074,3697.778662988591,578.3078909077858,3837.198814057967,176.74410187062352,8857.919730392157,865.8410585849011
train_audio/rubthr1/iNat1278983.ogg,iNat1278983.ogg,rubthr1,Rufous-bellied Thrush,Turdus rufiventris,train,32.4906875,0.00498913,0.006218563,0.1474294432391679,0.029325299307498845,3679.8568691958494,658.1896405837813,3783.995369293823,706.4617825207724,7959.841211225997,2649.0643693650495
train_audio/rubthr1/iNat327564.ogg,iNat327564.ogg,rubthr1,Rufous-bellied Thrush,Turdus rufiventris,train,7.00303125,0.0032681061,0.0023194829,0.1737668111444064,0.06183669475830801,4393.980828325408,1015.9246324453918,4053.274194583521,585.4598997825175,8869.64897260274,3727.6323372836027
train_audio/rubthr1/iNat1105306.ogg,iNat1105306.ogg,rubthr1,Rufous-bellied Thrush,Turdus rufiventris,train,30.4,0.017996963,0.0061899815,0.03879691198711205,0.06114243205054982,2470.570344656466,785.0114722790535,3829.0633362214935,243.02605009932816,6740.777880063125,1110.116391789271
train_audio/rubthr1/iNat1666862.ogg,iNat1666862.ogg,rubthr1,Rufous-bellied Thrush,Turdus rufiventris,train,11.184,0.01797457,0.0038601374,0.24488351004464284,0.04887088208372686,4936.200178647104,363.0822402145698,3940.313692477605,253.76320122819493,9904.70982142857,717.2957431182092
train_audio/rubthr1/XC251882.ogg,XC251882.ogg,rubthr1,Rufous-bellied Thrush,Turdus rufiventris,train,185.688,0.0896429,0.07044481,0.13071973985707824,0.09784279059747591,3743.556713605522,1455.3028245590485,3053.316849962246,633.0639788827483,6419.051837411684,2060.405553546645
train_audio/rubthr1/iNat544859.ogg,iNat544859.ogg,rubthr1,Rufous-bellied Thrush,Turdus rufiventris,train,18.9939375,0.003945484,0.0015290009,0.1265301945233586,0.050263809869183974,2721.0636376983293,600.5776145422894,2650.228201813591,410.87045617307183,5064.249263468014,976.1768083339114
train_audio/rubthr1/iNat850317.ogg,iNat850317.ogg,rubthr1,Rufous-bellied Thrush,Turdus rufiventris,train,17.1946875,0.0055205263,0.0042992393,0.18170603197674418,0.10159527104023741,3080.6945807927987,1474.7797883204964,2434.005603500485,556.6319540258037,5414.665697674419,2085.281552312173
train_audio/rubthr1/XC678305.ogg,XC678305.ogg,rubthr1,Rufous-bellied Thrush,Turdus rufiventris,train,68.12734375,0.010693384,0.009742629,0.13958731633836308,0.01482312644572109,2970.2244327306744,233.45093860653023,2394.4041576512664,229.60962297073937,5365.440787928605,936.7707358668764
train_audio/rubthr1/iNat1666863.ogg,iNat1666863.ogg,rubthr1,Rufous-bellied Thrush,Turdus rufiventris,train,46.728,0.003991937,0.0019458696,0.16457033924597742,0.047781933335259215,4246.398111380213,447.8998550235045,4092.6139227207987,198.41370410417525,9556.273536460116,585.498980273616
train_audio/rubthr1/XC812895.ogg,XC812895.ogg,rubthr1,Rufous-bellied Thrush,Turdus rufiventris,train,50.96796875,0.026303278,0.027075209,0.16627018719593534,0.04090964952927866,3618.256139233557,690.2190583062509,2740.04309684075,555.0491725254155,5819.925062774639,1732.330184530886
train_audio/rubthr1/XC82478.ogg,XC82478.ogg,rubthr1,Rufous-bellied Thrush,Turdus rufiventris,train,3.03021875,0.05737612,0.047931336,0.2218030427631579,0.052073575980626445,4394.401548950947,644.8221053707559,3025.4134782547253,569.7364511012419,7306.25,1624.92155681112
train_audio/rubthr1/XC293351.ogg,XC293351.ogg,rubthr1,Rufous-bellied Thrush,Turdus rufiventris,train,53.1069375,0.052407723,0.054439247,0.20071727339043674,0.0517339681965887,3511.4463692180875,578.0777098685833,2165.11554825233,380.7438446274322,5209.615022590361,1069.553179964184
train_audio/rubthr1/XC451334.ogg,XC451334.ogg,rubthr1,Rufous-bellied Thrush,Turdus rufiventris,train,42.57959375,0.005211605,0.006101873,0.08659801870069497,0.030972255743585468,2314.112481946033,495.2643229105927,2852.5402079323953,444.39993908365506,5546.634344477836,1772.4047844983052
train_audio/rubthr1/XC457477.ogg,XC457477.ogg,rubthr1,Rufous-bellied Thrush,Turdus rufiventris,train,22.282,0.033076927,0.025929831,0.36452806723348885,0.03817179184360023,5338.783877144161,502.08604968030926,2945.3121516099677,276.4131690549716,7698.772882268485,1103.16141810367
train_audio/rubthr1/iNat544636.ogg,iNat544636.ogg,rubthr1,Rufous-bellied Thrush,Turdus rufiventris,train,35.7546875,0.020342754,0.015821645,0.08294948091442952,0.05264241296242664,1820.4992703607418,638.8462306486911,1954.5534206228301,422.3906690009827,2775.803970917226,974.1859355303127
train_audio/rubthr1/XC292644.ogg,XC292644.ogg,rubthr1,Rufous-bellied Thrush,Turdus rufiventris,train,86.56978125,0.05631202,0.0845987,0.21163847371095915,0.06440975905491553,3944.4306132583515,827.5364003565653,2770.8579867895846,669.4373427006674,5751.663278506746,2148.2606426897787
train_audio/rubthr1/iNat776743.ogg,iNat776743.ogg,rubthr1,Rufous-bellied Thrush,Turdus rufiventris,train,28.0,0.0014796511,0.0002671283,0.07883636805753855,0.06256527598544115,2852.166753508527,912.6565875338182,3679.593965302444,264.79745425655824,6320.13849229012,1612.2138222311896
train_audio/rubthr1/iNat1705419.ogg,iNat1705419.ogg,rubthr1,Rufous-bellied Thrush,Turdus rufiventris,train,22.31434375,0.0018367734,0.002121322,0.0877576164874552,0.04127552343590134,2483.1593271061843,455.875220748176,3282.439676984784,625.6051341767021,4265.221774193548,1543.1576694872433
train_audio/rubthr1/iNat1199240.ogg,iNat1199240.ogg,rubthr1,Rufous-bellied Thrush,Turdus rufiventris,train,55.423125,0.017134175,0.007451295,0.06582803704171478,0.06431980695436197,2398.134630292154,1125.7154856278123,3211.430188100967,482.5296951272518,4754.149826789839,2229.2682406160416
train_audio/rubthr1/iNat1146651.ogg,iNat1146651.ogg,rubthr1,Rufous-bellied Thrush,Turdus rufiventris,train,4.754,0.001058761,0.00028416255,0.0706696990352349,0.030445660639127667,3307.890086728419,485.259177498589,3943.42371687792,368.7053827322485,7583.840184563758,1485.9667625750928
train_audio/rubthr1/XC174817.ogg,XC174817.ogg,rubthr1,Rufous-bellied Thrush,Turdus rufiventris,train,21.2636875,0.019866649,0.0059788083,0.11588100780662151,0.06338393319412355,2378.733291100492,699.0134173543613,2277.990105888496,288.88051679711214,4328.077972159518,1560.1382397556515
train_audio/rubthr1/iNat870334.ogg,iNat870334.ogg,rubthr1,Rufous-bellied Thrush,Turdus rufiventris,train,13.44,0.0037070054,0.005602293,0.19059573796076099,0.11692797013116815,4987.073786827279,1156.0773232756148,3871.9434039094062,727.5132135383848,9572.82996432818,1389.0460743046644
train_audio/rubthr1/XC203427.ogg,XC203427.ogg,rubthr1,Rufous-bellied Thrush,Turdus rufiventris,train,65.544,0.01253348,0.016717104,0.17596764782157676,0.05224120376633454,3202.8519431299987,699.04177098627,2044.1820073437502,599.2311920513532,4952.674975591896,1827.0985414648626
train_audio/rubthr1/XC575517.ogg,XC575517.ogg,rubthr1,Rufous-bellied Thrush,Turdus rufiventris,train,14.208,0.02112067,0.004516447,0.0619210928712036,0.03260365500922088,2230.1354869800803,407.7242221153201,2972.0493764316966,236.1699389189726,4146.899606299213,1007.4921840508916
train_audio/rubthr1/XC293361.ogg,XC293361.ogg,rubthr1,Rufous-bellied Thrush,Turdus rufiventris,train,90.93225,0.07632095,0.1260755,0.20784201679055242,0.06675685854708505,3979.0142384367737,921.4220433488858,2754.0898939880494,631.663216915124,6128.873262667136,2223.519516369936
train_audio/rubthr1/iNat1654873.ogg,iNat1654873.ogg,rubthr1,Rufous-bellied Thrush,Turdus rufiventris,train,24.53334375,0.018313562,0.017280335,0.09949542148794002,0.060530757914215756,2695.6897508300963,1215.4084744196646,3063.039851129327,692.2319377257927,5449.2544002607565,3250.734123115543
train_audio/rubthr1/XC212138.ogg,XC212138.ogg,rubthr1,Rufous-bellied Thrush,Turdus rufiventris,train,35.57878125,0.022309186,0.017756972,0.2629857783694919,0.06802266734055654,5505.390121316113,740.2525858930072,3961.6162568217337,360.81818884013586,10309.268210431655,1254.5519101033146
train_audio/rubthr1/iNat1251399.ogg,iNat1251399.ogg,rubthr1,Rufous-bellied Thrush,Turdus rufiventris,train,25.032,0.0039927796,0.003599754,0.04756358576277955,0.04394569493577928,1358.714018712465,654.0595040898943,1821.2605868449548,393.0236510835435,2463.3186900958467,1341.7359492843436
train_audio/rubthr1/iNat1630816.ogg,iNat1630816.ogg,rubthr1,Rufous-bellied Thrush,Turdus rufiventris,train,6.03428125,0.019754244,0.005703414,0.08357747395833333,0.02976435923673224,3022.0170740613216,386.5305488462317,3655.339108419533,231.58221748130367,7122.437169312169,795.0012622931331
train_audio/rubthr1/iNat539246.ogg,iNat539246.ogg,rubthr1,Rufous-bellied Thrush,Turdus rufiventris,train,14.0596875,0.012374705,0.011674342,0.13986452556171786,0.11516637354377786,3232.289664666727,1346.2167422551645,3478.304345318701,688.6096892576479,6712.635096700797,3208.000481769758
train_audio/rubthr1/XC1053005.ogg,XC1053005.ogg,rubthr1,Rufous-bellied Thrush,Turdus rufiventris,train,8.254,0.0029786078,0.0021003906,0.20461066194282945,0.05150205535014031,4450.599348664526,653.2942525434482,3830.8778770975887,484.9491255862534,8767.472141472868,1564.5286897905173
train_audio/rubthr1/iNat712464.ogg,iNat712464.ogg,rubthr1,Rufous-bellied Thrush,Turdus rufiventris,train,3.996,0.008021446,0.005434111,0.146826171875,0.0382039999520365,3756.5181858365477,600.9015066709024,3622.3094555352673,244.82994106130116,7687.4375,1073.5068645710887
train_audio/rubthr1/iNat537275.ogg,iNat537275.ogg,rubthr1,Rufous-bellied Thrush,Turdus rufiventris,train,5.33334375,0.042697545,0.006087095,0.38905051225673654,0.04343348762251361,6838.001190037969,277.4547826393872,4476.866079458937,80.70842805347328,11969.030688622754,151.79341526640204
train_audio/rubthr1/iNat1666865.ogg,iNat1666865.ogg,rubthr1,Rufous-bellied Thrush,Turdus rufiventris,train,38.784,0.005994579,0.0018380706,0.08996335373711341,0.050096633284026186,3459.2197993240297,551.5483273134358,3999.9072040903184,164.59080321324225,8588.801546391753,696.1385270367733
train_audio/rubthr1/iNat1677445.ogg,iNat1677445.ogg,rubthr1,Rufous-bellied Thrush,Turdus rufiventris,train,20.17815625,0.01686599,0.005660076,0.037094672395007924,0.01682035742313634,2000.7122681436856,301.48392079526684,2849.4380027470697,228.3198206625541,4445.498217115689,681.6000183252444
train_audio/rubthr1/XC32481.ogg,XC32481.ogg,rubthr1,Rufous-bellied Thrush,Turdus rufiventris,train,9.79590625,0.026299575,0.0226009,0.27492942623368677,0.07215895504844629,4682.774077272138,844.8316932554318,3087.2103481244994,227.6211004921764,6975.300774877651,1035.9908000813484
train_audio/rubthr1/XC394330.ogg,XC394330.ogg,rubthr1,Rufous-bellied Thrush,Turdus rufiventris,train,27.95103125,0.0066163763,0.007559563,0.18607791929021178,0.038831637343100835,3652.597665387574,397.91386543586606,3001.827283672915,356.28865652022904,6910.292644533486,1154.6916865853202
train_audio/rubthr1/iNat319381.ogg,iNat319381.ogg,rubthr1,Rufous-bellied Thrush,Turdus rufiventris,train,12.48,0.0034387975,0.004089715,0.14980231173975672,0.0450284444915606,2750.832445873407,398.60398056647875,1725.99392129387,358.9548162378095,4479.7535211267605,804.0006621442042
train_audio/rubthr1/XC799775.ogg,XC799775.ogg,rubthr1,Rufous-bellied Thrush,Turdus rufiventris,train,5.90596875,0.023149028,0.015349019,0.17377005912162163,0.061670337042582714,3884.7131922312665,1021.4266856434363,2830.6529140635653,339.24190006235426,6448.733108108108,1520.8600137101712
train_audio/rubthr1/XC188005.ogg,XC188005.ogg,rubthr1,Rufous-bellied Thrush,Turdus rufiventris,train,20.16653125,0.04702299,0.043968584,0.1353816880204203,0.031715417174567315,2286.489549491342,411.95636235489786,1397.188958386622,354.42360667626076,3575.027260111023,801.8046482504537
train_audio/rubthr1/XC393257.ogg,XC393257.ogg,rubthr1,Rufous-bellied Thrush,Turdus rufiventris,train,6.24325,0.0029250223,0.0011985091,0.2615589034526854,0.05469405635484563,5459.490317926862,432.09849064990107,3660.743067990318,200.8342832879738,9685.342071611252,696.9498040794977
train_audio/rubthr1/XC387821.ogg,XC387821.ogg,rubthr1,Rufous-bellied Thrush,Turdus rufiventris,train,26.1,0.052704457,0.04910538,0.15769150677849264,0.05223999249543802,2722.425269235082,821.0349353234697,1406.0358281275965,575.5002329289897,3647.6332720588234,1826.4932993641914
train_audio/rubthr1/iNat1650335.ogg,iNat1650335.ogg,rubthr1,Rufous-bellied Thrush,Turdus rufiventris,train,13.952,0.032434724,0.03172605,0.16315920765320732,0.06633869766869496,3268.2621631298452,614.0154550090981,2760.7555549222147,391.5066418746624,5910.3307560137455,1193.7498094944528
train_audio/rubthr1/XC289115.ogg,XC289115.ogg,rubthr1,Rufous-bellied Thrush,Turdus rufiventris,train,106.8930625,0.027387716,0.041773397,0.14935194020356235,0.03913798233532893,3411.9582926237213,523.3028130311102,3039.3221642321964,630.8991316702541,6279.9332996557405,1730.675036129797
train_audio/rubthr1/iNat363018.ogg,iNat363018.ogg,rubthr1,Rufous-bellied Thrush,Turdus rufiventris,train,28.63021875,0.003924299,0.003617885,0.2727615441689944,0.0617428459628387,4289.8811402638685,734.977579362174,2948.3684452115076,453.7639565813147,6598.481145251397,1185.743351066793
train_audio/rubthr1/XC394261.ogg,XC394261.ogg,rubthr1,Rufous-bellied Thrush,Turdus rufiventris,train,11.33715625,0.0012010916,0.0011818912,0.23130068758815234,0.051817076732410906,5184.180088323294,554.1709603451708,3906.9577287122597,356.1702382271099,9998.457334273624,1210.3916627271446
train_audio/rubthr1/iNat312537.ogg,iNat312537.ogg,rubthr1,Rufous-bellied Thrush,Turdus rufiventris,train,17.67040625,0.0080021,0.004274803,0.051396793693438914,0.0396382209954865,2438.564446629089,649.4177203026924,3517.106201725131,324.6446795368938,5533.413461538462,1617.1328209945852
train_audio/rubthr1/XC289056.ogg,XC289056.ogg,rubthr1,Rufous-bellied Thrush,Turdus rufiventris,train,46.08,0.092604294,0.10627825,0.158850042574193,0.031672755141877125,3118.58120040891,571.6226680329721,2122.681898925829,664.0346055790199,4213.9122700451235,1467.8628175012443
train_audio/rubthr1/iNat1278985.ogg,iNat1278985.ogg,rubthr1,Rufous-bellied Thrush,Turdus rufiventris,train,26.51734375,0.004009432,0.004205758,0.1450101072451749,0.027467133771107925,3667.6177831144078,552.4899257924151,3637.263532562999,497.8777673155718,7767.387288902292,1440.8490934254785
train_audio/rubthr1/XC598625.ogg,XC598625.ogg,rubthr1,Rufous-bellied Thrush,Turdus rufiventris,train,14.968,0.038933363,0.024281407,0.10706348908253205,0.0909736750716462,2016.5606719350076,1213.862604204901,2420.1240575729817,607.1706059725316,3136.284722222222,2227.023059383881
train_audio/rubthr1/iNat1622143.ogg,iNat1622143.ogg,rubthr1,Rufous-bellied Thrush,Turdus rufiventris,train,27.97890625,0.0039925547,0.003386875,0.07977130905160092,0.0692972532022881,2368.4345840493115,997.0851787337594,3046.387079713816,567.722649522294,4339.318896512293,2212.9213410505445
train_audio/rubthr1/iNat1684008.ogg,iNat1684008.ogg,rubthr1,Rufous-bellied Thrush,Turdus rufiventris,train,4.0106875,0.067602985,0.060150944,0.12652514940239043,0.04326847215859595,2944.290251243617,364.6914874600137,2709.559000593706,476.99414231170033,6120.019920318725,1501.5802462847143
train_audio/rubthr1/XC293367.ogg,XC293367.ogg,rubthr1,Rufous-bellied Thrush,Turdus rufiventris,train,74.8408125,0.0773372,0.084172115,0.15973487518036555,0.04155418312622909,3182.075073400524,413.6891483644445,2602.6121778449074,516.3139026778617,5048.337964942283,1089.1912078289715
train_audio/rubthr1/iNat870811.ogg,iNat870811.ogg,rubthr1,Rufous-bellied Thrush,Turdus rufiventris,train,0.288,0.43065482,0.09054736,0.12055407072368421,0.032977071417220484,2353.458661157001,459.04536074896333,2073.066031551913,383.6794096373718,3351.9736842105262,236.27891280524082
train_audio/rubthr1/XC82480.ogg,XC82480.ogg,rubthr1,Rufous-bellied Thrush,Turdus rufiventris,train,16.19590625,0.036807273,0.04796952,0.1985313965325765,0.05799475016587237,3491.006328411728,654.234703418384,2475.517408786943,474.1401700333521,4910.5688548864755,1061.5228868261845
train_audio/rubthr1/iNat321534.ogg,iNat321534.ogg,rubthr1,Rufous-bellied Thrush,Turdus rufiventris,train,30.976,0.00691812,0.0039747627,0.04483188201794011,0.03822806779049587,1207.4874881928433,356.99570569220936,1423.506605747169,171.8361792413154,2322.2041171915334,467.9162290715279
train_audio/rubthr1/iNat1256577.ogg,iNat1256577.ogg,rubthr1,Rufous-bellied Thrush,Turdus rufiventris,train,31.4630625,0.003348468,0.0018061014,0.07312402691281139,0.038119337419032735,2333.1099346396827,355.8409454771689,3194.7982207118384,417.74330919847745,4647.210218607016,1286.9457442092043
train_audio/rubthr1/XC200174.ogg,XC200174.ogg,rubthr1,Rufous-bellied Thrush,Turdus rufiventris,train,33.01878125,0.046679836,0.026824426,0.15862753224927326,0.03647988657144213,3605.74732370338,393.150415823105,3425.2562138949675,252.02539753755144,6912.238069282946,656.8877415954884
train_audio/rubthr1/iNat1181925.ogg,iNat1181925.ogg,rubthr1,Rufous-bellied Thrush,Turdus rufiventris,train,8.52140625,0.014765872,0.002260641,0.029181446411819887,0.0206617309319065,839.8541042626618,237.09816613474325,1501.7970229149198,243.45366959088707,1517.530487804878,868.9340422892324
train_audio/rubthr1/XC144561.ogg,XC144561.ogg,rubthr1,Rufous-bellied Thrush,Turdus rufiventris,train,19.38284375,0.032016,0.013781264,0.16335263897483498,0.04102145283558197,3477.4960101854977,480.2485836737293,2608.2671558194015,298.1825074120681,5182.240099009901,745.5274928047895
train_audio/rubthr1/XC855452.ogg,XC855452.ogg,rubthr1,Rufous-bellied Thrush,Turdus rufiventris,train,9.69275,0.0023969957,0.0028886658,0.2518620758560231,0.10705241357137903,5197.689341978908,1124.3075814077845,3513.6041502781904,410.90153219331853,8561.159240924093,1400.043822894985
train_audio/rubthr1/XC289116.ogg,XC289116.ogg,rubthr1,Rufous-bellied Thrush,Turdus rufiventris,train,68.72815625,0.05846805,0.06290666,0.14894669459962756,0.031709066157217254,3427.979693994748,600.5844357328244,3074.803906965182,626.5400026340463,6175.250232774674,2147.862093069167
train_audio/rubthr1/XC293371.ogg,XC293371.ogg,rubthr1,Rufous-bellied Thrush,Turdus rufiventris,train,21.1853125,0.059895094,0.060332425,0.16430129716981132,0.03729294792558828,3834.6642168057174,540.5138474273333,3348.921341350236,393.77969705298597,7504.044811320755,1642.67634605415
train_audio/rubthr1/XC292636.ogg,XC292636.ogg,rubthr1,Rufous-bellied Thrush,Turdus rufiventris,train,50.72978125,0.047286943,0.07096694,0.17510634091177862,0.04900167362083001,3649.2626892561,626.157755539332,2994.3496564351426,533.8423997571224,6301.659571113213,1618.3459901616968
train_audio/rubthr1/XC212464.ogg,XC212464.ogg,rubthr1,Rufous-bellied Thrush,Turdus rufiventris,train,120.03265625,0.020054871,0.022302568,0.1472772219237305,0.0307239822289707,4058.046299544838,538.5346981566146,4083.2662980657806,440.4120291924966,8904.586082233773,1670.4128435395317
train_audio/rubthr1/iNat573857.ogg,iNat573857.ogg,rubthr1,Rufous-bellied Thrush,Turdus rufiventris,train,24.9846875,0.024910498,0.0066852346,0.06194107114276569,0.03185538472951777,1766.282145876791,553.8250376652969,2550.894820419735,544.3217379556152,3199.7939340588987,1576.6125047192884
train_audio/rubthr1/iNat1714629.ogg,iNat1714629.ogg,rubthr1,Rufous-bellied Thrush,Turdus rufiventris,train,7.638875,0.020409567,0.018584343,0.19247066226464435,0.07421464546107848,5022.511266833596,988.5244047400308,3942.4017172593594,385.40211500217697,9404.354079497907,1088.5394421168335
train_audio/rubthr1/iNat822051.ogg,iNat822051.ogg,rubthr1,Rufous-bellied Thrush,Turdus rufiventris,train,10.03103125,0.005877551,0.0044732243,0.09317371909888357,0.04035722513364394,2053.0586587963658,373.5609562072923,2458.596222118342,390.4242514102442,3304.25139553429,943.175904804271
train_audio/rubthr1/XC293364.ogg,XC293364.ogg,rubthr1,Rufous-bellied Thrush,Turdus rufiventris,train,57.15590625,0.045970142,0.06273357,0.1836146587688917,0.06500274083305992,3693.4182673489845,978.35970096597,2883.613809973678,626.4601776754263,6351.101140498181,2172.9118814593253
train_audio/rubthr1/iNat1082349.ogg,iNat1082349.ogg,rubthr1,Rufous-bellied Thrush,Turdus rufiventris,train,3.38890625,0.038971208,0.023285203,0.045956017836084904,0.041270163553640334,2182.8464363266557,480.6709731334861,3255.420399648521,402.2299478925456,4434.625589622641,948.5916596293699
train_audio/rubthr1/iNat1234331.ogg,iNat1234331.ogg,rubthr1,Rufous-bellied Thrush,Turdus rufiventris,train,9.93815625,0.009742284,0.0022643728,0.056740322297025726,0.04808581793099416,2881.252618811991,614.0461135384772,4016.283416025681,380.88991807152723,7207.897909967845,1477.5274610608628
train_audio/rubthr1/XC342094.ogg,XC342094.ogg,rubthr1,Rufous-bellied Thrush,Turdus rufiventris,train,83.232,0.010045001,0.010144913,0.18134754363468192,0.05252631462972206,3244.370088127005,568.8597194765671,2296.0870711235466,431.71760343658053,5009.087305400731,1411.2560268997245
train_audio/rubthr1/XC1070609.ogg,XC1070609.ogg,rubthr1,Rufous-bellied Thrush,Turdus rufiventris,train,96.012,0.009491895,0.02947046,0.15780800856107316,0.06083609311918912,2851.819638159204,655.898046100128,2011.468787493164,407.147580626514,4786.131998833528,924.6688998811179
train_audio/rubthr1/iNat1627934.ogg,iNat1627934.ogg,rubthr1,Rufous-bellied Thrush,Turdus rufiventris,train,34.2494375,0.0021260474,0.0014886013,0.2525698052895843,0.06450655317382283,4781.632785689982,481.8009700110379,3436.722628919707,287.0027974477154,7595.815331620738,604.5697497459277
train_audio/rubthr1/XC358018.ogg,XC358018.ogg,rubthr1,Rufous-bellied Thrush,Turdus rufiventris,train,8.3591875,0.027408654,0.021500595,0.1821531802700765,0.0713376282325496,3788.583228922942,947.6565114488172,2769.818674465251,504.6128154702982,6120.996653919694,1909.741486004937
train_audio/rubthr1/XC289057.ogg,XC289057.ogg,rubthr1,Rufous-bellied Thrush,Turdus rufiventris,train,99.47428125,0.06931726,0.0766316,0.18018104256292217,0.055958979111326884,3693.0358609056484,792.2356512004376,2771.779351251389,696.082622154451,5824.428574300418,1947.869970959734
train_audio/rubthr1/XC1006659.ogg,XC1006659.ogg,rubthr1,Rufous-bellied Thrush,Turdus rufiventris,train,12.251,0.0109640015,0.011590802,0.15571263564784596,0.03162506195795044,3474.12022003041,526.8947063998138,3137.0015457615004,513.9606695756424,6541.408289817233,1701.804430129608
train_audio/rubthr1/XC520336.ogg,XC520336.ogg,rubthr1,Rufous-bellied Thrush,Turdus rufiventris,train,26.51428125,0.014824427,0.0058759856,0.2259355091789807,0.06312599695126653,4308.140372468654,478.47512808925984,3266.6617136976606,245.18603695470384,7911.894978890229,859.1188511371791
train_audio/rubthr1/iNat288755.ogg,iNat288755.ogg,rubthr1,Rufous-bellied Thrush,Turdus rufiventris,train,8.307,0.01443889,0.015417278,0.08916485126201923,0.06911686917114704,3498.6892291820564,658.336272040957,3740.1150229070117,812.3357136749705,7410.697115384615,1943.2492964962128
train_audio/rubthr1/XC676516.ogg,XC676516.ogg,rubthr1,Rufous-bellied Thrush,Turdus rufiventris,train,152.372,0.046622764,0.057963125,0.11364376960507665,0.044629848078888444,2442.087321051239,361.72179301565217,2432.2023444558836,672.1165514179,3871.0953905921883,1426.5336742515085
train_audio/rubthr1/iNat1581115.ogg,iNat1581115.ogg,rubthr1,Rufous-bellied Thrush,Turdus rufiventris,train,13.125,0.0066365707,0.011871502,0.2319996098507917,0.0783245850032678,5203.214790748446,695.4104171410586,4052.6493049059814,468.97424428024334,9245.755937880633,230.42462859152937
train_audio/rubthr1/iNat52896.ogg,iNat52896.ogg,rubthr1,Rufous-bellied Thrush,Turdus rufiventris,train,28.551,0.0027772118,0.003673647,0.1591517857142857,0.05197880554608507,3071.3283944427717,637.4849107866928,2383.3028681810874,395.48968416106686,5611.913515406162,1203.2930034962649
train_audio/rubthr1/iNat1720250.ogg,iNat1720250.ogg,rubthr1,Rufous-bellied Thrush,Turdus rufiventris,train,10.9975625,0.00070249574,0.000117905845,0.059067127316497096,0.022699280334696002,2846.9809370817243,352.4503431013456,3643.25270863858,114.15045858880411,7038.562863372093,577.9664008569098
train_audio/rubthr1/iNat295189.ogg,iNat295189.ogg,rubthr1,Rufous-bellied Thrush,Turdus rufiventris,train,9.83365625,0.0042116297,0.0040083947,0.15201108358739837,0.07246265789430893,3702.0301194324243,1364.7130652698884,3464.429634887463,911.9651542107798,6778.658536585366,3467.1868664360854
train_audio/rubthr1/XC440383.ogg,XC440383.ogg,rubthr1,Rufous-bellied Thrush,Turdus rufiventris,train,18.096,0.059890147,0.054043192,0.1821629824149735,0.04841050523769626,3967.4235374981918,649.6403350425427,3340.8751924282615,371.6814844919381,7417.5408568904595,1717.496160988894
train_audio/rubthr1/XC812902.ogg,XC812902.ogg,rubthr1,Rufous-bellied Thrush,Turdus rufiventris,train,340.923875,0.022930263,0.02841909,0.15497718726534634,0.02569628474987565,3427.989108300221,741.8446747896519,2691.0772546405788,798.7626272076984,5377.225543223202,2456.456320835016
train_audio/rubthr1/XC147038.ogg,XC147038.ogg,rubthr1,Rufous-bellied Thrush,Turdus rufiventris,train,3.52653125,0.0041559637,0.0005750952,0.12796724759615385,0.021140358444775856,3499.3582369695528,315.2196019363085,3465.536773951189,206.52093671849107,7760.817307692308,590.2353003383388
train_audio/rubthr1/iNat838375.ogg,iNat838375.ogg,rubthr1,Rufous-bellied Thrush,Turdus rufiventris,train,18.1340625,0.0085848365,0.011760194,0.10998039985670194,0.06472936983058501,2659.1370972255795,912.7831188192148,2934.779479379994,449.8885404228802,5147.88635361552,1742.9321663215474
train_audio/rubthr1/iNat714751.ogg,iNat714751.ogg,rubthr1,Rufous-bellied Thrush,Turdus rufiventris,train,42.98015625,0.0020838664,0.0081574,0.1659832788658355,0.09037633704811893,3969.4055083333465,1003.9727512577889,3539.2682037169843,703.3325795240754,7298.770701525866,1880.61952636253
train_audio/rubthr1/iNat297915.ogg,iNat297915.ogg,rubthr1,Rufous-bellied Thrush,Turdus rufiventris,train,9.380875,0.007597574,0.001380235,0.04596581532155026,0.018320914831886376,2043.5810977401536,475.7426611823961,2802.9656586540036,383.8948878036712,4919.585817717206,1345.9700904787858
train_audio/rubthr1/XC115202.ogg,XC115202.ogg,rubthr1,Rufous-bellied Thrush,Turdus rufiventris,train,25.4955,0.068163015,0.06716991,0.12083214887860727,0.02243767963013281,2357.6551509327187,283.0750255826789,1876.9102394019892,395.04102821255356,3815.7151819322457,789.0362958419329
train_audio/rubthr1/iNat829410.ogg,iNat829410.ogg,rubthr1,Rufous-bellied Thrush,Turdus rufiventris,train,14.72084375,0.009764282,0.0018122952,0.029396545874049947,0.01641509523853271,1170.830522132994,235.8193688586715,2129.757429991903,213.46245625403878,2079.058089033659,603.8608597680527
train_audio/rubthr1/XC293352.ogg,XC293352.ogg,rubthr1,Rufous-bellied Thrush,Turdus rufiventris,train,132.5975625,0.062616885,0.06358847,0.1701557645466337,0.06878406475293916,3377.171881007949,915.1085700766442,2585.286591108248,568.257377592672,5457.0746108832045,1831.3808976729335
train_audio/rubthr1/XC236543.ogg,XC236543.ogg,rubthr1,Rufous-bellied Thrush,Turdus rufiventris,train,85.896,0.004736157,0.010954438,0.2810291866502142,0.0665506446814443,5550.35759214204,1082.1034674309456,4094.441051932518,704.2681493826049,10570.407082324455,2799.4064743657973
train_audio/rubthr1/XC556651.ogg,XC556651.ogg,rubthr1,Rufous-bellied Thrush,Turdus rufiventris,train,14.28896875,0.049494702,0.07027323,0.21768932641219238,0.07064836495956077,4453.987173634224,1065.2905790184036,3569.1301314904395,680.0575615295497,8276.233920581655,2639.445092878193
train_audio/rubthr1/iNat1227683.ogg,iNat1227683.ogg,rubthr1,Rufous-bellied Thrush,Turdus rufiventris,train,16.1843125,0.003603804,0.0031528627,0.14824884588068182,0.08955587332504844,4083.7979496181097,1251.354456187896,3785.612031960622,651.0226620931193,8325.021615612648,2481.6014426227784
train_audio/rubthr1/XC670414.ogg,XC670414.ogg,rubthr1,Rufous-bellied Thrush,Turdus rufiventris,train,87.51021875,0.033563778,0.03841809,0.13353679873171848,0.06323741656683388,2464.469911112967,871.5941184074604,2021.1205990228905,629.7345206644313,3992.9130484460693,1815.5039873032988
train_audio/rubthr1/iNat1241099.ogg,iNat1241099.ogg,rubthr1,Rufous-bellied Thrush,Turdus rufiventris,train,30.37046875,0.012970773,0.014010236,0.18180672804765666,0.07952527058116345,3329.0889667520655,961.5649952195621,2036.0066079813148,468.3414422502211,5103.812862032649,1114.2114742098606
train_audio/rubthr1/iNat1707784.ogg,iNat1707784.ogg,rubthr1,Rufous-bellied Thrush,Turdus rufiventris,train,0.288,0.5217476,0.20998853,0.14206414473684212,0.05010798831296079,2977.140148948314,1047.8970937693039,2342.062158480021,961.1949097464744,4898.848684210527,2242.7948438228877
train_audio/rubthr1/iNat851734.ogg,iNat851734.ogg,rubthr1,Rufous-bellied Thrush,Turdus rufiventris,train,38.38,0.010317861,0.01126787,0.12044528644747812,0.044989493876735114,2755.335036404653,610.3626931639075,2598.3324117451425,672.0794809028121,4886.684556065027,2115.6536591676136
train_audio/rubthr1/XC537184.ogg,XC537184.ogg,rubthr1,Rufous-bellied Thrush,Turdus rufiventris,train,35.970625,0.0509103,0.05157247,0.019966556316696308,0.03675249424648307,1702.2468204133668,1126.27529903725,2751.2507219816393,809.0023137306819,3761.7135393508224,2854.285352391839
train_audio/rubthr1/XC383124.ogg,XC383124.ogg,rubthr1,Rufous-bellied Thrush,Turdus rufiventris,train,13.11346875,0.022893978,0.043713406,0.17328267911585366,0.05589703577048254,3414.4159694764594,762.9058996999674,2635.828208123489,440.21473341316744,6127.286585365854,1242.1569925288593
train_audio/rubthr1/XC32479.ogg,XC32479.ogg,rubthr1,Rufous-bellied Thrush,Turdus rufiventris,train,11.20653125,0.022476388,0.012338771,0.17591289786911554,0.01868292312787378,3976.2583862457213,363.09528358491633,3331.651967268521,275.5176914367399,7937.656027104137,864.4569799869101
train_audio/rubthr1/XC293504.ogg,XC293504.ogg,rubthr1,Rufous-bellied Thrush,Turdus rufiventris,train,131.39590625,0.044805445,0.05068569,0.22757770645622794,0.07550923265710434,4474.849864673316,901.2025744794136,3070.5309862800286,524.6660629076326,7626.2251917691465,1912.037822453909
train_audio/rubthr1/iNat306438.ogg,iNat306438.ogg,rubthr1,Rufous-bellied Thrush,Turdus rufiventris,train,21.76,0.0050588064,0.0023647153,0.09226040135929464,0.05126401705669022,1538.6197560810438,551.7814210609304,1144.2615139971035,175.19775682259424,2816.7133541513595,634.0825575557251
train_audio/rubthr1/iNat588517.ogg,iNat588517.ogg,rubthr1,Rufous-bellied Thrush,Turdus rufiventris,train,18.48309375,0.024721544,0.03751204,0.11144301470588236,0.053876734094960306,2702.3040599392198,820.816360562125,2716.52727011324,505.94428406936845,5070.83964100346,1314.8768760347505
train_audio/rubthr1/XC148701.ogg,XC148701.ogg,rubthr1,Rufous-bellied Thrush,Turdus rufiventris,train,5.136,0.08982524,0.089175366,0.10575686626552795,0.04263143876387003,2767.941716452955,508.4446496032126,2860.314480202922,715.9417241462068,4706.861413043478,1864.9739599450393
train_audio/rubthr1/XC289118.ogg,XC289118.ogg,rubthr1,Rufous-bellied Thrush,Turdus rufiventris,train,36.10121875,0.0694602,0.07031795,0.1814511104342047,0.05294736310866325,3914.842130011455,529.9906502657342,3425.7797850611637,453.08133941411387,7557.245513956579,1579.3857251705447
train_audio/rubthr1/iNat546228.ogg,iNat546228.ogg,rubthr1,Rufous-bellied Thrush,Turdus rufiventris,train,0.1045,0.393055,0.10860197,0.12827845982142858,0.029481970033719197,2666.031710878542,135.79974573071956,2208.952722364891,105.86237114021722,4363.839285714285,30.929478706587094
train_audio/rubthr1/iNat588095.ogg,iNat588095.ogg,rubthr1,Rufous-bellied Thrush,Turdus rufiventris,train,22.151,0.031578377,0.003912405,0.07806259871389892,0.022890347635393667,2280.4498123632407,322.31078688379256,2756.838430847602,188.9375122545378,4627.01940433213,830.3019189006252
train_audio/rubthr1/XC513653.ogg,XC513653.ogg,rubthr1,Rufous-bellied Thrush,Turdus rufiventris,train,207.672,0.034932867,0.017128646,0.12808392117681047,0.05407895129844616,3974.7534997169255,552.4829269602664,3871.681419356342,327.4903348579277,8168.542950693374,1023.0240596308521
train_audio/rubthr1/iNat1205025.ogg,iNat1205025.ogg,rubthr1,Rufous-bellied Thrush,Turdus rufiventris,train,7.5555625,0.063629575,0.022989612,0.05720426466701903,0.029709080733180356,2318.6877889690218,364.7600873104002,3416.475121770645,305.21755274814404,4584.467494714588,1661.46674832252
train_audio/rubthr1/iNat1438943.ogg,iNat1438943.ogg,rubthr1,Rufous-bellied Thrush,Turdus rufiventris,train,25.16940625,0.0021144913,0.0058325236,0.12759000009926938,0.03849625833340035,3479.524549759337,420.2532765480267,3156.6454526077664,200.74424597285488,6479.0541613723,679.2110652406408
train_audio/rubthr1/iNat1627927.ogg,iNat1627927.ogg,rubthr1,Rufous-bellied Thrush,Turdus rufiventris,train,20.36390625,0.0016027977,0.0012043181,0.2275179662951689,0.04404527286587652,4559.450341443051,353.2612308040134,3601.6763691632686,241.31763960134737,7523.357717989003,713.997023215972
train_audio/rubthr1/XC292645.ogg,XC292645.ogg,rubthr1,Rufous-bellied Thrush,Turdus rufiventris,train,84.92409375,0.06614667,0.08492927,0.1466859244006688,0.04899015935115569,3223.6639734933947,873.0674624108897,2678.2094536596655,938.8751488544783,5179.001624905803,2512.5314653300507
train_audio/rubthr1/iNat1278988.ogg,iNat1278988.ogg,rubthr1,Rufous-bellied Thrush,Turdus rufiventris,train,26.51734375,0.004009432,0.004205758,0.1450101072451749,0.027467133771107925,3667.6177831144078,552.4899257924151,3637.263532562999,497.8777673155718,7767.387288902292,1440.8490934254785
train_audio/rubthr1/XC677767.ogg,XC677767.ogg,rubthr1,Rufous-bellied Thrush,Turdus rufiventris,train,7.99346875,0.11415222,0.10992758,0.1750107421875,0.07429427296347003,3366.2755032218743,1027.6182532134674,2316.823584749719,680.7631877323744,5141.0625,2230.45127598234
train_audio/rubthr1/XC289061.ogg,XC289061.ogg,rubthr1,Rufous-bellied Thrush,Turdus rufiventris,train,148.71509375,0.063457735,0.07325762,0.16622181154182356,0.04085553695615164,3558.441146315564,601.8195320037481,2861.103916271842,637.4224433921225,5687.7941769768695,1981.6856555491527
train_audio/rubthr1/XC289111.ogg,XC289111.ogg,rubthr1,Rufous-bellied Thrush,Turdus rufiventris,train,98.429375,0.08930521,0.11600427,0.17657169098971878,0.09276136025390562,3444.2039499506077,993.0048021087398,2497.4719326611876,909.3584922284948,5437.792079811444,2486.9889160740913
train_audio/rubthr1/iNat51132.ogg,iNat51132.ogg,rubthr1,Rufous-bellied Thrush,Turdus rufiventris,train,14.3035,0.06586307,0.04510822,0.07899014261744966,0.04091521851746225,2916.78797134038,761.7033405195591,3760.291520540817,495.2334804786757,6768.508808724832,2434.8769750100337
train_audio/rubthr1/iNat772456.ogg,iNat772456.ogg,rubthr1,Rufous-bellied Thrush,Turdus rufiventris,train,33.2974375,0.0028926923,0.0034738616,0.2647415439631364,0.09290556699179914,4741.4558490651425,1101.0721512788746,3085.6067109880305,520.480270357913,7566.980367435159,1404.1428994328915
train_audio/rubthr1/XC293511.ogg,XC293511.ogg,rubthr1,Rufous-bellied Thrush,Turdus rufiventris,train,46.23675,0.07250231,0.08307321,0.1991234591262976,0.037228457514265054,3801.9775502447337,479.5689870717071,2550.9328635569295,514.8452789893581,5556.720371972318,1091.3870754936077
train_audio/rubthr1/XC52189.ogg,XC52189.ogg,rubthr1,Rufous-bellied Thrush,Turdus rufiventris,train,22.85715625,0.08788227,0.10445762,0.1304226895993702,0.019013393795205998,2219.060699113459,370.1940506394006,760.7007647092809,439.57007393934737,2651.690430370889,815.9928424663236
train_audio/rubthr1/iNat160456.ogg,iNat160456.ogg,rubthr1,Rufous-bellied Thrush,Turdus rufiventris,train,9.7291875,0.0027641142,0.0028558525,0.08131205741995073,0.05205630825420084,1539.8677985153233,611.9161617283436,1915.1649771939194,651.994532450052,2211.822660098522,1055.9471711788779
train_audio/rubthr1/iNat1672514.ogg,iNat1672514.ogg,rubthr1,Rufous-bellied Thrush,Turdus rufiventris,train,0.144,0.593876,0.15951902,0.07412109375,0.021200404915451537,2206.0453740617836,421.90353584818774,2220.3266023783754,390.73860242028155,3351.5625,651.667407621595
train_audio/rubthr1/XC284280.ogg,XC284280.ogg,rubthr1,Rufous-bellied Thrush,Turdus rufiventris,train,74.8669375,0.053648405,0.06451313,0.17885418753338675,0.05158871475823786,3457.9545807239233,729.3428020951524,2369.2905650991515,624.6498620735623,4999.442441239316,1705.8739271247491
train_audio/rubthr1/iNat1670702.ogg,iNat1670702.ogg,rubthr1,Rufous-bellied Thrush,Turdus rufiventris,train,12.875,0.02773181,0.016082987,0.21622488839285714,0.08699764306276259,4998.9614873918445,889.3549300810183,3716.834807289749,405.44802279928706,9101.766304347826,625.3907728885493
train_audio/rubthr1/iNat559281.ogg,iNat559281.ogg,rubthr1,Rufous-bellied Thrush,Turdus rufiventris,train,75.23265625,0.01189121,0.008992106,0.0753383810865405,0.03365132256930416,1833.6379885825197,451.7050157634698,2400.0710335627796,531.7453793586836,2802.0777960876035,1168.9276839998115
train_audio/rubthr1/XC293507.ogg,XC293507.ogg,rubthr1,Rufous-bellied Thrush,Turdus rufiventris,train,114.80815625,0.065526746,0.05881574,0.23605186777104237,0.06252084312059028,4188.595855396816,783.4133985800985,2230.8910261925434,477.8783813804291,5862.294889214047,1445.4989955859508
train_audio/rubthr1/XC1694.ogg,XC1694.ogg,rubthr1,Rufous-bellied Thrush,Turdus rufiventris,train,9.22121875,0.058048744,0.034532458,0.12372979175693241,0.04089744598173818,3892.7951611387157,485.5959690357362,3863.7612626543396,561.0129451254162,8232.316941074523,1924.8192595995247
train_audio/rubthr1/XC1048627.ogg,XC1048627.ogg,rubthr1,Rufous-bellied Thrush,Turdus rufiventris,train,76.98,0.021790719,0.029294416,0.1963755162874065,0.05219743830064741,4315.201377101527,781.1537674862406,3486.8951675932567,650.1793446366111,7902.0092996674975,2455.754887194327
train_audio/rubthr1/XC214654.ogg,XC214654.ogg,rubthr1,Rufous-bellied Thrush,Turdus rufiventris,train,137.79590625,0.041881103,0.044424772,0.2926194755565715,0.11813507591752492,5670.2816140206105,1124.74834941678,3518.815863335633,399.80712151121946,9277.719725995588,1291.3076004885206
train_audio/rubthr1/iNat1697203.ogg,iNat1697203.ogg,rubthr1,Rufous-bellied Thrush,Turdus rufiventris,train,8.1734375,0.00459816,0.0020281293,0.16273047639432486,0.09071575210309853,3628.081674143421,1027.0720398381395,3225.53049319525,329.06379909973697,6277.060909980431,1352.345002866498
train_audio/rubthr1/iNat856943.ogg,iNat856943.ogg,rubthr1,Rufous-bellied Thrush,Turdus rufiventris,train,17.55428125,0.008945897,0.0035135185,0.1201323073201275,0.037225450330534836,3378.199858309769,478.34704000282477,3733.4659609908526,288.0157559300605,7990.280623861567,1164.1961672109937
train_audio/rubthr1/iNat1281125.ogg,iNat1281125.ogg,rubthr1,Rufous-bellied Thrush,Turdus rufiventris,train,39.12534375,0.0025472783,0.0033211817,0.15163628117334424,0.03401125594212139,3982.2137925371344,535.8516383536751,4121.745183901274,623.4074228756288,9432.817610384302,1952.4485066101356
train_audio/rubthr1/iNat148785.ogg,iNat148785.ogg,rubthr1,Rufous-bellied Thrush,Turdus rufiventris,train,26.618,0.03756776,0.049785547,0.2809313260591947,0.1435917593491033,5479.111021577055,2012.1666670367454,3296.7033321711506,978.6414435335723,8655.320387620191,3773.0015115488923
train_audio/rubthr1/iNat554940.ogg,iNat554940.ogg,rubthr1,Rufous-bellied Thrush,Turdus rufiventris,train,8.2346875,0.013762866,0.014575791,0.17775428549757283,0.07367730828427822,3981.5978851579503,1161.9176601109066,3183.822049419647,905.3169489620153,7065.4429611650485,3472.5239360705255
train_audio/rubthr1/XC52192.ogg,XC52192.ogg,rubthr1,Rufous-bellied Thrush,Turdus rufiventris,train,4.28409375,0.061724108,0.036733866,0.11530543085354478,0.020130966869705884,1941.0004786352397,354.1577510000362,1020.4599374386833,292.8305397574627,2746.09375,712.4065121081173
train_audio/rubthr1/XC131424.ogg,XC131424.ogg,rubthr1,Rufous-bellied Thrush,Turdus rufiventris,train,77.64,0.041446015,0.038370837,0.19843174486142592,0.09267310482981936,3659.72157855893,1004.8711595421446,2698.9987171406037,455.31300506606965,6645.8633834741395,1631.2804609118223
train_audio/rubthr1/XC1032057.ogg,XC1032057.ogg,rubthr1,Rufous-bellied Thrush,Turdus rufiventris,train,22.970375,0.012496636,0.020164112,0.13699043295177576,0.02933509319069071,2249.7580281167848,344.58917220204626,1204.7174393110315,331.98903089868867,3042.8272980501392,504.29138559475126
train_audio/rubthr1/XC351258.ogg,XC351258.ogg,rubthr1,Rufous-bellied Thrush,Turdus rufiventris,train,44.669375,0.039895307,0.016350973,0.11191958889237107,0.042892303910124434,3228.261068512547,449.6497514148704,2901.782279823377,326.51347380402245,5513.705453080229,380.88259047627747
train_audio/rubthr1/XC974088.ogg,XC974088.ogg,rubthr1,Rufous-bellied Thrush,Turdus rufiventris,train,5.511,0.02304711,0.018860182,0.0956337749094203,0.03422008119343387,3406.0222025948733,471.79789984461564,3797.2015269957687,487.0918862336916,7730.978260869565,1504.0500256307548
train_audio/rubthr1/iNat950752.ogg,iNat950752.ogg,rubthr1,Rufous-bellied Thrush,Turdus rufiventris,train,13.4444375,0.008760449,0.0101462975,0.18466727203478003,0.06944348481393338,4121.900722335353,855.6126787756473,3495.2613280854875,545.7242023903572,7595.60790725327,2169.295194416525
train_audio/rubthr1/XC973698.ogg,XC973698.ogg,rubthr1,Rufous-bellied Thrush,Turdus rufiventris,train,53.76490625,0.024942672,0.042374242,0.16376903730288606,0.02638027271705514,3280.007959742272,365.7201370574037,2437.538962626657,334.79614982776303,5679.699122285034,1006.746505980515
train_audio/rubthr1/iNat1688310.ogg,iNat1688310.ogg,rubthr1,Rufous-bellied Thrush,Turdus rufiventris,train,17.3191875,0.0060840324,0.0052265697,0.31744908890235457,0.09907938381915299,5693.906296033953,882.3597213638387,3027.6141738076035,443.2392029182921,8136.816135734072,610.6552339481703
train_audio/rubthr1/iNat1239185.ogg,iNat1239185.ogg,rubthr1,Rufous-bellied Thrush,Turdus rufiventris,train,16.46909375,0.01703776,0.025047055,0.05752047936893204,0.033389900552815384,2074.5410222899845,691.2808275907013,2976.2879410594296,561.4167090189086,4219.96359223301,1888.6366838016825
train_audio/rubthr1/iNat815154.ogg,iNat815154.ogg,rubthr1,Rufous-bellied Thrush,Turdus rufiventris,train,6.87503125,0.03106869,0.020111788,0.1389035247093023,0.09063604395736345,3129.34278835762,1057.1548311052127,3087.0295875843376,490.2027794679504,5370.603197674419,1778.7739942644373
train_audio/rubthr1/iNat1691286.ogg,iNat1691286.ogg,rubthr1,Rufous-bellied Thrush,Turdus rufiventris,train,20.61934375,0.002757654,0.0009636765,0.048471289517067494,0.03421692439945818,2102.508511762275,741.0570845838065,2944.627517678048,439.5701723113451,4618.429984484096,1845.904064445817
train_audio/rubthr1/XC293509.ogg,XC293509.ogg,rubthr1,Rufous-bellied Thrush,Turdus rufiventris,train,49.1363125,0.06992599,0.09039805,0.15019400914510092,0.04000815394318606,3258.5101169538066,624.832197440668,2719.263878507359,799.9679467442406,5150.3550211588545,2028.553933788559
train_audio/rubthr1/XC422231.ogg,XC422231.ogg,rubthr1,Rufous-bellied Thrush,Turdus rufiventris,train,39.0008125,0.01137598,0.0119879395,0.2913438829855414,0.06463236796878322,4619.985188462458,557.3254559656541,3457.648093610646,365.850987860099,7281.339725184577,672.6093852776689
train_audio/rubthr1/XC82474.ogg,XC82474.ogg,rubthr1,Rufous-bellied Thrush,Turdus rufiventris,train,46.02775,0.051393457,0.06318128,0.19857670343456726,0.07270833993739083,4382.161555508108,1047.5274885588883,3364.076603180641,735.3201607155287,7823.590111226972,2652.52908304162
train_audio/rubthr1/XC210713.ogg,XC210713.ogg,rubthr1,Rufous-bellied Thrush,Turdus rufiventris,train,34.056,0.005653608,0.00911627,0.11445872108384218,0.052211161806342804,2508.199565610818,713.4487703616475,2448.6506658972426,545.1747090717381,3963.4658290277125,1556.3563203180518
train_audio/rubthr1/XC940068.ogg,XC940068.ogg,rubthr1,Rufous-bellied Thrush,Turdus rufiventris,train,94.928,0.027312996,0.009737046,0.07501881043035895,0.038148312324922884,2625.807228137546,483.093837958295,3352.9904031953547,285.2744566266064,5674.157924671385,1250.604689305839
train_audio/rubthr1/XC934139.ogg,XC934139.ogg,rubthr1,Rufous-bellied Thrush,Turdus rufiventris,train,434.58371875,0.046323236,0.064065926,0.09407117048864222,0.04717858733235879,2468.2861704394413,298.1167910228992,2766.3689936856786,887.4917115170895,4362.050497938296,1746.9023415550153
train_audio/rubthr1/iNat856789.ogg,iNat856789.ogg,rubthr1,Rufous-bellied Thrush,Turdus rufiventris,train,17.22921875,0.013532401,0.016399348,0.07964334160283194,0.04057024951859174,2825.2369095496224,834.7846253352061,3554.407205189755,799.2628190518262,6436.208797585887,2836.424507524332
train_audio/rubthr1/XC761456.ogg,XC761456.ogg,rubthr1,Rufous-bellied Thrush,Turdus rufiventris,train,5.75003125,0.02553565,0.021567522,0.11628146701388889,0.049594547120891765,3090.923687948875,296.42853652240194,3408.2508870899546,690.3265723940414,5961.328125,2297.7071455022224
train_audio/rubthr1/XC586910.ogg,XC586910.ogg,rubthr1,Rufous-bellied Thrush,Turdus rufiventris,train,190.667,0.034547582,0.015523663,0.05476604620762356,0.04009478582194732,1751.6176294656982,256.28838626161894,2671.061660827279,318.0251509321345,2912.085938155576,535.8851511529184
train_audio/rubthr1/iNat1251487.ogg,iNat1251487.ogg,rubthr1,Rufous-bellied Thrush,Turdus rufiventris,train,16.3461875,0.0310838,0.031506304,0.04806417028498043,0.048557235650090985,1626.6996415202775,873.6131051677248,2189.080044512135,564.6802805834793,3295.544887475538,1899.616567862747
train_audio/rubthr1/XC1665.ogg,XC1665.ogg,rubthr1,Rufous-bellied Thrush,Turdus rufiventris,train,45.87103125,0.031532176,0.03703039,0.06467299632673526,0.0583931862120007,3182.7040879332058,694.667680050072,3790.78777606638,607.3286271077399,7357.320369724451,1785.8817741517846
train_audio/rubthr1/iNat1650616.ogg,iNat1650616.ogg,rubthr1,Rufous-bellied Thrush,Turdus rufiventris,train,19.806625,0.00648775,0.0029938812,0.06760249962136511,0.046190739821327445,2066.2327372863424,583.9798912145832,2968.468662821351,551.7193568330129,3771.620052504039,1927.144793743156
train_audio/rubthr1/iNat842426.ogg,iNat842426.ogg,rubthr1,Rufous-bellied Thrush,Turdus rufiventris,train,10.72,0.0067437617,0.009484621,0.19234788328986588,0.11348300885019087,3853.5104792778075,1426.148751792899,3235.9197806301963,527.0560574967473,7092.7719821162445,1931.1753181609226
train_audio/rubthr1/iNat1679742.ogg,iNat1679742.ogg,rubthr1,Rufous-bellied Thrush,Turdus rufiventris,train,16.14134375,0.060873065,0.05635947,0.13100600455277503,0.019915292578853303,3601.902362322727,482.26081495375246,3811.369256515802,553.6374511396965,7288.450817641229,2260.0681199649193
train_audio/rubthr1/XC82495.ogg,XC82495.ogg,rubthr1,Rufous-bellied Thrush,Turdus rufiventris,train,55.92815625,0.021964446,0.043435086,0.1843567592873999,0.03581676867273889,3499.832262401919,326.7606458559734,2876.6559783941484,397.7990088906605,5819.199620995423,803.2958494036213
train_audio/rubthr1/iNat1248624.ogg,iNat1248624.ogg,rubthr1,Rufous-bellied Thrush,Turdus rufiventris,train,35.776,0.007153531,0.007818012,0.15071956547552526,0.03198301259371374,3746.412196607543,637.6362155595986,3650.833518640315,599.4757768585945,7837.337952615109,2112.1505450409745
train_audio/rubthr1/XC52191.ogg,XC52191.ogg,rubthr1,Rufous-bellied Thrush,Turdus rufiventris,train,4.12734375,0.055837277,0.088217355,0.21173426901647288,0.05899364046259248,3128.907762467041,592.8036522541432,1566.0007806942738,420.5143753825134,4772.34738372093,1125.7337572768747
train_audio/rubthr1/iNat336992.ogg,iNat336992.ogg,rubthr1,Rufous-bellied Thrush,Turdus rufiventris,train,43.8,0.013418207,0.0072734817,0.15538543188458728,0.07114506420809594,3330.044034212346,1209.3518369086723,3230.6806360229434,548.9664261138722,7098.549351716581,1829.3507213339844
train_audio/rubthr1/XC677048.ogg,XC677048.ogg,rubthr1,Rufous-bellied Thrush,Turdus rufiventris,train,87.624,0.10058106,0.0669271,0.0890676886011959,0.048542738795077006,2063.4258823513333,543.161489226782,2327.6578437381463,441.88071054334125,3549.8134243198833,1515.8640505252274
train_audio/rubthr1/XC82477.ogg,XC82477.ogg,rubthr1,Rufous-bellied Thrush,Turdus rufiventris,train,22.83103125,0.019358983,0.04466124,0.18956775304397336,0.04579650657683524,3694.023736651135,532.7086961415754,2917.6004817039666,385.14759927424547,6557.988787666433,1375.202990091062
train_audio/rubthr1/XC472331.ogg,XC472331.ogg,rubthr1,Rufous-bellied Thrush,Turdus rufiventris,train,22.32,0.0713453,0.06652154,0.20962375761103152,0.14721984520225287,3959.5234664283093,2093.471037760132,2504.9539546890264,865.5615999264381,5760.8121418338105,3167.4606713891585
train_audio/rubthr1/iNat826071.ogg,iNat826071.ogg,rubthr1,Rufous-bellied Thrush,Turdus rufiventris,train,19.73696875,0.011076026,0.012834984,0.1881849390954214,0.04496938605282805,4431.667732392649,720.9747499157316,3575.2594092623594,511.8957483590325,8638.763675040518,1959.552909653436
train_audio/rubthr1/XC508152.ogg,XC508152.ogg,rubthr1,Rufous-bellied Thrush,Turdus rufiventris,train,48.32653125,0.069542766,0.043347336,0.2405948077002648,0.07139350786804534,4726.972356657057,615.4575271839441,3418.735105823505,271.77822803808385,8281.17759020192,741.1471559025028
train_audio/rubthr1/iNat1682587.ogg,iNat1682587.ogg,rubthr1,Rufous-bellied Thrush,Turdus rufiventris,train,0.192,0.36853355,0.074979074,0.13600510817307693,0.03746430844755269,2669.5047220395204,442.35073540199284,1964.6714430252273,284.18533894601575,4451.923076923077,567.4019030313606
train_audio/rubthr1/XC578124.ogg,XC578124.ogg,rubthr1,Rufous-bellied Thrush,Turdus rufiventris,train,37.12,0.006091122,0.0032144224,0.18905804004200777,0.030045507132927286,3560.2535590704792,329.39338504891873,2767.75497938122,294.35318564551784,6754.597964239552,740.8418451217608
train_audio/rubthr1/iNat1656411.ogg,iNat1656411.ogg,rubthr1,Rufous-bellied Thrush,Turdus rufiventris,train,12.18753125,0.042199552,0.027738329,0.13288362758366143,0.0787100779767986,3988.3542573361124,1142.9054962667901,4650.801026066252,389.3849870248887,10149.114173228347,1711.6892474430758
train_audio/rubthr1/XC678142.ogg,XC678142.ogg,rubthr1,Rufous-bellied Thrush,Turdus rufiventris,train,29.496,0.007688583,0.0053456714,0.10388130634829176,0.05722047075645645,1816.2934358873372,734.9555874879507,1989.651619858834,484.20447976817843,2696.566567245119,1255.5864988318156
train_audio/rubthr1/iNat340577.ogg,iNat340577.ogg,rubthr1,Rufous-bellied Thrush,Turdus rufiventris,train,41.169,0.007307362,0.013336715,0.10803326989850427,0.078465221026507,2966.8034667853244,994.1121209049355,3115.9952236323234,472.9041393192756,6189.145056332556,1160.3172798037508
train_audio/rubthr1/XC268259.ogg,XC268259.ogg,rubthr1,Rufous-bellied Thrush,Turdus rufiventris,train,23.5885625,0.022538576,0.011278566,0.31124668961864405,0.08188960316149721,5486.935760754483,676.751602411119,3778.4127694283825,547.4270370932753,9828.421610169491,963.525883748726
train_audio/rubthr1/XC293368.ogg,XC293368.ogg,rubthr1,Rufous-bellied Thrush,Turdus rufiventris,train,55.04,0.033694997,0.05952132,0.17340866572217378,0.06729787269166114,3794.734257547651,699.5051422226614,3242.779823052132,494.0740983283581,6692.236086893345,1397.4998111150098
train_audio/rubthr1/iNat1388804.ogg,iNat1388804.ogg,rubthr1,Rufous-bellied Thrush,Turdus rufiventris,train,5.079375,0.007330098,0.008941846,0.3565174798545597,0.05791181840737979,6490.530332223693,855.3871912055347,3927.50512217046,230.5176135991932,10989.878144654089,1090.7854285828469
train_audio/rubthr1/iNat1680675.ogg,iNat1680675.ogg,rubthr1,Rufous-bellied Thrush,Turdus rufiventris,train,18.912,0.0071201115,0.004887224,0.13175297508981404,0.04480535319089768,3229.8554845283415,622.723220635511,3075.237359703229,489.6142199428185,5762.772083685545,1418.1714846652117
train_audio/rubthr1/iNat697703.ogg,iNat697703.ogg,rubthr1,Rufous-bellied Thrush,Turdus rufiventris,train,8.3591875,0.005791822,0.0061712144,0.11535947956500955,0.04889915731428783,2613.29940521875,668.8750632341013,2454.381495545938,687.9270685371173,4334.369024856596,1283.7657397671173
train_audio/rubthr1/iNat870485.ogg,iNat870485.ogg,rubthr1,Rufous-bellied Thrush,Turdus rufiventris,train,25.944,0.009765554,0.008925554,0.43635455600724415,0.1420216995157293,7553.751453273068,1524.2177928565086,3507.9878094838623,719.6654136209373,11436.999075215783,942.4974000726577
train_audio/rubthr1/iNat581898.ogg,iNat581898.ogg,rubthr1,Rufous-bellied Thrush,Turdus rufiventris,train,28.029,0.007218937,0.008762425,0.1057126119256564,0.022491615885722824,3169.341347089381,281.54998949656135,3682.605952859971,198.71288936532662,7259.845890410959,723.7188123388391
train_audio/rubthr1/iNat151841.ogg,iNat151841.ogg,rubthr1,Rufous-bellied Thrush,Turdus rufiventris,train,14.7069375,0.09878017,0.059706334,0.03745223335597826,0.029695257555410817,1541.656299084459,647.331652266601,2788.4238060988155,645.1810250052193,3920.227581521739,2942.2348507048
train_audio/rubthr1/XC1050568.ogg,XC1050568.ogg,rubthr1,Rufous-bellied Thrush,Turdus rufiventris,train,142.08153125,0.034950677,0.056698706,0.20331380281640582,0.06415044469418718,4070.05860351089,951.8914439375068,3061.8891161075217,717.9227173750005,6433.566039860376,2166.0109252545967
train_audio/rubthr1/iNat304219.ogg,iNat304219.ogg,rubthr1,Rufous-bellied Thrush,Turdus rufiventris,train,5.248,0.009974128,0.007131477,0.07223148983662614,0.04951069822731771,2301.3754172888225,692.0666696262122,3198.2757059903533,872.2629256990173,4169.690349544073,2126.156538775632
train_audio/rubthr1/iNat302253.ogg,iNat302253.ogg,rubthr1,Rufous-bellied Thrush,Turdus rufiventris,train,22.464,0.0017946613,0.0013497806,0.1016111543594306,0.03602561400850107,1845.063841713311,354.18210504642394,1976.3283573149786,402.5486313551149,2589.4239323843417,688.2988951370639
train_audio/rubthr1/iNat836254.ogg,iNat836254.ogg,rubthr1,Rufous-bellied Thrush,Turdus rufiventris,train,10.64,0.05538702,0.042520385,0.11632750914977477,0.03054681138174518,1968.9005216987778,313.98355726166903,1807.0513099298992,304.991976463868,2427.5290915915916,256.5505469844025
train_audio/rubthr1/XC293347.ogg,XC293347.ogg,rubthr1,Rufous-bellied Thrush,Turdus rufiventris,train,18.4163125,0.08911926,0.072444014,0.24884584214952257,0.07983945490583705,4493.482514327885,841.2201189933274,2725.0609905894066,497.87361209751225,6392.985026041667,1241.4036242819582
train_audio/rubthr1/XC793156.ogg,XC793156.ogg,rubthr1,Rufous-bellied Thrush,Turdus rufiventris,train,29.72734375,0.011233291,0.008716628,0.2738703305805974,0.05290736491688357,4181.198463193831,408.6071073279867,2809.97013505269,199.14924733228307,6826.005785791173,463.5724754441302
train_audio/rubthr1/XC335451.ogg,XC335451.ogg,rubthr1,Rufous-bellied Thrush,Turdus rufiventris,train,20.48,0.007287263,0.0077190315,0.1450778505562061,0.025331866524099505,2949.3113578363364,741.1519154718745,2039.657206632538,977.343832836335,4024.8829039812645,2168.9573233716274
train_audio/rubthr1/XC389639.ogg,XC389639.ogg,rubthr1,Rufous-bellied Thrush,Turdus rufiventris,train,113.2408125,0.009281064,0.008616503,0.07544780040265611,0.04630671538264753,2080.1586587688903,437.8575543762834,2996.5462579745463,440.6270428331332,3352.946630404069,1170.5565891436252
train_audio/rubthr1/XC289102.ogg,XC289102.ogg,rubthr1,Rufous-bellied Thrush,Turdus rufiventris,train,67.57878125,0.048776627,0.07542796,0.16035484545158618,0.04834743357797719,3320.637660192589,636.4930800604712,2609.09826620078,684.9296360940725,4818.444454308712,1933.6714613027568
train_audio/rubthr1/XC212136.ogg,XC212136.ogg,rubthr1,Rufous-bellied Thrush,Turdus rufiventris,train,12.2775625,0.014454796,0.018278347,0.2692635854085286,0.026879826784135672,4404.688097256905,342.9363148164179,2718.0666286509313,343.61620709879935,5083.902994791667,551.3480165975664
train_audio/rubthr1/XC745472.ogg,XC745472.ogg,rubthr1,Rufous-bellied Thrush,Turdus rufiventris,train,30.77225,0.0143128615,0.010250741,0.14240301374090436,0.047690254741927764,3891.486459052486,677.8985731537576,3963.205127389683,402.7898667393376,8634.014423076924,1477.72128384106
train_audio/rubthr1/iNat1694645.ogg,iNat1694645.ogg,rubthr1,Rufous-bellied Thrush,Turdus rufiventris,train,16.1201875,0.0028724293,0.0014191222,0.0624815925719246,0.04051418843790831,1814.1593637737467,403.9483131164552,2296.4993643151897,302.2397903135853,3303.292410714286,824.8495627026277
train_audio/rubthr1/XC52197.ogg,XC52197.ogg,rubthr1,Rufous-bellied Thrush,Turdus rufiventris,train,8.72490625,0.05195835,0.063526526,0.20893518915979853,0.0514375416321652,3064.0759101567173,445.4414891987416,1562.051519429437,282.02342149488123,4779.017857142857,784.0999007323993
train_audio/rubthr1/iNat341203.ogg,iNat341203.ogg,rubthr1,Rufous-bellied Thrush,Turdus rufiventris,train,8.09796875,0.013613594,0.0034886766,0.4463227702785996,0.05304103821135784,7093.058194319312,573.9716194636486,3556.5988290539567,155.34423166275542,10417.344674556212,222.26845424665603
train_audio/rubthr1/XC344861.ogg,XC344861.ogg,rubthr1,Rufous-bellied Thrush,Turdus rufiventris,train,73.7436875,0.03263373,0.04789835,0.23014584237361685,0.06694618078099082,4761.967994854383,969.7462963994142,3663.0529040707993,643.5684997438809,8703.48774137557,2490.9901144423993
train_audio/rubthr1/iNat1268034.ogg,iNat1268034.ogg,rubthr1,Rufous-bellied Thrush,Turdus rufiventris,train,35.99675,0.0071309274,0.008977441,0.08336349826388889,0.06694222964241217,3343.8765948781247,1167.5228026767115,3549.6287566958877,478.9299181825181,6839.444444444444,1917.8524172842458
train_audio/rubthr1/XC144606.ogg,XC144606.ogg,rubthr1,Rufous-bellied Thrush,Turdus rufiventris,train,52.21878125,0.115258776,0.1116954,0.10371009976256128,0.03811354734891138,3282.5709145265323,436.49341166080626,3628.9796690439002,416.5259571399474,6927.988089767156,1081.374250193935
train_audio/rubthr1/iNat1255324.ogg,iNat1255324.ogg,rubthr1,Rufous-bellied Thrush,Turdus rufiventris,train,32.8316875,0.037245315,0.029255064,0.1427839550590887,0.07151435710979342,3441.8708817929537,1014.4323430923087,3363.3420902337034,437.2696329489496,7264.003106725147,1792.851580083426
train_audio/rubthr1/XC419342.ogg,XC419342.ogg,rubthr1,Rufous-bellied Thrush,Turdus rufiventris,train,20.79346875,0.031845763,0.05367462,0.16541165865384616,0.03515439549357038,3405.1773831450337,502.6692820885407,2825.127298736139,395.3698795514638,6146.009615384615,1301.6685918868366
train_audio/rubthr1/XC754853.ogg,XC754853.ogg,rubthr1,Rufous-bellied Thrush,Turdus rufiventris,train,35.448,0.0018133952,0.0015374592,0.1178685818338222,0.01700227364825482,3492.6565087558915,530.969125629932,3866.5151150797356,630.3461920482779,7691.258179151625,2574.9840445335326
train_audio/rubthr1/XC293495.ogg,XC293495.ogg,rubthr1,Rufous-bellied Thrush,Turdus rufiventris,train,60.96978125,0.0864958,0.096829206,0.15880082429972447,0.05050610364029862,3158.248451881841,684.4317102397376,2286.6032782223638,611.7241825332871,4722.366176856468,1720.3193847405266
train_audio/rubthr1/XC349028.ogg,XC349028.ogg,rubthr1,Rufous-bellied Thrush,Turdus rufiventris,train,110.04,0.016840378,0.025131999,0.22453163903478482,0.07154901077386559,3563.1442895726855,755.373884466839,2056.9220789489987,483.7658775529598,4912.476828293108,1324.8062660281582
train_audio/rubthr1/iNat1199110.ogg,iNat1199110.ogg,rubthr1,Rufous-bellied Thrush,Turdus rufiventris,train,24.3113125,0.014150215,0.009275809,0.06319130345394737,0.031402929502208965,2081.956836081745,512.9092258433391,2638.4578038516056,426.123476380907,4254.975328947368,1268.1773451249687
train_audio/rubthr1/iNat386697.ogg,iNat386697.ogg,rubthr1,Rufous-bellied Thrush,Turdus rufiventris,train,5.20128125,0.009321395,0.0034623377,0.134765625,0.04159033595915309,2745.5643309547404,551.4515225047675,2411.2811046430006,231.11176693167423,5147.958205521472,792.2874427842686
train_audio/rubthr1/XC293356.ogg,XC293356.ogg,rubthr1,Rufous-bellied Thrush,Turdus rufiventris,train,123.010625,0.051326882,0.08608341,0.21413606288203926,0.06152257427455678,3951.258111328215,585.6235804713592,2688.0263661693452,471.21678903918723,5904.606011835089,1546.6873443661434
train_audio/rubthr1/iNat1689241.ogg,iNat1689241.ogg,rubthr1,Rufous-bellied Thrush,Turdus rufiventris,train,21.57715625,0.0008148378,0.0005312298,0.12868038825055597,0.05469931626133205,2875.096503683402,617.5240185165122,2908.670260300866,292.6270121732391,5596.935229799852,1109.6591415724968
train_audio/rubthr1/XC293508.ogg,XC293508.ogg,rubthr1,Rufous-bellied Thrush,Turdus rufiventris,train,79.67346875,0.09069377,0.075385526,0.18995679985567268,0.056541129190041076,3548.0291194235347,649.2089398371262,1972.710593050969,422.7221421619572,5037.998870481928,1139.6544807308503
train_audio/rubthr1/iNat151840.ogg,iNat151840.ogg,rubthr1,Rufous-bellied Thrush,Turdus rufiventris,train,6.11265625,0.034116138,0.017079353,0.06613724910248042,0.0716624155679716,2231.0953959263325,2025.8780165618164,2941.123406322641,1713.7488071709613,5108.314295039165,4917.589727792863
train_audio/rubthr1/iNat847119.ogg,iNat847119.ogg,rubthr1,Rufous-bellied Thrush,Turdus rufiventris,train,10.95834375,0.027150802,0.013035729,0.44011462135036494,0.055759632051175005,6278.956847335652,374.5097450340173,4472.0021907462715,250.28360705179216,11466.240875912408,699.662840732179
train_audio/rubthr1/XC118703.ogg,XC118703.ogg,rubthr1,Rufous-bellied Thrush,Turdus rufiventris,train,42.8930625,0.018764844,0.017737752,0.18075111898545318,0.03235703595235662,3787.921026752683,420.0787367071587,3095.5985940626797,353.53416642673983,7181.159082431928,1107.044923281108
train_audio/rubthr1/iNat835288.ogg,iNat835288.ogg,rubthr1,Rufous-bellied Thrush,Turdus rufiventris,train,14.112,0.0064118365,0.0022358955,0.24042625902463194,0.05071444073841922,3325.062206008428,617.990760100603,1883.4250810505118,331.7177161197583,5037.0540770101925,937.0215371426451
train_audio/rubthr1/XC289060.ogg,XC289060.ogg,rubthr1,Rufous-bellied Thrush,Turdus rufiventris,train,111.72571875,0.0683392,0.08974538,0.15240024881855935,0.06076893316499615,3235.3741401040256,799.8439266569012,2600.869756238557,604.9996371047863,5289.7930688815695,2111.383168466195
train_audio/rubthr1/XC293499.ogg,XC293499.ogg,rubthr1,Rufous-bellied Thrush,Turdus rufiventris,train,160.94040625,0.062161718,0.07630039,0.1972040740878815,0.05546272843077265,3899.754047878302,599.700357884139,2529.710792925639,596.0952768441852,5766.628454617755,1779.93891474645
train_audio/rubthr1/iNat321928.ogg,iNat321928.ogg,rubthr1,Rufous-bellied Thrush,Turdus rufiventris,train,58.8625625,0.016707765,0.016854532,0.13936361783093232,0.07406374014069948,2897.404560400621,910.2076306752521,2453.617047084089,322.40005754695375,4996.445195705354,1038.4764559484129
train_audio/rubthr1/iNat1677950.ogg,iNat1677950.ogg,rubthr1,Rufous-bellied Thrush,Turdus rufiventris,train,12.88890625,0.027897263,0.025208,0.2363765896401985,0.09020556472116474,4919.419171202419,877.6210735148983,3319.7508787988863,360.97837247282996,8711.771091811413,760.5347619207652
train_audio/rubthr1/XC610605.ogg,XC610605.ogg,rubthr1,Rufous-bellied Thrush,Turdus rufiventris,train,106.08325,0.008966156,0.016211873,0.12382881717972402,0.046081839292228984,2914.430702825993,502.71826777320905,2677.3890435814737,518.533432964937,4822.5003770170415,1030.484645191982
train_audio/rubthr1/XC32480.ogg,XC32480.ogg,rubthr1,Rufous-bellied Thrush,Turdus rufiventris,train,15.9608125,0.020492414,0.027757663,0.23475760113977956,0.0470649099564003,5166.379550005515,619.9706060263206,4582.8874272779985,381.1533236689538,10989.68248997996,1189.1715613466033
train_audio/rubthr1/XC422746.ogg,XC422746.ogg,rubthr1,Rufous-bellied Thrush,Turdus rufiventris,train,37.7730625,0.016966159,0.004390973,0.3466182645727446,0.05828055534649892,6489.140753235548,450.5956679274676,4334.371841110074,165.2422002731406,11989.900995340957,538.4284759182534
train_audio/rubthr1/XC293345.ogg,XC293345.ogg,rubthr1,Rufous-bellied Thrush,Turdus rufiventris,train,30.8245,0.052518733,0.08364991,0.18182357210041517,0.047824030142293965,3860.8019441382635,692.9124085575065,3135.7402224513635,731.0224678030695,6618.464582252205,2172.96347383141
train_audio/rubthr1/XC293510.ogg,XC293510.ogg,rubthr1,Rufous-bellied Thrush,Turdus rufiventris,train,157.9624375,0.05899745,0.09108514,0.18442397154803505,0.05245925227812848,3828.7292006520693,870.1093689735135,3129.699572904026,779.8350809181098,6968.34960245113,2950.315251449442
train_audio/rubthr1/iNat1650053.ogg,iNat1650053.ogg,rubthr1,Rufous-bellied Thrush,Turdus rufiventris,train,15.0186875,0.011535093,0.004132759,0.020084531416400427,0.010704401564591029,1430.7442986760407,310.99324155828054,2564.715908709543,234.68027822284103,2776.7239084132057,1052.7002191898864
train_audio/rubthr1/XC169856.ogg,XC169856.ogg,rubthr1,Rufous-bellied Thrush,Turdus rufiventris,train,5.32896875,0.012126606,0.01258348,0.23254175243263472,0.09780037618240264,5052.542349317487,1055.8630036243749,3429.629281305737,502.0115025654531,8747.56736526946,2184.47815501543
train_audio/rubthr1/iNat858155.ogg,iNat858155.ogg,rubthr1,Rufous-bellied Thrush,Turdus rufiventris,train,7.92,0.006347308,0.0009584255,0.5198856476814516,0.05067436721661093,8019.438744450636,475.74859063196305,2753.2002132598595,453.42696913192987,9909.683719758064,398.28740252916805
train_audio/rubthr1/iNat157330.ogg,iNat157330.ogg,rubthr1,Rufous-bellied Thrush,Turdus rufiventris,train,29.12065625,0.006368611,0.0074072825,0.1701446985687809,0.06340223185340045,3304.620577347804,808.8493309175421,2555.5142315043813,628.7441639575297,5138.188152114223,1495.4296547731933
train_audio/rubthr1/iNat154988.ogg,iNat154988.ogg,rubthr1,Rufous-bellied Thrush,Turdus rufiventris,train,30.83609375,0.020642763,0.010494455,0.05556655820474585,0.04506715068996347,2429.7630938662664,771.7624064607201,3086.7552990898853,390.32425701096383,5071.86851659751,1583.2447968557246
train_audio/rubthr1/XC153601.ogg,XC153601.ogg,rubthr1,Rufous-bellied Thrush,Turdus rufiventris,train,34.032,0.090922765,0.10678818,0.18465153973801693,0.04345784994831916,4177.327697041829,768.9414281412222,3507.663530827422,699.0258862452772,7828.697720864661,2360.310412818307
train_audio/rubthr1/XC52196.ogg,XC52196.ogg,rubthr1,Rufous-bellied Thrush,Turdus rufiventris,train,5.27675,0.037577778,0.06727054,0.13243223248106062,0.011275823077460596,2241.8720222216216,346.71449808126243,1159.7212990707633,388.42088168689617,3206.628787878788,837.2679099403936
train_audio/rubthr1/iNat878576.ogg,iNat878576.ogg,rubthr1,Rufous-bellied Thrush,Turdus rufiventris,train,72.96,0.06141054,0.08120246,0.1380357497670467,0.06932082548316063,3049.3544113594335,1046.9056698532422,2832.0808823346506,900.5171572011227,4917.034367463276,2579.3754011569963
train_audio/rubthr1/iNat1285898.ogg,iNat1285898.ogg,rubthr1,Rufous-bellied Thrush,Turdus rufiventris,train,33.70459375,0.0042685913,0.003275685,0.1808631292269815,0.04511697742081084,4391.576537877886,747.4379722024765,3536.376882492086,486.817106412752,8091.243474133839,2011.4508603712964
train_audio/rubthr1/XC512533.ogg,XC512533.ogg,rubthr1,Rufous-bellied Thrush,Turdus rufiventris,train,48.32653125,0.080948986,0.058202364,0.1119738329092188,0.049834975785769946,2927.239495763282,501.7183353336094,3046.8120534688583,502.1393296512856,4802.222980801059,1183.1285862502828
train_audio/rubthr1/XC325856.ogg,XC325856.ogg,rubthr1,Rufous-bellied Thrush,Turdus rufiventris,train,23.52,0.0127239395,0.0074842186,0.17698817768524813,0.04343341540260145,4449.663065392788,501.7785890657879,4284.814611143413,210.4805430988777,10137.502124405166,1051.3384863375409
train_audio/rubthr1/iNat1695877.ogg,iNat1695877.ogg,rubthr1,Rufous-bellied Thrush,Turdus rufiventris,train,8.49853125,0.023100473,0.009598477,0.041514920112781954,0.03018625009864613,2145.4866696527993,434.4620032277885,3174.8025373788255,264.397751232886,5227.120535714285,977.811072462617
train_audio/rubthr1/iNat1252741.ogg,iNat1252741.ogg,rubthr1,Rufous-bellied Thrush,Turdus rufiventris,train,28.3946875,0.009413051,0.0077267988,0.14970070422535212,0.03040452221408588,3522.493279769795,514.8999156622591,3244.559068972645,499.9114915826311,6873.829225352113,1496.6950751548259
train_audio/rubthr1/iNat1694816.ogg,iNat1694816.ogg,rubthr1,Rufous-bellied Thrush,Turdus rufiventris,train,9.816,0.011826564,0.0067731813,0.07617903221701955,0.0536725816102001,3125.069684855091,669.636905410536,3983.6524859488068,474.5120484092956,7516.133957654723,2329.002986954777
train_audio/rubthr1/iNat320856.ogg,iNat320856.ogg,rubthr1,Rufous-bellied Thrush,Turdus rufiventris,train,18.75303125,0.0038966653,0.00543076,0.10928175618073316,0.03756003885130852,2480.391677643743,353.43408062387437,2982.0354970210346,320.4632095008001,4297.514386189258,889.9139406953174
train_audio/rubthr1/XC293498.ogg,XC293498.ogg,rubthr1,Rufous-bellied Thrush,Turdus rufiventris,train,103.88896875,0.0540726,0.057501737,0.1883341534012165,0.07785547700701544,3703.8893363267953,947.7950615434635,2985.8684212978096,614.1700680044362,6432.3317677856485,2102.2893644699707
train_audio/rubthr1/XC750296.ogg,XC750296.ogg,rubthr1,Rufous-bellied Thrush,Turdus rufiventris,train,76.584,0.012335381,0.012419662,0.17164202854083976,0.036801741169716615,4379.476288328687,815.3643756417674,3962.9676904189537,729.1323800917135,8782.604580112806,2909.3743403742274
train_audio/rubthr1/iNat1190157.ogg,iNat1190157.ogg,rubthr1,Rufous-bellied Thrush,Turdus rufiventris,train,7.48603125,0.08058567,0.017715534,0.06967293502938034,0.024583683877498128,2302.381812171501,441.0791034039166,3161.8760807083763,338.72314001738056,5910.189636752137,1383.7898484645889
train_audio/rubthr1/XC1003072.ogg,XC1003072.ogg,rubthr1,Rufous-bellied Thrush,Turdus rufiventris,train,8.9616875,0.011871579,0.01493476,0.21074688753342247,0.030253169949820167,4442.92524644997,426.34534944321507,3370.7934030482893,240.48804384573322,8301.164215686274,1165.1703489813347
train_audio/rubthr1/iNat335481.ogg,iNat335481.ogg,rubthr1,Rufous-bellied Thrush,Turdus rufiventris,train,8.66134375,0.0022973225,0.0018819825,0.1541112920894834,0.04599601162183337,3458.099501421529,739.6425107760193,3114.7789931214256,740.6862386684256,6018.507841328414,1833.6526286402323
train_audio/rubthr1/XC284277.ogg,XC284277.ogg,rubthr1,Rufous-bellied Thrush,Turdus rufiventris,train,75.04978125,0.02639489,0.038633864,0.1676400371056278,0.05035863683717334,3651.377321217257,650.7222484926833,3065.022711354391,375.65336983590424,6331.862209550202,1404.0456880374977
train_audio/rubthr1/iNat1022679.ogg,iNat1022679.ogg,rubthr1,Rufous-bellied Thrush,Turdus rufiventris,train,31.04509375,0.0114217065,0.0026048836,0.043066104375965995,0.023602483178595313,1777.6644724626146,414.6941039599673,2426.254249312682,310.2826800877028,3836.3359737248843,1018.5191758808705
train_audio/rubthr1/XC150154.ogg,XC150154.ogg,rubthr1,Rufous-bellied Thrush,Turdus rufiventris,train,259.00409375,0.052447144,0.04395764,0.27671689918844206,0.0682387611928982,4844.632528292671,670.9617832369853,2704.6936127845393,211.65227885805945,6467.404481714851,625.1173834956022
train_audio/rubthr1/XC162280.ogg,XC162280.ogg,rubthr1,Rufous-bellied Thrush,Turdus rufiventris,train,91.584,0.007591773,0.011320029,0.32050141580240177,0.11873047865133603,5979.795067433716,1262.884687422168,3542.635497065929,374.41753578323255,9629.257641921396,1352.530545474923
train_audio/rubthr1/iNat164564.ogg,iNat164564.ogg,rubthr1,Rufous-bellied Thrush,Turdus rufiventris,train,6.192,0.0014229281,0.0011709135,0.13555467743234537,0.14681473286648225,2428.7028372309046,2038.8406661955173,2293.3721926717553,945.5041216140812,4090.004832474227,3458.193074503688
train_audio/rubthr1/iNat551817.ogg,iNat551817.ogg,rubthr1,Rufous-bellied Thrush,Turdus rufiventris,train,10.15871875,0.009507712,0.0090639535,0.1452855868602362,0.07773577346329587,3352.108617422658,1111.8746680448162,3267.7856708707177,672.43064836042,6008.292322834645,2533.5909322760326
train_audio/rubthr1/XC8997.ogg,XC8997.ogg,rubthr1,Rufous-bellied Thrush,Turdus rufiventris,train,18.4424375,0.06569455,0.055471186,0.22497272739592367,0.04740093599428504,4795.320271286496,635.1923889582677,3613.979787876184,394.48105868962847,8754.079032957503,1572.4967785759777
train_audio/rubthr1/XC82475.ogg,XC82475.ogg,rubthr1,Rufous-bellied Thrush,Turdus rufiventris,train,14.5763125,0.067237325,0.082736306,0.21177700109649122,0.06693750572901086,4508.964668874243,1181.0749124603094,3267.4384150187575,879.9184328017706,7602.727521929824,3446.01688514126
train_audio/rubthr1/XC418792.ogg,XC418792.ogg,rubthr1,Rufous-bellied Thrush,Turdus rufiventris,train,6.16490625,0.042927284,0.019267963,0.0789801246761658,0.045170785529841065,3458.250204118157,748.1859908529486,3614.4660851198087,343.3398670774138,7442.317033678756,1378.319964473184
train_audio/rubthr1/XC289104.ogg,XC289104.ogg,rubthr1,Rufous-bellied Thrush,Turdus rufiventris,train,84.95021875,0.035772182,0.06472305,0.15269483433380415,0.04354991236925622,3267.325900698964,539.1672376477352,2757.303363104536,792.9063540771267,5487.423493408663,1700.8928852119225
train_audio/rubthr1/iNat312467.ogg,iNat312467.ogg,rubthr1,Rufous-bellied Thrush,Turdus rufiventris,train,13.38921875,0.01402906,0.014441347,0.06296202956989247,0.0399476413419715,1828.033766938534,769.1915646972525,2848.9824474128063,653.0801658047714,3264.2062425328554,1883.336664673524
train_audio/rubthr1/iNat142171.ogg,iNat142171.ogg,rubthr1,Rufous-bellied Thrush,Turdus rufiventris,train,15.4876875,0.0033672343,0.00244113,0.19013712228822313,0.05587630410691775,3774.183973397684,564.7010199853509,2961.8619916850635,403.0629223966519,6046.632877066116,1054.6227845400629
train_audio/rubthr1/XC1051800.ogg,XC1051800.ogg,rubthr1,Rufous-bellied Thrush,Turdus rufiventris,train,458.74978125,0.014419688,0.024070453,0.2781930650983538,0.06787762769585835,4849.9507705982005,818.1680655051275,2945.440287257788,409.012655308952,7214.694431849888,1589.8822858258281
train_audio/rubthr1/iNat1657041.ogg,iNat1657041.ogg,rubthr1,Rufous-bellied Thrush,Turdus rufiventris,train,10.93053125,0.03110888,0.02728783,0.23343056126644737,0.10192910298685921,4900.847496028501,1026.9845516718028,3063.386077030184,394.3576352141296,8294.796235380118,936.1289341660903
train_audio/rubthr1/XC1049910.ogg,XC1049910.ogg,rubthr1,Rufous-bellied Thrush,Turdus rufiventris,train,24.704,0.00885877,0.0062597548,0.2009133545711974,0.050616829956805755,2931.765896331821,318.34469222063444,1626.343422430236,203.12965484950163,4831.654530744337,573.479538021745
train_audio/rubthr1/XC422277.ogg,XC422277.ogg,rubthr1,Rufous-bellied Thrush,Turdus rufiventris,train,14.8375625,0.03227402,0.051677767,0.207916259765625,0.04835801528760399,3705.0300502346186,453.10518360274756,3170.0614145751592,479.07809519722986,6416.9921875,1209.1387431869473
train_audio/rubthr1/iNat1070308.ogg,iNat1070308.ogg,rubthr1,Rufous-bellied Thrush,Turdus rufiventris,train,8.4981875,0.0036431234,0.0023245534,0.06004941553101504,0.07354875866053823,2602.7598458261077,1378.1378784518333,3705.3001173850907,645.8051461238795,5952.9781484962405,3328.813059371776
train_audio/rubthr1/XC491660.ogg,XC491660.ogg,rubthr1,Rufous-bellied Thrush,Turdus rufiventris,train,28.316,0.004186518,0.0069193123,0.1617438537252825,0.04819715736175193,3336.66586968022,722.8427997633291,2571.52019504633,507.5154662535134,5367.002118644068,1363.5082025329912
train_audio/rubthr1/iNat1641914.ogg,iNat1641914.ogg,rubthr1,Rufous-bellied Thrush,Turdus rufiventris,val,5.26903125,0.050035276,0.022680908,0.14273792613636363,0.04635509549428698,4157.658350057898,811.796377198656,4100.550239717744,420.71546913240536,9064.0625,1304.1592448083666
train_audio/rubthr1/iNat826354.ogg,iNat826354.ogg,rubthr1,Rufous-bellied Thrush,Turdus rufiventris,val,22.59303125,0.0049982173,0.0063074324,0.03986075172505308,0.031630763295817696,2306.8663784160935,516.0698327751625,3470.257771088724,332.9809944710711,5531.371638358103,1559.8403205255267
train_audio/rubthr1/XC577278.ogg,XC577278.ogg,rubthr1,Rufous-bellied Thrush,Turdus rufiventris,val,44.8,0.030753847,0.022630967,0.10643467874196716,0.04382327094272409,2849.2552095709807,373.27756152503457,3041.5574297641724,520.3587439427254,4700.581265619422,1125.6629236492251
train_audio/rubthr1/XC974643.ogg,XC974643.ogg,rubthr1,Rufous-bellied Thrush,Turdus rufiventris,val,4.336,0.020757226,0.011009816,0.087799072265625,0.046135391616035096,3003.531032973979,711.0931993945333,3269.8808466244645,502.2482121274913,5982.594209558823,1741.0251978901504
train_audio/rubthr1/XC695280.ogg,XC695280.ogg,rubthr1,Rufous-bellied Thrush,Turdus rufiventris,val,274.78203125,0.04377615,0.04409148,0.19625269871062362,0.07691580074447942,4051.809199685568,961.8456781684524,3305.6672037598014,664.4561655962685,7001.070841097007,2049.3117531167145
train_audio/rubthr1/XC289123.ogg,XC289123.ogg,rubthr1,Rufous-bellied Thrush,Turdus rufiventris,val,53.47265625,0.047437865,0.0584083,0.2161787456999701,0.07073578033986411,3918.8107722452064,703.6697770349118,2624.7858108504415,504.2267896637506,5852.1023407119355,1454.107170618752
train_audio/rubthr1/XC422745.ogg,XC422745.ogg,rubthr1,Rufous-bellied Thrush,Turdus rufiventris,val,11.25878125,0.028611658,0.008563091,0.48832841352982953,0.02263498109018409,8373.21351376047,288.5554427300693,3683.6194868121897,153.09713265956955,13102.183948863636,520.3859190845036
train_audio/rubthr1/XC587128.ogg,XC587128.ogg,rubthr1,Rufous-bellied Thrush,Turdus rufiventris,val,124.734,0.05181224,0.043690648,0.06805391737349281,0.04208455303155936,1765.6819619185394,541.7754068197793,2292.6722340425504,379.43895440201925,3408.029758850693,1300.2111959068218
train_audio/rubthr1/iNat147011.ogg,iNat147011.ogg,rubthr1,Rufous-bellied Thrush,Turdus rufiventris,val,75.11653125,0.011004777,0.008308863,0.07113919811634718,0.027915114501726828,2164.862753134941,418.3061298682555,2830.5964935179923,412.6189313856592,4057.710995740149,1428.0908411134583
train_audio/rubthr1/iNat1132353.ogg,iNat1132353.ogg,rubthr1,Rufous-bellied Thrush,Turdus rufiventris,val,7.76,0.0126448395,0.0037639453,0.06217548386059671,0.035638339673166514,1884.5505593006212,752.4827504416844,2578.291149466109,629.2165287453165,3417.8562242798353,1991.5629757445727
train_audio/rubthr1/XC1723.ogg,XC1723.ogg,rubthr1,Rufous-bellied Thrush,Turdus rufiventris,val,13.5053125,0.053353872,0.047422353,0.09740026349852071,0.03358697116610088,3554.0347477959103,663.172750430647,3934.659757193545,607.1870059810152,7896.690088757397,2447.7664782950465
train_audio/rubthr1/iNat1706157.ogg,iNat1706157.ogg,rubthr1,Rufous-bellied Thrush,Turdus rufiventris,val,47.111375,0.013953243,0.0035054013,0.012786336746604414,0.00808603113598832,649.0688506783205,279.097472298954,1682.465449468184,388.1458608840621,883.5844651952461,851.8269024319948
train_audio/rubthr1/XC149231.ogg,XC149231.ogg,rubthr1,Rufous-bellied Thrush,Turdus rufiventris,val,23.5885625,0.08834367,0.05846519,0.1403757282838983,0.04009372033733738,3137.4961009732533,460.5351130952831,2961.176315463419,300.0945488624836,6039.661016949152,980.8444544253343
train_audio/rubthr1/iNat852770.ogg,iNat852770.ogg,rubthr1,Rufous-bellied Thrush,Turdus rufiventris,val,12.62934375,0.011666609,0.023276167,0.2979176967958861,0.13034380810469642,6634.979085241362,1373.5536986960506,4552.916671718097,528.4503268289541,12289.003164556962,1762.3535742967426
train_audio/rubthr1/XC293358.ogg,XC293358.ogg,rubthr1,Rufous-bellied Thrush,Turdus rufiventris,val,97.01878125,0.06512001,0.08112525,0.17725640047823218,0.05750021435332665,3433.8076112189024,769.5351510114848,2408.7386709135258,571.122582250927,4968.237240270449,1580.5784727191528
train_audio/rubthr1/iNat559280.ogg,iNat559280.ogg,rubthr1,Rufous-bellied Thrush,Turdus rufiventris,val,35.10859375,0.027138488,0.020042736,0.05691112613895216,0.029738863750691093,1339.8670443535195,419.72152129793716,1807.471393507131,433.83456595450843,2193.643223234624,650.4521465092967
train_audio/rubthr1/iNat560046.ogg,iNat560046.ogg,rubthr1,Rufous-bellied Thrush,Turdus rufiventris,val,15.20909375,0.005229928,0.0017369791,0.02384157712276551,0.017020732304517935,1735.3214077886862,454.41135152685143,2905.6752495898977,397.86735309667216,3821.9637223974764,1371.20643337805
train_audio/rubthr1/iNat1264422.ogg,iNat1264422.ogg,rubthr1,Rufous-bellied Thrush,Turdus rufiventris,val,11.16834375,0.036882054,0.03623596,0.03238024186337625,0.023730430791698967,1849.983703759026,873.2089288624559,2860.2270002849673,852.3662466185585,4233.011444921316,2397.3681539529753
train_audio/rubthr1/XC284269.ogg,XC284269.ogg,rubthr1,Rufous-bellied Thrush,Turdus rufiventris,val,138.50121875,0.076985024,0.098063655,0.12608271305013283,0.03764924352090825,3117.0130628283177,713.3202851960742,2817.197722247698,674.1289935434386,5141.249494628624,2577.919983744911
train_audio/rubthr1/XC707723.ogg,XC707723.ogg,rubthr1,Rufous-bellied Thrush,Turdus rufiventris,val,9.76978125,0.07015865,0.06517417,0.18958898066693944,0.08287106078499425,3709.0602947449643,871.6334292652132,3051.3688001179457,538.9197257336142,6756.700081833061,1725.2218825117227
train_audio/rubthr1/XC726712.ogg,XC726712.ogg,rubthr1,Rufous-bellied Thrush,Turdus rufiventris,val,15.288,0.061712816,0.05201486,0.15468198385198745,0.037518164220440124,2849.0027016550807,487.15543107382825,2040.6738458811558,460.37463556402537,4177.807923640167,1245.9348498355068
train_audio/rubthr1/XC574640.ogg,XC574640.ogg,rubthr1,Rufous-bellied Thrush,Turdus rufiventris,val,5.184,0.018273238,0.01119275,0.16188100961538462,0.03942281342896084,2841.774187902644,641.4864276479531,1449.526469630805,512.2930361307807,3978.846153846154,1437.828742638804
train_audio/rubthr1/iNat1636622.ogg,iNat1636622.ogg,rubthr1,Rufous-bellied Thrush,Turdus rufiventris,val,11.517125,0.0053443974,0.005315806,0.07252197265625,0.04879477332513817,2159.24384823192,641.7582204957403,2685.867654183763,432.96211892243264,4156.749131944444,1448.3608835586124
train_audio/rubthr1/iNat145188.ogg,iNat145188.ogg,rubthr1,Rufous-bellied Thrush,Turdus rufiventris,val,27.81753125,0.03955,0.033475377,0.042020546560523286,0.025869003143849996,1842.1334154784172,596.032754387115,2844.317137297878,611.6708714196811,3799.7861558366876,1660.5751307366127
train_audio/rubthr1/iNat1247499.ogg,iNat1247499.ogg,rubthr1,Rufous-bellied Thrush,Turdus rufiventris,val,5.87765625,0.036057003,0.013665547,0.061711850373641304,0.03037941301859107,1815.7065736586521,393.0669380173847,2676.9837918547446,277.13955974289075,3588.187839673913,1252.8405773394097
train_audio/rubthr1/iNat138326.ogg,iNat138326.ogg,rubthr1,Rufous-bellied Thrush,Turdus rufiventris,val,9.65078125,0.002735571,0.0053148167,0.10422136925703643,0.02490330429231686,4115.093417658711,402.769993890574,4393.636276768305,211.75506765883213,10222.604511589405,781.2185018943936
train_audio/rubthr1/XC1011087.ogg,XC1011087.ogg,rubthr1,Rufous-bellied Thrush,Turdus rufiventris,val,12.303,0.056933142,0.04137012,0.1372844958956437,0.06312743308890269,3065.25538230509,574.5071932030768,3026.5991344456506,336.500771811464,5451.641742522756,673.9016930510181
train_audio/rubthr1/XC1051859.ogg,XC1051859.ogg,rubthr1,Rufous-bellied Thrush,Turdus rufiventris,val,37.12,0.16574435,0.13205281,0.2634669693828091,0.09842713278167037,4950.850241670095,1026.5623280825928,2764.4585436748707,474.9236863432532,8054.105180956484,873.9877509321498
train_audio/rubthr1/iNat1622144.ogg,iNat1622144.ogg,rubthr1,Rufous-bellied Thrush,Turdus rufiventris,val,12.39896875,0.004089196,0.0021372293,0.06781439012096774,0.0656383156304161,1964.4570460655837,730.146567614541,2730.232784914728,313.4580196852905,3194.7580645161293,1258.0137241607895
train_audio/rubthr1/XC366508.ogg,XC366508.ogg,rubthr1,Rufous-bellied Thrush,Turdus rufiventris,val,86.712,0.041242216,0.038835898,0.25365922653367157,0.05342538928276191,5364.465555185857,496.9452414378045,4115.328173848647,249.68425602092947,10689.278713099631,877.9582195412734
train_audio/rubthr1/XC541136.ogg,XC541136.ogg,rubthr1,Rufous-bellied Thrush,Turdus rufiventris,val,82.056,0.012346564,0.009954365,0.1432505232196822,0.06531615124877063,4215.780694104012,609.9111545648981,3964.2930408255743,356.90903442606844,8613.774005654124,1239.8486345813808
train_audio/rubthr1/iNat606507.ogg,iNat606507.ogg,rubthr1,Rufous-bellied Thrush,Turdus rufiventris,val,12.0,0.028657708,0.0077731223,0.06972409183588549,0.0441819114267903,2369.990093142911,617.4851654054394,3042.6889779226535,378.5157617101708,5015.645805592543,1230.0419382359657
train_audio/rubthr1/XC218666.ogg,XC218666.ogg,rubthr1,Rufous-bellied Thrush,Turdus rufiventris,val,135.706125,0.054704886,0.037697114,0.23310432892817143,0.05072844979424758,4658.687787506083,636.1660911599705,3051.2144821293305,257.8759982139249,7181.433845201604,1483.98961913422
train_audio/rubthr1/iNat819971.ogg,iNat819971.ogg,rubthr1,Rufous-bellied Thrush,Turdus rufiventris,val,10.4025625,0.0010385578,0.00036186594,0.09231965845814132,0.029176575011418845,3425.4123321538013,311.32588753748996,3642.43788606263,287.88220721944447,7453.0769969278035,786.7772015451416
train_audio/rubthr1/XC235495.ogg,XC235495.ogg,rubthr1,Rufous-bellied Thrush,Turdus rufiventris,val,46.44571875,0.031442102,0.023282606,0.19576831887271787,0.061612562498339254,4288.308674030007,650.5260089052159,3155.6196147759224,331.05966523961877,7197.699578022735,1201.6338252236703
train_audio/rubthr1/iNat1722212.ogg,iNat1722212.ogg,rubthr1,Rufous-bellied Thrush,Turdus rufiventris,val,92.8130625,0.003956513,0.0053712893,0.20319646195160318,0.049065039079059465,4602.81101128793,600.5876590934168,3862.4434263411395,359.8670885929847,9300.306520427512,1340.3708288109735
train_audio/rubthr1/XC161991.ogg,XC161991.ogg,rubthr1,Rufous-bellied Thrush,Turdus rufiventris,val,33.264,0.14086439,0.124967076,0.22487135667067307,0.06913106888194762,4477.308858143881,796.1153102869364,3223.920291269193,571.380282822068,7253.109975961538,1587.3228660970692
train_audio/rubthr1/XC82476.ogg,XC82476.ogg,rubthr1,Rufous-bellied Thrush,Turdus rufiventris,val,24.26775,0.049587626,0.033782795,0.15296496477422544,0.02514331329420888,2972.33877287538,298.1265670147774,1707.0555604344652,273.9853746496641,4076.0959129861567,811.7116148376023
train_audio/rubthr1/iNat1705142.ogg,iNat1705142.ogg,rubthr1,Rufous-bellied Thrush,Turdus rufiventris,val,37.03584375,0.011276111,0.008604891,0.14370655035097193,0.07402337327012976,3046.217460679394,835.8418778480252,2260.336134221631,385.87849100335774,5276.147408207344,1021.7712613230736
train_audio/rubthr1/XC934851.ogg,XC934851.ogg,rubthr1,Rufous-bellied Thrush,Turdus rufiventris,val,169.9718125,0.04029121,0.05319771,0.12289952657308924,0.038460754297230004,2278.696378885154,436.6616444115508,2090.5253037163316,505.2430596437337,3337.992105139307,1211.8541682129214
train_audio/rubthr1/XC608633.ogg,XC608633.ogg,rubthr1,Rufous-bellied Thrush,Turdus rufiventris,val,36.3885625,0.0036737954,0.004442595,0.23663203983516484,0.06218026226388128,3843.688811860997,676.6600413716031,2347.0618230570494,437.49402655231034,5356.181318681319,719.5325377582077
train_audio/rubthr1/iNat1625495.ogg,iNat1625495.ogg,rubthr1,Rufous-bellied Thrush,Turdus rufiventris,val,58.2008125,0.0010386122,0.0006765201,0.25070759173996704,0.06549637140682163,5054.556914709286,546.188614772873,3718.1525596284737,333.3639310570215,8508.82610637713,1109.855693185488
train_audio/rubthr1/iNat851502.ogg,iNat851502.ogg,rubthr1,Rufous-bellied Thrush,Turdus rufiventris,val,27.167375,0.0019086542,0.00097272906,0.18402193067211425,0.06891288092425862,5660.589563624536,914.9287570993896,4736.458911002505,318.00690134360303,11856.043875147232,863.7674201485952
train_audio/rubthr1/XC292635.ogg,XC292635.ogg,rubthr1,Rufous-bellied Thrush,Turdus rufiventris,val,46.23675,0.051384665,0.07518693,0.16611547767084775,0.05630218957980542,3608.368102021508,631.423453371659,3040.368989257053,660.0523623801827,6216.171064013841,1708.729495983512
train_audio/rubthr1/iNat588516.ogg,iNat588516.ogg,rubthr1,Rufous-bellied Thrush,Turdus rufiventris,val,22.03575,0.012667862,0.008357249,0.12841300798258345,0.03768405715206855,2899.4229921896354,585.8320956309215,2780.108931494771,438.75379999252476,5337.9218069666185,883.836999595468
train_audio/rubthr1/XC1049906.ogg,XC1049906.ogg,rubthr1,Rufous-bellied Thrush,Turdus rufiventris,val,37.866625,0.00818035,0.011439977,0.152078464960921,0.020670827065596233,2539.7882613718966,198.46285563889558,1490.4912365474027,192.86324722495993,4010.258238276299,413.703140895369
train_audio/rubthr1/XC292648.ogg,XC292648.ogg,rubthr1,Rufous-bellied Thrush,Turdus rufiventris,val,113.05796875,0.036303233,0.05547769,0.18268047682007924,0.05691606259165912,3584.0372736414397,663.1561036228602,2463.2016006168556,600.2186633328093,5287.261656289797,1615.6900703254305
train_audio/rubthr1/XC325857.ogg,XC325857.ogg,rubthr1,Rufous-bellied Thrush,Turdus rufiventris,val,58.368,0.02148216,0.019786691,0.1694544684759523,0.03383304109647056,4433.278962198002,459.08788141338965,4347.43718812455,391.41429594053693,10260.452349958892,1389.565430232793
train_audio/rubthr1/XC896056.ogg,XC896056.ogg,rubthr1,Rufous-bellied Thrush,Turdus rufiventris,val,67.896,0.0011519907,0.0009235387,0.1306601047066447,0.0290814543636612,3003.6803628104826,304.08288070137223,2760.1085611064063,339.21361617251586,4900.631774269557,726.7871777267786
train_audio/rubthr1/XC297411.ogg,XC297411.ogg,rubthr1,Rufous-bellied Thrush,Turdus rufiventris,val,144.0653125,0.04572274,0.04220246,0.3053517902380622,0.11434981101327558,6072.724555287678,1062.5791335972742,4087.934483917505,384.0492838309371,11056.206621321488,1959.2783214884264
train_audio/rubthr1/XC202063.ogg,XC202063.ogg,rubthr1,Rufous-bellied Thrush,Turdus rufiventris,val,60.081625,0.015862396,0.02686981,0.19319700458433173,0.06485813587009581,3863.4479567844637,1017.1780350408703,2760.028112908714,803.0588552048753,6164.852902023429,2658.2790824840613
train_audio/rubthr1/iNat1684073.ogg,iNat1684073.ogg,rubthr1,Rufous-bellied Thrush,Turdus rufiventris,val,0.144,0.61461794,0.1646022,0.11171875,0.021268894546829193,2961.45964660765,136.98094687709877,2741.7851137062,199.8162507138055,4757.8125,496.7791770809743
train_audio/rubthr1/iNat1267229.ogg,iNat1267229.ogg,rubthr1,Rufous-bellied Thrush,Turdus rufiventris,val,6.39996875,0.001551373,0.0012403518,0.235823974609375,0.07113502301044686,5309.670942478702,854.3230647080225,4579.429977284262,378.0081906630144,11396.0546875,1365.165624945455
train_audio/rubthr1/iNat257985.ogg,iNat257985.ogg,rubthr1,Rufous-bellied Thrush,Turdus rufiventris,val,5.093,0.03146993,0.058003403,0.10031654094827586,0.04200160977402764,2781.965374790944,744.284516437588,3090.5901207730435,998.6543669341561,5322.590125391849,2561.732160308023
train_audio/rubthr1/iNat695864.ogg,iNat695864.ogg,rubthr1,Rufous-bellied Thrush,Turdus rufiventris,val,14.76,0.001809588,0.0006066166,0.057765840838299026,0.07076487288604968,2367.0777488469903,985.2572394535367,3501.1690908315354,451.3197360924574,4686.111863488624,2276.735173679623
train_audio/rubthr1/iNat328679.ogg,iNat328679.ogg,rubthr1,Rufous-bellied Thrush,Turdus rufiventris,val,16.33525,0.0026593253,0.0021374722,0.09545539758814887,0.029483808568982164,2170.7772669568744,219.46468107810327,2167.7344544923644,407.76977340958064,4378.152546523017,1052.1159847426557
train_audio/rubthr1/XC836834.ogg,XC836834.ogg,rubthr1,Rufous-bellied Thrush,Turdus rufiventris,val,82.546,0.016155088,0.019757967,0.2630131684532461,0.08373744414860672,5716.127787961287,1059.1100291345574,4059.9170931013173,439.616570448592,10849.318677325582,1989.8545152311935
train_audio/rubthr1/iNat1690272.ogg,iNat1690272.ogg,rubthr1,Rufous-bellied Thrush,Turdus rufiventris,val,8.24309375,0.020920454,0.018029783,0.06429131086482558,0.04340963993437525,1722.5555832251355,547.4195223230467,2386.7007895724814,724.6001935084139,3279.37257751938,1852.967101867212
train_audio/rubthr1/iNat1252157.ogg,iNat1252157.ogg,rubthr1,Rufous-bellied Thrush,Turdus rufiventris,val,178.75590625,0.003829631,0.0051895543,0.1563576377623512,0.05106261833417333,4061.061130452331,760.091357708043,3853.2738349169413,489.52494345063286,8603.379799516691,1689.3853542781956
train_audio/rubthr1/iNat335713.ogg,iNat335713.ogg,rubthr1,Rufous-bellied Thrush,Turdus rufiventris,val,15.83,0.025852334,0.060346045,0.26796381786616164,0.10961252411495659,4790.304147219171,1351.5955119562636,3188.5992619111853,944.9903471049065,7586.584595959596,2801.6092716215708
train_audio/rubthr1/XC293370.ogg,XC293370.ogg,rubthr1,Rufous-bellied Thrush,Turdus rufiventris,val,65.51509375,0.05750369,0.06772031,0.15970111702533576,0.05245671123364804,3500.7689558036436,904.9973608388923,2917.6663415513462,782.3582133896888,5920.074023199023,2901.342317802888
train_audio/rubthr1/XC809860.ogg,XC809860.ogg,rubthr1,Rufous-bellied Thrush,Turdus rufiventris,val,149.181625,0.0168417,0.01896806,0.19597762871688654,0.06493521388684155,3681.040616306821,610.5522905369899,2776.3364660025886,544.6585200130612,5652.653769841269,1515.720327277222
train_audio/rubthr1/XC176297.ogg,XC176297.ogg,rubthr1,Rufous-bellied Thrush,Turdus rufiventris,val,30.6155,0.07244554,0.07104225,0.1759781952063741,0.05966769198863408,3317.175603997605,754.3259065924169,2286.9747970524813,578.9486729820129,4893.196512539185,2011.281978463625
train_audio/rubthr1/XC293494.ogg,XC293494.ogg,rubthr1,Rufous-bellied Thrush,Turdus rufiventris,val,119.6146875,0.03559668,0.05908567,0.21677166411684057,0.07017672435629754,4218.340937663124,942.152163535265,2623.93606176795,681.0956958584502,6348.0826143659715,2194.695605489984
train_audio/rubthr1/XC979639.ogg,XC979639.ogg,rubthr1,Rufous-bellied Thrush,Turdus rufiventris,val,8.112,0.03434176,0.008417216,0.4376095749261811,0.10826854884688557,8350.446091348114,817.0131416051667,5290.756372900463,173.5961893981298,13869.955708661417,233.87316591083982
train_audio/rubthr1/iNat264183.ogg,iNat264183.ogg,rubthr1,Rufous-bellied Thrush,Turdus rufiventris,val,12.96,0.0033317117,0.00093497627,0.06962493256781752,0.02182340321587106,3014.051536707339,530.2331148431525,4019.332848509361,260.376567377311,7912.935419235511,1328.0818801263433
train_audio/rubthr1/XC605935.ogg,XC605935.ogg,rubthr1,Rufous-bellied Thrush,Turdus rufiventris,val,12.51265625,0.050706934,0.06101658,0.12301756565293742,0.04490319752075001,3303.5948033026284,568.1403812481128,3336.1570200318197,554.7492599378916,5920.857279693487,1930.530441713828
train_audio/rubthr1/iNat851733.ogg,iNat851733.ogg,rubthr1,Rufous-bellied Thrush,Turdus rufiventris,val,29.952,0.008512336,0.0102412775,0.09591663399292578,0.05518889734149962,1514.2099268706397,658.9003930336827,840.4201663118172,235.9779525868152,2236.0934997330487,703.0008142930429
train_audio/rubthr1/XC4644.ogg,XC4644.ogg,rubthr1,Rufous-bellied Thrush,Turdus rufiventris,val,23.170625,0.033780094,0.022585265,0.1869972286922015,0.055735597366881384,5014.919258029003,613.3734105644074,4168.733783811803,284.3175930981298,10287.051414768806,1113.0512720720835
train_audio/rubthr1/XC940072.ogg,XC940072.ogg,rubthr1,Rufous-bellied Thrush,Turdus rufiventris,val,32.112,0.010622755,0.008263103,0.06825019258901892,0.04099201441374391,3659.9639462210253,745.8198977220593,4184.432744528592,442.7721231689908,9275.071588645418,1802.0348990260522
train_audio/rubthr1/XC599526.ogg,XC599526.ogg,rubthr1,Rufous-bellied Thrush,Turdus rufiventris,val,29.20490625,0.06546887,0.06827873,0.22714303592209747,0.0648289645076926,4108.0695069483545,641.1628536157414,2127.705224667949,288.3321866959766,5989.192565717415,639.0340828994779
train_audio/rubthr1/XC153611.ogg,XC153611.ogg,rubthr1,Rufous-bellied Thrush,Turdus rufiventris,val,104.688,0.0697814,0.062436905,0.18780696654378057,0.05424769408812064,4327.089336891631,723.4650584188498,3786.4294123524337,520.4279738461796,8603.993161674816,1814.3201643317404
train_audio/rubthr1/iNat1651462.ogg,iNat1651462.ogg,rubthr1,Rufous-bellied Thrush,Turdus rufiventris,val,30.1714375,0.0012538685,0.00048006503,0.08356159489329268,0.04480292713443081,4128.883293150003,555.3003462347205,4502.26738649512,196.7034964168734,9976.222826086956,862.0828987408028
train_audio/rubthr1/XC474195.ogg,XC474195.ogg,rubthr1,Rufous-bellied Thrush,Turdus rufiventris,val,50.75590625,0.020107714,0.0113145085,0.21077668880988024,0.04746305775763612,4533.528264207784,634.6569296401591,3942.6828674142257,310.82513289934235,9124.133312322723,1341.8244614501295
train_audio/rubthr1/XC286716.ogg,XC286716.ogg,rubthr1,Rufous-bellied Thrush,Turdus rufiventris,val,153.6,0.051000282,0.048727706,0.22763777658251744,0.07886533260316468,4055.695346434535,830.9981543920015,2501.7986068142386,437.2603579775818,5940.753241849808,1375.2521810982735
train_audio/rubthr1/iNat1275366.ogg,iNat1275366.ogg,rubthr1,Rufous-bellied Thrush,Turdus rufiventris,test,35.10715625,0.0072910194,0.011565979,0.11952457645216401,0.0645087112242276,3077.9552117691733,998.5898911175962,2832.818244520653,707.9859102936094,5680.951025056947,2272.7316032407143
train_audio/rubthr1/XC292638.ogg,XC292638.ogg,rubthr1,Rufous-bellied Thrush,Turdus rufiventris,test,28.52571875,0.052670665,0.054542918,0.2418605186132922,0.08165241337997338,4375.420206350668,849.8752325809207,2647.226403466652,586.0444156694897,6329.421971396523,1436.771970225292
train_audio/rubthr1/XC293369.ogg,XC293369.ogg,rubthr1,Rufous-bellied Thrush,Turdus rufiventris,test,50.6253125,0.042550664,0.061576616,0.15236025745458137,0.05471733681420452,3311.8928972481963,930.8881602636696,2800.8987645587968,798.1448559074596,5577.848538704581,2554.1374736284583
train_audio/rubthr1/XC824641.ogg,XC824641.ogg,rubthr1,Rufous-bellied Thrush,Turdus rufiventris,test,16.509,0.012370315,0.015625836,0.2760000302810077,0.11982730104312933,5846.816652050341,1210.4601436400337,4085.697571568269,410.9110388114422,10996.926477713178,1985.7592812919897
train_audio/rubthr1/iNat200284.ogg,iNat200284.ogg,rubthr1,Rufous-bellied Thrush,Turdus rufiventris,test,11.05271875,0.014835549,0.0052210162,0.026854762120115776,0.014028279541062531,2087.3393047140275,388.8752661047844,3263.6295023319835,315.51817312914625,4721.915701881331,1019.5350529609985
train_audio/rubthr1/XC293359.ogg,XC293359.ogg,rubthr1,Rufous-bellied Thrush,Turdus rufiventris,test,99.52653125,0.0776028,0.1142722,0.15690836732438515,0.03666694519812422,3395.8034352655113,619.5278574451374,2672.4209898510885,756.9818634873766,5150.54352194181,2151.177647548785
train_audio/rubthr1/iNat1684067.ogg,iNat1684067.ogg,rubthr1,Rufous-bellied Thrush,Turdus rufiventris,test,3.0,0.08200188,0.12537932,0.1650416597406915,0.046352299303169746,3805.3687250204407,890.4128568155987,3301.4476820024734,838.9980777165588,7349.817154255319,2918.963896735807
train_audio/rubthr1/iNat532419.ogg,iNat532419.ogg,rubthr1,Rufous-bellied Thrush,Turdus rufiventris,test,16.4165,0.0004025905,0.000528203,0.17502053919182084,0.06555141803334394,5472.1823123158465,765.9969698664619,5141.155847653847,352.7428302324444,12603.973953261928,1029.5365493915726
train_audio/rubthr1/iNat546227.ogg,iNat546227.ogg,rubthr1,Rufous-bellied Thrush,Turdus rufiventris,test,15.20909375,0.024314411,0.014563897,0.04450650220162986,0.035349083991883086,1191.1337966035212,271.200438672718,1633.4366588720172,159.30407736423655,2045.3962933753944,335.0244790914439
train_audio/rubthr1/iNat1646207.ogg,iNat1646207.ogg,rubthr1,Rufous-bellied Thrush,Turdus rufiventris,test,12.2775625,0.0030131547,0.001184446,0.1953913370768229,0.06695922910898988,4546.386528267946,628.1805068892944,3831.366782563346,245.90921841040205,8271.687825520834,972.8559819191552
train_audio/rubthr1/iNat544635.ogg,iNat544635.ogg,rubthr1,Rufous-bellied Thrush,Turdus rufiventris,test,35.7546875,0.020342754,0.015821645,0.08294948091442952,0.05264241296242664,1820.4992703607418,638.8462306486911,1954.5534206228301,422.3906690009827,2775.803970917226,974.1859355303127
train_audio/rubthr1/XC289119.ogg,XC289119.ogg,rubthr1,Rufous-bellied Thrush,Turdus rufiventris,test,58.01796875,0.07943126,0.09700477,0.14051151196753514,0.03173666371901702,3336.4412724880176,677.0795616256846,3056.5339690322403,809.6841993444912,6204.486317893576,2754.889999292868
train_audio/rubthr1/iNat850316.ogg,iNat850316.ogg,rubthr1,Rufous-bellied Thrush,Turdus rufiventris,test,0.20896875,0.4160573,0.12375929,0.13591657366071427,0.031846809178683905,2841.5499580159762,504.728130023221,2437.9364708063267,520.5980993797193,4478.794642857143,222.19914253775895
train_audio/rubthr1/XC692377.ogg,XC692377.ogg,rubthr1,Rufous-bellied Thrush,Turdus rufiventris,test,98.79509375,0.0862313,0.04776789,0.18198348937246964,0.04709423583575942,3386.870492910567,456.06298458829724,2713.3971784996274,275.0027148027656,5797.064777327935,839.1851062578693
train_audio/rubthr1/XC664118.ogg,XC664118.ogg,rubthr1,Rufous-bellied Thrush,Turdus rufiventris,test,21.812,0.031873733,0.03689327,0.16198515682276393,0.08843016198981883,3003.586663293047,1106.3352925499505,1935.4110231569305,1031.4199461070864,4466.138196480939,2255.371280755763
train_audio/rubthr1/iNat140129.ogg,iNat140129.ogg,rubthr1,Rufous-bellied Thrush,Turdus rufiventris,test,38.82378125,0.0025860127,0.0011757566,0.11311587415018541,0.027073850335698223,3261.5965239213565,466.539188174463,3757.3768642490654,432.7714099621994,7515.251596621343,1298.6108393843547
train_audio/rubthr1/XC82481.ogg,XC82481.ogg,rubthr1,Rufous-bellied Thrush,Turdus rufiventris,test,9.038375,0.07150825,0.06565784,0.15508849557522125,0.043972915224251244,3684.578748943083,675.8810800521591,3316.9426081345337,677.1288496145401,7202.157079646017,1739.4488278684394
train_audio/rubthr1/XC585447.ogg,XC585447.ogg,rubthr1,Rufous-bellied Thrush,Turdus rufiventris,test,96.1045,0.021114456,0.03505619,0.15233155719369068,0.03748625229997967,3634.0370777761414,548.1901214950252,3057.1086565094374,480.3860358861319,6650.7590103212915,1545.5200857871405
train_audio/rubthr1/iNat304925.ogg,iNat304925.ogg,rubthr1,Rufous-bellied Thrush,Turdus rufiventris,test,14.1205,0.00023222389,0.00016372268,0.07699968590741789,0.03294741605735946,1766.7647899517215,321.4113558696341,1895.4010865160046,182.801177143283,3345.8026613816533,777.7488722888263
train_audio/rubthr1/XC398272.ogg,XC398272.ogg,rubthr1,Rufous-bellied Thrush,Turdus rufiventris,test,18.648,0.009522624,0.003779298,0.0683091230703259,0.04914334635592576,1869.9784202831734,453.34173033234777,2441.7885449151668,389.930658618948,3253.0419168096055,937.0997759910473
train_audio/rubthr1/iNat1689244.ogg,iNat1689244.ogg,rubthr1,Rufous-bellied Thrush,Turdus rufiventris,test,15.64734375,0.0009547308,0.00053412275,0.1106001965107362,0.053106201034935706,2601.375445989494,706.2180930311556,2852.3180891543934,394.7732195287152,5196.782336400818,1308.0498376120374
train_audio/rubthr1/XC293348.ogg,XC293348.ogg,rubthr1,Rufous-bellied Thrush,Turdus rufiventris,test,71.94121875,0.07008143,0.0666239,0.16946551607321547,0.05017340294703171,3327.4950159982595,745.2082690588975,2430.406187046175,717.8512921578869,4972.99588614632,1954.2025732353288
train_audio/rubthr1/iNat1246346.ogg,iNat1246346.ogg,rubthr1,Rufous-bellied Thrush,Turdus rufiventris,test,24.054875,0.0035748444,0.0042681335,0.0820536512009641,0.07132454762465931,3071.0599844279022,1393.4133717310128,3496.6429336963215,551.0365888202681,6143.211851728724,2499.6504446216313
train_audio/rubthr1/iNat126953.ogg,iNat126953.ogg,rubthr1,Rufous-bellied Thrush,Turdus rufiventris,test,18.72,0.00221128,0.0022994287,0.1306784065435525,0.03220146818378538,3624.3182724642543,452.8083668821478,3683.3802395664343,325.14478507789744,7437.326537147737,973.9300135127527
train_audio/rubthr1/XC293506.ogg,XC293506.ogg,rubthr1,Rufous-bellied Thrush,Turdus rufiventris,test,108.53878125,0.053497143,0.049967177,0.23373463468731576,0.0877834884403737,4397.122710144292,1058.113371642264,2935.698268327138,645.9160159424708,7109.953106574292,2269.3604625828393
train_audio/rubthr1/iNat1672512.ogg,iNat1672512.ogg,rubthr1,Rufous-bellied Thrush,Turdus rufiventris,test,12.4586875,0.024754759,0.011584209,0.05938540496630295,0.04498228458632775,1565.781045436176,341.5954311947855,2288.4787974938877,290.82878740331927,2467.606707317073,739.9605082849672
train_audio/rubthr1/XC212458.ogg,XC212458.ogg,rubthr1,Rufous-bellied Thrush,Turdus rufiventris,test,30.12,0.009699608,0.011593101,0.1446946154739777,0.054671880367332976,4259.125806715762,563.8450919858776,4373.867456696905,260.8206271324084,10081.883961763144,1097.3732767528456
train_audio/rubthr1/iNat544274.ogg,iNat544274.ogg,rubthr1,Rufous-bellied Thrush,Turdus rufiventris,test,34.9925,0.021589512,0.026395243,0.047105304501828156,0.03703426215556974,1729.4998735515312,660.0076381443249,2520.726283094758,604.4624910515242,3464.015367915905,1718.5737357970424
train_audio/rubthr1/XC289064.ogg,XC289064.ogg,rubthr1,Rufous-bellied Thrush,Turdus rufiventris,test,33.67184375,0.044861272,0.036748104,0.27015546132719714,0.12643709290440433,4763.047112172212,1695.8332210283172,2315.45201812744,755.9082134027183,6651.759204275534,2511.512589730106
train_audio/rubthr1/XC289112.ogg,XC289112.ogg,rubthr1,Rufous-bellied Thrush,Turdus rufiventris,test,94.95509375,0.029332107,0.027456202,0.277028567949663,0.11254571717897116,4983.75602613907,1136.4637138773646,3165.941185671755,667.3619159267383,8227.872262005054,1645.291772108339
train_audio/rubthr1/XC524952.ogg,XC524952.ogg,rubthr1,Rufous-bellied Thrush,Turdus rufiventris,test,21.890625,0.01945999,0.01744669,0.20910992284514243,0.06153461708864977,4295.9521466449305,611.5048517180574,3036.9225294033827,377.01677924595674,7592.026570489408,1326.5879517803219
train_audio/rubthr1/iNat307187.ogg,iNat307187.ogg,rubthr1,Rufous-bellied Thrush,Turdus rufiventris,test,27.776,0.05397839,0.054788172,0.12307217454663212,0.09425584243433364,3189.4248627916427,1474.8375789818438,3320.6345702075596,680.9048334141333,6276.905224525043,3055.7597754845865
train_audio/rubthr1/XC169868.ogg,XC169868.ogg,rubthr1,Rufous-bellied Thrush,Turdus rufiventris,test,14.28896875,0.004372538,0.0021196965,0.26322783399748323,0.05900020090303753,5433.064061829694,608.6730949895381,3810.7512989832653,287.9585014853474,10132.183305369128,1110.5579309849165
train_audio/rubthr1/iNat1278993.ogg,iNat1278993.ogg,rubthr1,Rufous-bellied Thrush,Turdus rufiventris,test,32.4906875,0.00498913,0.006218563,0.1474294432391679,0.029325299307498845,3679.8568691958494,658.1896405837813,3783.995369293823,706.4617825207724,7959.841211225997,2649.0643693650495
train_audio/rubthr1/iNat556770.ogg,iNat556770.ogg,rubthr1,Rufous-bellied Thrush,Turdus rufiventris,test,17.216,0.011464152,0.008655423,0.09898508225974931,0.03613427806926037,2017.2976043679757,408.49467401759915,1685.572160831646,296.79914836153074,3889.275766016713,819.6298917647084
train_audio/rubthr1/iNat152359.ogg,iNat152359.ogg,rubthr1,Rufous-bellied Thrush,Turdus rufiventris,test,8.4753125,0.003320102,0.0026794088,0.07670345666273586,0.04109106172085229,2310.826722777721,762.6108642016386,3320.11446246608,809.009498540268,5763.797169811321,3100.4898731576777
train_audio/rubthr1/XC153764.ogg,XC153764.ogg,rubthr1,Rufous-bellied Thrush,Turdus rufiventris,test,44.664,0.116297334,0.07714915,0.1488346657302113,0.0324544567412769,3490.017347316362,421.24185072662016,3192.521851473676,279.5860972770816,6575.2932485673355,671.9849850163226
train_audio/rubthr1/iNat851551.ogg,iNat851551.ogg,rubthr1,Rufous-bellied Thrush,Turdus rufiventris,test,0.1045,0.34532562,0.08089677,0.10093470982142858,0.021924883404972256,2169.6137043652193,68.47275027044725,1500.612880120009,87.04453793970573,3964.285714285714,123.23369412359162
train_audio/rubthr1/XC32482.ogg,XC32482.ogg,rubthr1,Rufous-bellied Thrush,Turdus rufiventris,test,11.25878125,0.022092003,0.008350629,0.17924707586115057,0.025388172252708483,3398.902556973271,284.81260894075285,3232.990280298536,180.42279620605623,6194.491299715909,550.4506102907326
train_audio/rubthr1/iNat1246103.ogg,iNat1246103.ogg,rubthr1,Rufous-bellied Thrush,Turdus rufiventris,test,7.36046875,0.0033688834,0.0028973708,0.0875008473427332,0.04596995654186168,2352.6079049243785,607.6082159687995,2927.16490325903,531.5943717981681,4206.005965292841,1696.6062271207077
train_audio/rubthr1/XC504245.ogg,XC504245.ogg,rubthr1,Rufous-bellied Thrush,Turdus rufiventris,test,28.8914375,0.08036879,0.08984965,0.16944846388773532,0.05359389791715537,3070.6580200326616,714.4579398492638,2083.563165474792,677.3339362864888,4548.146802325581,2026.7510844664043
train_audio/rubthr1/iNat1736309.ogg,iNat1736309.ogg,rubthr1,Rufous-bellied Thrush,Turdus rufiventris,test,78.8375625,0.0121897,0.013361325,0.09368658685064934,0.048713410058984975,2755.4084747631714,485.1334079697427,3411.4657038176892,781.9733303037808,4912.578632305195,2814.5239088085336
train_audio/rubthr1/XC286580.ogg,XC286580.ogg,rubthr1,Rufous-bellied Thrush,Turdus rufiventris,test,63.13796875,0.053720184,0.072828054,0.25825179230269824,0.09412263850192126,4751.956767684191,1099.1105268070194,2835.592561436695,432.93369687479617,7738.6147707119335,1985.242504874331
train_audio/rubthr1/iNat48324.ogg,iNat48324.ogg,rubthr1,Rufous-bellied Thrush,Turdus rufiventris,test,25.19365625,0.003978469,0.0013408256,0.08747054811507937,0.033989820556296624,2374.0117668115354,195.31487828542578,3053.518077510037,252.16967853350872,4242.738095238095,794.2850842091683
train_audio/rubthr1/XC586417.ogg,XC586417.ogg,rubthr1,Rufous-bellied Thrush,Turdus rufiventris,test,127.2,0.07371291,0.04496292,0.12911412725207522,0.04158017724127976,3649.1252183572296,499.0959913135379,3583.8982275060653,314.4348804322866,7543.331813608351,1052.6018481943197
train_audio/rubthr1/iNat537756.ogg,iNat537756.ogg,rubthr1,Rufous-bellied Thrush,Turdus rufiventris,test,39.17209375,0.0035070323,0.004070063,0.058447405190894246,0.03704925789173648,2219.039023217932,585.8760509523458,3201.6576681768215,523.4761712690096,4639.795579828501,1454.2572799206248
train_audio/rubthr1/iNat139037.ogg,iNat139037.ogg,rubthr1,Rufous-bellied Thrush,Turdus rufiventris,test,11.21525,0.011657146,0.009471053,0.05253516182239658,0.026387504184724384,1467.7606674274716,387.6637477410761,1964.2314774356269,364.3639025610217,2437.031918687589,686.5556840650004
train_audio/rubthr1/iNat559048.ogg,iNat559048.ogg,rubthr1,Rufous-bellied Thrush,Turdus rufiventris,test,4.3189375,0.030296061,0.008318275,0.029546440972222223,0.023128544736545294,1506.8685025587017,768.0139301011001,2497.762338585051,732.9260594149133,3092.534722222222,2185.271965262544
train_audio/rubthr1/XC82484.ogg,XC82484.ogg,rubthr1,Rufous-bellied Thrush,Turdus rufiventris,test,51.6963125,0.06547201,0.0972677,0.08191416523244122,0.04002347748606607,1914.2723006177641,450.376591010887,1958.411746701558,557.7180346939244,2935.8224396658416,840.4792193815582
train_audio/rubthr1/XC913487.ogg,XC913487.ogg,rubthr1,Rufous-bellied Thrush,Turdus rufiventris,test,87.693,0.053225774,0.014413595,0.05140200237182996,0.04688231914460085,1912.2725982098182,504.04525090722467,2953.088942312625,260.393832121716,3848.3425697865355,1210.5855226481817
train_audio/rubthr1/iNat367857.ogg,iNat367857.ogg,rubthr1,Rufous-bellied Thrush,Turdus rufiventris,test,6.848,0.0023747035,0.0015115293,0.07553904428904429,0.031091938589717347,2469.3574194849257,214.16427047610446,3029.0738480818095,256.5492450087018,5233.355186480187,719.7936692737292
train_audio/rubthr1/XC390666.ogg,XC390666.ogg,rubthr1,Rufous-bellied Thrush,Turdus rufiventris,test,42.624,0.0015031834,0.001727731,0.10374519963649156,0.07616841481113744,2410.082708561498,960.5654260217674,2501.1675863447795,451.81469354696304,4752.6911350844275,1711.8168823903889
train_audio/rubthr1/iNat1684808.ogg,iNat1684808.ogg,rubthr1,Rufous-bellied Thrush,Turdus rufiventris,test,49.968,0.010299621,0.008154425,0.08031695142445583,0.056549160530333896,3245.3771540242296,1617.8560071122863,3938.5274601361525,900.3945093612818,7455.475752240717,3991.7929148000803
train_audio/rubthr1/iNat1641900.ogg,iNat1641900.ogg,rubthr1,Rufous-bellied Thrush,Turdus rufiventris,test,8.5681875,0.004075799,0.0016578425,0.11332497667910447,0.06857229458842756,3150.5319877595357,758.244694717802,3058.3773208560965,385.93637472803414,6020.901352611941,1203.3131195628273
train_audio/rubthr1/XC771056.ogg,XC771056.ogg,rubthr1,Rufous-bellied Thrush,Turdus rufiventris,test,53.69,0.015994852,0.0055612796,0.23217278754469606,0.04577845210719849,3968.077502373195,374.00359567751065,3031.364262245118,255.4551417994375,5425.101497318236,559.0997473026436
train_audio/rubthr1/iNat417942.ogg,iNat417942.ogg,rubthr1,Rufous-bellied Thrush,Turdus rufiventris,test,22.22059375,0.01080697,0.004127873,0.047515495635349174,0.025655945254382227,2298.773105115749,367.2809867341156,3287.071776843941,290.10382485721544,5314.378599712023,1014.3339874269702
train_audio/rubthr1/XC838233.ogg,XC838233.ogg,rubthr1,Rufous-bellied Thrush,Turdus rufiventris,test,50.364,0.010124759,0.012687738,0.27978779309283675,0.07587619790725295,5732.346218776719,1075.2752183469079,3972.9377310109494,463.3663749290328,10676.600222363406,2189.8256751719987
train_audio/rubthr1/XC293503.ogg,XC293503.ogg,rubthr1,Rufous-bellied Thrush,Turdus rufiventris,test,159.921625,0.052267697,0.073250085,0.17318577821753703,0.046683487926129606,3723.34728057263,657.1381379212969,2985.4885716792874,606.5841409137735,6134.749212184874,1913.0825232266736
train_audio/rubthr1/iNat1642798.ogg,iNat1642798.ogg,rubthr1,Rufous-bellied Thrush,Turdus rufiventris,test,4.352,0.010957122,0.009854084,0.12162674565018315,0.044641424825920276,3291.153094556037,520.428011905108,3289.979747260565,574.9528557605796,6183.092948717948,1587.687691380165
train_audio/rubthr1/XC502362.ogg,XC502362.ogg,rubthr1,Rufous-bellied Thrush,Turdus rufiventris,test,37.128,0.0017382998,0.00052179315,0.05769565751561827,0.043334557363279985,1654.5023038105744,543.707638291977,2106.6284594888502,268.3423627997706,3277.9311180525638,984.8065706981615
train_audio/rubthr1/XC389545.ogg,XC389545.ogg,rubthr1,Rufous-bellied Thrush,Turdus rufiventris,test,44.568,0.049937174,0.04775001,0.18287377176058867,0.03631951836996992,4026.8957287031094,587.4483296768175,3223.849527719876,442.47405090805427,7260.111943646805,1804.988523626245
train_audio/rubthr1/iNat1094287.ogg,iNat1094287.ogg,rubthr1,Rufous-bellied Thrush,Turdus rufiventris,test,11.1279375,0.058606256,0.016171282,0.3832481647359914,0.02514353439488831,6529.532633703491,299.2126742329714,3653.040352547564,224.18580465863678,10048.985272988506,425.4828338895655
train_audio/rubthr1/XC648127.ogg,XC648127.ogg,rubthr1,Rufous-bellied Thrush,Turdus rufiventris,test,9.6914375,0.040071577,0.034853987,0.16983888330239275,0.05373395303518707,4139.767543744965,532.6550503292738,3840.003295685179,440.948549369203,8054.971122112212,1279.8350858567335
train_audio/rubthr1/XC506427.ogg,XC506427.ogg,rubthr1,Rufous-bellied Thrush,Turdus rufiventris,test,63.921,0.030493563,0.058472186,0.16623349423642392,0.0534960550526715,3352.556047591638,729.6421113664534,2699.1092829872687,833.3523665592068,5484.35935935936,2126.9879902514967
train_audio/rubthr1/iNat28719.ogg,iNat28719.ogg,rubthr1,Rufous-bellied Thrush,Turdus rufiventris,test,24.31965625,0.04347648,0.046755876,0.1476157740542763,0.1002864452200005,4069.8431065586137,1344.022721970624,4258.381558982694,547.6288393434708,9453.649259868422,2483.4320483500383
train_audio/rubthr1/XC239348.ogg,XC239348.ogg,rubthr1,Rufous-bellied Thrush,Turdus rufiventris,test,69.59021875,0.07327756,0.052217793,0.2377044046336207,0.0820622287266662,4196.66388258794,809.8784154174106,2360.896054215818,377.7189716769455,6547.708333333333,1068.3250153496992
train_audio/rubthr1/iNat841407.ogg,iNat841407.ogg,rubthr1,Rufous-bellied Thrush,Turdus rufiventris,test,15.6735,0.017151237,0.014827112,0.1356186224489796,0.04464433188268594,3186.4508672916963,981.8801173220671,3071.9627519508313,809.013899287016,5435.124362244898,3031.8703648143946
train_audio/rubthr1/iNat1686598.ogg,iNat1686598.ogg,rubthr1,Rufous-bellied Thrush,Turdus rufiventris,test,8.24275,0.06176232,0.011246369,0.049811311470445735,0.013972708658849656,1663.41706664733,187.13316596198908,2478.9380665649064,230.84582122878015,2852.3195251937987,657.4715628561092
train_audio/rubthr1/iNat787505.ogg,iNat787505.ogg,rubthr1,Rufous-bellied Thrush,Turdus rufiventris,test,7.63525,0.00084076007,0.0011933107,0.22184108590481172,0.07087574769770098,5137.758466165488,533.8810804236483,4074.1407677950883,439.3317218610305,9600.810669456067,727.0181981405146
train_audio/rubthr1/XC856370.ogg,XC856370.ogg,rubthr1,Rufous-bellied Thrush,Turdus rufiventris,test,57.887,0.017226776,0.01747941,0.19651808772975402,0.05362193876144095,4156.340399447561,672.8090193350841,3111.514243104994,499.33147940830963,7111.741639027086,1592.7576849888453
train_audio/rubthr1/XC293505.ogg,XC293505.ogg,rubthr1,Rufous-bellied Thrush,Turdus rufiventris,test,63.11184375,0.11628607,0.1369637,0.19738494138149557,0.07654626961441437,3856.2763957766906,922.0268755493834,2664.2206221889332,610.013010969799,5866.365652724969,2234.8368919964128
train_audio/rubthr1/XC292641.ogg,XC292641.ogg,rubthr1,Rufous-bellied Thrush,Turdus rufiventris,test,86.77878125,0.04657126,0.059265256,0.16611816046160582,0.03844241611423896,3360.9993980264394,531.4056612945421,2532.922315880161,666.1167465871139,5063.243224557522,1504.255348109199
train_audio/rubthr1/XC293512.ogg,XC293512.ogg,rubthr1,Rufous-bellied Thrush,Turdus rufiventris,test,19.3045,0.0863785,0.077841915,0.11495969151304888,0.044228752758718855,2678.2004962134265,605.4510171886336,2681.1735109015403,505.189342991042,4722.698322286661,1571.7488494154386
train_audio/rubthr1/iNat1677676.ogg,iNat1677676.ogg,rubthr1,Rufous-bellied Thrush,Turdus rufiventris,test,11.81896875,0.008710798,0.004853014,0.07533736996786197,0.02838095776393582,2670.538442297117,434.8462906778779,3173.175772255133,246.39336697575985,6045.5429634641405,997.2905690332987
train_audio/rubthr1/XC199687.ogg,XC199687.ogg,rubthr1,Rufous-bellied Thrush,Turdus rufiventris,test,8.4636875,0.029399302,0.0050210888,0.02741851518194707,0.05040171279211945,2024.0866411250452,608.9873171079282,1848.6287558020188,339.7275728240189,4597.589792060491,928.2382706658806
train_audio/rubthr1/iNat1201130.ogg,iNat1201130.ogg,rubthr1,Rufous-bellied Thrush,Turdus rufiventris,test,7.413,0.02962602,0.0067000827,0.12207978347252155,0.037810165036335996,3884.0692517863845,356.74611725661435,4009.211718791738,257.6299169829251,8118.601831896552,527.496983581817
train_audio/rubthr1/XC284283.ogg,XC284283.ogg,rubthr1,Rufous-bellied Thrush,Turdus rufiventris,test,32.28734375,0.03432962,0.035103913,0.18323491893273042,0.04102343787931384,3921.9807513359724,555.5510007117364,3054.1695267731893,417.8078799054784,6866.413218533201,1459.6989960452925
train_audio/rubthr1/XC1050619.ogg,XC1050619.ogg,rubthr1,Rufous-bellied Thrush,Turdus rufiventris,test,91.17475,0.036239468,0.05033384,0.16685750104184946,0.047344476575108006,3742.7340955690456,777.0442316264614,3044.646809890989,713.6586577739131,6264.788778733111,2252.8098175177097
train_audio/rubthr1/iNat1691430.ogg,iNat1691430.ogg,rubthr1,Rufous-bellied Thrush,Turdus rufiventris,test,0.096,0.6105655,0.13404799,0.13218470982142858,0.034838706400609785,3645.5030414365615,103.4327049380914,2788.180780714375,48.04663117530571,5397.321428571428,118.95457673637702
train_audio/rubthr1/iNat1686285.ogg,iNat1686285.ogg,rubthr1,Rufous-bellied Thrush,Turdus rufiventris,test,38.784,0.0048270742,0.0020998267,0.08084709246134021,0.046268058673312705,2230.9612367819213,823.4203601113671,2804.7646098980213,610.7909519797182,4081.797680412371,2287.5268913863056
train_audio/rubthr1/iNat138390.ogg,iNat138390.ogg,rubthr1,Rufous-bellied Thrush,Turdus rufiventris,test,16.192,0.021323066,0.030278802,0.06263689227541955,0.040778015961296696,1546.1197780564382,642.2486112564411,2188.822719856288,630.5588266905278,3160.692250740375,2202.3766827422464
train_audio/rubthr1/iNat1205951.ogg,iNat1205951.ogg,rubthr1,Rufous-bellied Thrush,Turdus rufiventris,test,12.23609375,0.063490555,0.013162628,0.055997242647058826,0.023760658734175415,2436.0244997015425,477.3509869473313,3565.39987904604,220.68226003465455,6199.795751633987,1558.530115023308
train_audio/rubthr1/iNat1209629.ogg,iNat1209629.ogg,rubthr1,Rufous-bellied Thrush,Turdus rufiventris,test,7.94125,0.011938656,0.037036598,0.12385248993963782,0.04905996055263262,3319.333209197912,1125.0004465658026,3464.222924254769,748.0441159714104,6998.585261569417,2709.617179554847
train_audio/rubthr1/iNat810354.ogg,iNat810354.ogg,rubthr1,Rufous-bellied Thrush,Turdus rufiventris,test,30.10134375,0.016171617,0.0056608547,0.1523546468185441,0.06408047392938031,3690.835975918867,674.6859220902885,3551.8497463841936,235.7366025192234,7936.561835812965,983.3299462606952
train_audio/rubthr1/XC243706.ogg,XC243706.ogg,rubthr1,Rufous-bellied Thrush,Turdus rufiventris,test,30.96,0.07738136,0.05160395,0.06794272178460743,0.056948121282948065,2000.5520176363734,571.6384270530882,2462.61239855514,538.6561706911144,3246.973463326446,1286.9005769704982
train_audio/rubthr1/iNat1309794.ogg,iNat1309794.ogg,rubthr1,Rufous-bellied Thrush,Turdus rufiventris,test,24.19375,0.027728342,0.012685283,0.07693737607402512,0.05048960618900107,2259.1817389129205,592.7413450340505,2721.72625366936,353.22007648328554,4742.812293456708,1241.0166388739078
train_audio/rubthr1/XC1667.ogg,XC1667.ogg,rubthr1,Rufous-bellied Thrush,Turdus rufiventris,test,34.84734375,0.0380594,0.020172188,0.17493538904671718,0.05800424635386811,4229.1919346300765,405.8434973697478,3835.9124623376924,513.3344270795169,8596.124598255281,1226.8367358075934
train_audio/rubthr1/XC713775.ogg,XC713775.ogg,rubthr1,Rufous-bellied Thrush,Turdus rufiventris,test,4.5453125,0.07800084,0.081980415,0.24054961622807017,0.06899753286601255,3974.338722127947,718.8358919383161,2480.3877880551418,435.5534683887622,6161.6776315789475,1080.9497742470874
train_audio/rubthr1/XC974027.ogg,XC974027.ogg,rubthr1,Rufous-bellied Thrush,Turdus rufiventris,test,44.199,0.05138145,0.055394508,0.08037236614413681,0.07314069656699476,3482.6764417306517,887.3246698958122,3738.769140653803,520.6358797391422,7782.330121245023,1605.1125807295966
train_audio/rubthr1/XC293365.ogg,XC293365.ogg,rubthr1,Rufous-bellied Thrush,Turdus rufiventris,test,84.3755,0.05374001,0.047017455,0.21632822128602577,0.06526656672946103,3856.7980598030067,689.3732996118466,2361.8971358472727,480.2762989507416,5679.518629124004,1129.4260852882278
train_audio/rubthr1/iNat140130.ogg,iNat140130.ogg,rubthr1,Rufous-bellied Thrush,Turdus rufiventris,test,23.3360625,0.008456431,0.009867281,0.11826747504712132,0.031220298591332428,3229.162579551243,539.1544157480063,3454.9178165958374,523.3634508229574,7032.310229609321,1426.1521629869142
train_audio/rubthr1/XC337457.ogg,XC337457.ogg,rubthr1,Rufous-bellied Thrush,Turdus rufiventris,test,5.92978125,0.0017828299,0.0050614187,0.2805879906502695,0.0841187989416388,5506.730544181766,892.4767928259208,3742.8546710074925,440.34665500904083,10042.494946091645,1253.3875421412467
train_audio/rubthr1/iNat1622234.ogg,iNat1622234.ogg,rubthr1,Rufous-bellied Thrush,Turdus rufiventris,test,7.49715625,0.008332943,0.0031236317,0.1033448827292111,0.04669999789005048,2777.9605716052847,574.1732904425605,3056.0663958493196,297.20678433136584,5403.684701492537,1148.6226716136593
train_audio/rubthr1/iNat1689240.ogg,iNat1689240.ogg,rubthr1,Rufous-bellied Thrush,Turdus rufiventris,test,19.51346875,0.0009140464,0.00041366564,0.11009701588114754,0.04265194220493721,2752.207762582018,527.5796873151694,2859.498115929222,243.48456681813556,5535.591700819672,1000.2477922914351
train_audio/rubthr1/iNat1703793.ogg,iNat1703793.ogg,rubthr1,Rufous-bellied Thrush,Turdus rufiventris,test,20.13171875,0.016219137,0.01028352,0.16466053787728355,0.03317172247766942,3436.017366163841,332.0224199833578,2784.3067420251746,226.63912205492565,6606.78117553614,648.4873731687771
train_audio/rubthr1/iNat275185.ogg,iNat275185.ogg,rubthr1,Rufous-bellied Thrush,Turdus rufiventris,test,13.848,0.012531076,0.010367581,0.14528735295178985,0.031115741112161994,3596.32233359305,577.185837551369,3418.543532018446,524.9632508417479,6857.931581986143,2013.0217124184214
train_audio/rubthr1/XC343083.ogg,XC343083.ogg,rubthr1,Rufous-bellied Thrush,Turdus rufiventris,test,73.5869375,0.0005163536,0.00026871095,0.22005689538043477,0.02616980410368964,4444.438370822263,267.7999663240589,2679.993772195702,153.10750589178366,6981.650815217391,511.15269435762895
train_audio/rubthr1/iNat1199241.ogg,iNat1199241.ogg,rubthr1,Rufous-bellied Thrush,Turdus rufiventris,test,69.03359375,0.01987282,0.013527321,0.07012703233632676,0.04460780530063565,2332.0146262939265,731.6061530091707,3049.2336323941354,622.0448003049133,4942.859212050985,2077.5956733067824
train_audio/rubthr1/iNat1459448.ogg,iNat1459448.ogg,rubthr1,Rufous-bellied Thrush,Turdus rufiventris,test,21.03046875,0.03540006,0.033016216,0.27506126722908747,0.03313806638742231,4541.930537180635,376.8672579767304,3180.9965447555815,275.47071320400875,6652.162547528517,798.6726502230013
train_audio/rubthr1/XC289122.ogg,XC289122.ogg,rubthr1,Rufous-bellied Thrush,Turdus rufiventris,test,37.56409375,0.056729138,0.0446513,0.2256179627608603,0.05405632923036955,4122.179288271781,647.1620439827285,2596.827347108999,350.408770676782,6059.1727001703575,1286.1070722117468
train_audio/banana/iNat912490.ogg,iNat912490.ogg,banana,Bananaquit,Coereba flaveola,train,7.95996875,0.004290725,0.0020953733,0.046163168298192774,0.04339679224095677,2649.463164612531,785.9814681288627,4195.002099373473,374.6036756818612,7508.032128514056,2241.2324648237422
train_audio/banana/XC524993.ogg,XC524993.ogg,banana,Bananaquit,Coereba flaveola,train,43.28490625,0.06328819,0.032717742,0.3102157604051183,0.11167822952319247,5390.1924832717,1249.1105504333289,3718.690610149804,516.6787394061005,8672.758453436807,2097.5529187302964
train_audio/banana/iNat1550176.ogg,iNat1550176.ogg,banana,Bananaquit,Coereba flaveola,train,15.11621875,0.0050355988,0.006710008,0.2065409019510582,0.14241685531308507,4656.186182584002,1456.6975938479627,3658.1560639028144,539.7912362629804,8274.222883597884,1368.8525492528586
train_audio/banana/iNat804530.ogg,iNat804530.ogg,banana,Bananaquit,Coereba flaveola,train,20.82134375,0.2565503,0.003579771,0.0,0.0,1275.7920914125918,434.2367266414998,3053.0862660996136,319.4620228538163,2593.5939900153608,2616.0432496097246
train_audio/banana/iNat1631602.ogg,iNat1631602.ogg,banana,Bananaquit,Coereba flaveola,train,0.144,0.43614626,0.13567944,0.1431640625,0.0326950149796051,2809.587407424261,388.86998136948387,2430.6724237626695,357.58190070758303,3706.25,102.88798520721456
train_audio/banana/iNat1721020.ogg,iNat1721020.ogg,banana,Bananaquit,Coereba flaveola,train,12.56490625,0.0030321595,0.0012166477,0.15316997654262088,0.12360755476658906,3459.265880069158,1618.244389227194,3195.1794385503463,463.327792299826,6624.741571246819,2138.743547882676
train_audio/banana/XC789043.ogg,XC789043.ogg,banana,Bananaquit,Coereba flaveola,train,16.30040625,0.012757819,0.0022234442,0.28404599714793916,0.03201228465028144,4071.731905189861,453.60062297661693,2601.8140828323044,197.21478431308,6824.3375858684985,631.528162774272
train_audio/banana/XC154742.ogg,XC154742.ogg,banana,Bananaquit,Coereba flaveola,train,35.5,0.025209183,0.0376049,0.16549367676881477,0.16620936905682798,3566.2708791160703,2145.988673682867,2994.5625740240694,398.1666303025921,5673.022757999099,2293.0506511328435
train_audio/banana/iNat1721098.ogg,iNat1721098.ogg,banana,Bananaquit,Coereba flaveola,train,9.87428125,0.1341828,0.028219637,0.036677190786812294,0.01967774636413347,1880.4656986043326,419.1455245119535,2753.6789825759242,301.1907966822468,4805.850525889968,1352.214235981348
train_audio/banana/XC59515.ogg,XC59515.ogg,banana,Bananaquit,Coereba flaveola,train,15.8563125,0.021556571,0.016331676,0.25874230169480844,0.08914484921934095,5208.605999387983,739.9665698833146,4216.339973804569,266.08747707724143,10010.537424395161,482.65504316153005
train_audio/banana/XC469261.ogg,XC469261.ogg,banana,Bananaquit,Coereba flaveola,train,12.59103125,0.0246794,0.0440833,0.22667976195203304,0.10899132231626019,4297.954524483753,1296.1109321587735,3022.1183066482404,318.5731255167104,7540.2438055908515,1060.1503017341745
train_audio/banana/XC782352.ogg,XC782352.ogg,banana,Bananaquit,Coereba flaveola,train,23.118,0.0049326294,0.0030801035,0.26830699881055364,0.08557277986921444,4873.200500340516,746.2648175662501,3468.4991353788073,415.5790962837341,8706.390570934256,1000.9900013931377
train_audio/banana/iNat321245.ogg,iNat321245.ogg,banana,Bananaquit,Coereba flaveola,train,5.68890625,0.0063626217,0.0023575565,0.05413612622893258,0.03627074535355557,1875.202893197196,800.3388189770413,3021.203425606392,744.4879053236865,3004.5646067415732,1873.3137786538507
train_audio/banana/XC173288.ogg,XC173288.ogg,banana,Bananaquit,Coereba flaveola,train,62.424,0.054076668,0.03494327,0.11260326234943618,0.11725572392273753,3396.9870860304936,1323.8935636581455,3289.952878968403,297.9770719730987,6672.7079062019475,1389.6138002585933
train_audio/banana/XC939088.ogg,XC939088.ogg,banana,Bananaquit,Coereba flaveola,train,79.229,0.024772879,0.009017948,0.12933783461858844,0.08773580605453962,3180.1568711239693,788.5403362264585,3281.5368230592667,335.13649191187386,6643.616215670436,1106.8011302749078
train_audio/banana/iNat1648127.ogg,iNat1648127.ogg,banana,Bananaquit,Coereba flaveola,train,3.5626875,0.068230666,0.033562746,0.08861538326793722,0.07314205201039536,2567.140465295079,814.9711964629319,3160.191746920727,399.34978055189816,5742.012331838565,1579.484386120049
train_audio/banana/XC541448.ogg,XC541448.ogg,banana,Bananaquit,Coereba flaveola,train,17.544,0.01594693,0.026925562,0.3890898295066089,0.07941701813062706,6910.810847829792,941.1241793704311,2811.6031225248125,499.6204903674213,9792.131950774841,947.2203270564602
train_audio/banana/iNat909849.ogg,iNat909849.ogg,banana,Bananaquit,Coereba flaveola,train,18.39021875,0.0058295242,0.0044905744,0.18690387228260869,0.16515001961875406,4593.803113582549,1943.692529607824,3679.833088868928,447.90254677611216,8182.785326086957,1509.9351327358413
train_audio/banana/XC155797.ogg,XC155797.ogg,banana,Bananaquit,Coereba flaveola,train,22.5436875,0.01236479,0.0047331294,0.1486488921664301,0.12948993111998378,3178.272011745753,1274.528780675277,3428.2348287390287,334.8110895822877,6029.386976579134,2057.3542190523312
train_audio/banana/XC213288.ogg,XC213288.ogg,banana,Bananaquit,Coereba flaveola,train,25.54775,0.021231737,0.01583243,0.10159429790231685,0.09737787323973512,2770.505052302182,1116.6347948869084,3346.213079334695,205.95146958465975,5121.908265497808,1591.7095741263429
train_audio/banana/XC795744.ogg,XC795744.ogg,banana,Bananaquit,Coereba flaveola,train,29.5445,0.023346866,0.032236677,0.24922276834055224,0.10647564230570015,4733.674012210509,1024.7894735473387,2942.1010825307403,843.5127937189717,7495.812466161343,1140.1319927893928
train_audio/banana/XC375205.ogg,XC375205.ogg,banana,Bananaquit,Coereba flaveola,train,31.2424375,0.013993696,0.018184334,0.20708275329621095,0.1475639008073327,4764.960068068915,1561.6188675368742,3481.0515911895827,519.262768405946,8377.368151561699,794.0720983946852
train_audio/banana/XC214002.ogg,XC214002.ogg,banana,Bananaquit,Coereba flaveola,train,26.853875,0.016631387,0.045674313,0.3620615647334723,0.04866019747920962,5983.453870014412,633.3578213441368,3340.7997701892878,678.9818431766969,9405.700938058368,1035.8540794784249
train_audio/banana/XC58868.ogg,XC58868.ogg,banana,Bananaquit,Coereba flaveola,train,29.20490625,0.07997478,0.025131494,0.03050447528751369,0.04929274343192358,1628.7500175894784,1259.351033680165,2539.187856066737,752.7259043339973,3459.8507667031763,2788.5978250300914
train_audio/banana/iNat1078205.ogg,iNat1078205.ogg,banana,Bananaquit,Coereba flaveola,train,14.14096875,0.028529912,0.010438223,0.04145032787754525,0.03052626147468581,1888.8509178510283,744.711726530869,2543.33360747517,512.1857770333206,4176.59431561086,1626.7584549331898
train_audio/banana/XC799774.ogg,XC799774.ogg,banana,Bananaquit,Coereba flaveola,train,51.7735625,0.015585462,0.018745093,0.4086974418649567,0.061037992624701366,6921.995028537742,653.7935148638803,2752.2620517885016,575.298270724293,9557.917761124845,508.7130467205247
train_audio/banana/XC520548.ogg,XC520548.ogg,banana,Bananaquit,Coereba flaveola,train,60.8130625,0.017614158,0.003707331,0.16288412486023415,0.06857645453440357,3465.6524090275043,701.9045344051785,3255.9107801048144,200.87308784400466,6920.744540910287,919.8732589838239
train_audio/banana/XC190593.ogg,XC190593.ogg,banana,Bananaquit,Coereba flaveola,train,85.0808125,0.02966597,0.050970256,0.21054654445985332,0.1677599641983083,4545.049042333006,1863.966344665231,3096.085714236954,897.9160404974879,7696.13811583302,857.4481118965974
train_audio/banana/XC214521.ogg,XC214521.ogg,banana,Bananaquit,Coereba flaveola,train,569.328,0.02303894,0.018506298,0.26448683429965014,0.11263028208275208,4807.727053032861,986.7214137997238,3500.1641940314994,432.7497918866566,8040.258174319919,802.8318630546728
train_audio/banana/XC155808.ogg,XC155808.ogg,banana,Bananaquit,Coereba flaveola,train,28.186125,0.020099357,0.0077628,0.1809093115954881,0.12550609880502203,3506.8586681935617,1339.225845771875,3314.164474736385,417.7167246114237,6575.101092508513,2143.282999517334
train_audio/banana/iNat559630.ogg,iNat559630.ogg,banana,Bananaquit,Coereba flaveola,train,14.13225,0.0024447623,0.00852569,0.1313758263221154,0.10648540898786074,3707.068879370773,1619.0229232427619,3910.62889560828,681.6905587979301,7953.619909502262,2865.4894958097925
train_audio/banana/iNat871291.ogg,iNat871291.ogg,banana,Bananaquit,Coereba flaveola,train,8.24309375,0.008556742,0.002894796,0.16653324097625968,0.0887515857361949,3706.2785183000387,798.5816194266549,3550.340212819034,233.85493211591242,7959.817102713178,828.6094535199225
train_audio/banana/XC393165.ogg,XC393165.ogg,banana,Bananaquit,Coereba flaveola,train,75.10203125,0.0023590229,0.0011825725,0.20251043552939924,0.06583280568268039,3828.9744736054913,782.8952041844425,2420.9215692954763,340.905952396784,6081.057600127823,1144.617254314291
train_audio/banana/iNat1471075.ogg,iNat1471075.ogg,banana,Bananaquit,Coereba flaveola,train,16.1706875,0.04061755,0.022760566,0.17275062206355093,0.12746703320151964,3391.2980747812026,1452.2927664804274,2904.576365394627,448.30362016139014,6317.368323442137,2014.9136963975525
train_audio/banana/XC277006.ogg,XC277006.ogg,banana,Bananaquit,Coereba flaveola,train,15.024,0.015218951,0.0072645093,0.1634521484375,0.05408940625882002,3487.3777899795564,544.9207497346873,3068.7024529839728,305.43477516371183,6120.079787234043,531.466728586187
train_audio/banana/iNat1369561.ogg,iNat1369561.ogg,banana,Bananaquit,Coereba flaveola,train,7.63721875,0.017141674,0.013708637,0.2415020675339958,0.17892671552011366,5197.402415797574,1796.9772281548203,3936.5593116910427,558.8216745160754,9353.458420502093,970.478949191972
train_audio/banana/XC756928.ogg,XC756928.ogg,banana,Bananaquit,Coereba flaveola,train,23.01390625,0.0027688807,0.0041708997,0.1825191240661918,0.17068223396497614,3391.6077988221887,2080.2816877082946,2455.930456307409,482.9709107714624,4978.27267199444,2263.7400317266943
train_audio/banana/iNat1711277.ogg,iNat1711277.ogg,banana,Bananaquit,Coereba flaveola,train,6.57125,0.005475479,0.0013586015,0.04083623213199514,0.023536682934234925,2467.717803536289,619.7492789734778,3615.8099940546986,355.10015371778775,6360.363442822384,1615.8458063672508
train_audio/banana/XC189212.ogg,XC189212.ogg,banana,Bananaquit,Coereba flaveola,train,42.8146875,0.025739605,0.008920016,0.19575297493927504,0.0816098893266526,4157.486762301354,741.8303503000672,3684.2044944596973,371.38309148645527,8265.052784005979,628.7136560152003
train_audio/banana/iNat724173.ogg,iNat724173.ogg,banana,Bananaquit,Coereba flaveola,train,16.718375,0.01606848,0.026019871,0.03387970992822967,0.029248612936950122,1590.292605462915,730.7600168061135,2734.3117044556857,684.1918241620094,3193.5855263157896,2025.3774192548592
train_audio/banana/XC523829.ogg,XC523829.ogg,banana,Bananaquit,Coereba flaveola,train,45.4269375,0.05954565,0.04051608,0.3247962629291373,0.10653616167760704,6446.113222625435,1260.472313134473,4381.663924053985,754.0033175559263,11599.647887323943,2325.909715568928
train_audio/banana/XC173431.ogg,XC173431.ogg,banana,Bananaquit,Coereba flaveola,train,92.616,0.066304624,0.04817828,0.09443151882881326,0.1355578702264311,3183.7448441663937,2080.867882236414,3142.9340433132957,510.40659090829143,5908.781741233373,2583.146924832884
train_audio/banana/iNat770503.ogg,iNat770503.ogg,banana,Bananaquit,Coereba flaveola,train,10.64,0.0019697638,0.0005045514,0.09907563813813813,0.05617163907777506,3270.673248401744,635.5649913412911,3827.8585975512115,246.5129860073,7195.07789039039,1188.3310838074376
train_audio/banana/XC1028247.ogg,XC1028247.ogg,banana,Bananaquit,Coereba flaveola,train,182.75,0.03228493,0.023445953,0.09079406449724216,0.04645503856663126,2451.914398107745,533.6788420178781,2984.5610925961914,313.36302795689636,4957.683089651549,1574.3986138666307
train_audio/banana/XC700790.ogg,XC700790.ogg,banana,Bananaquit,Coereba flaveola,train,3.813875,0.011464436,0.011084804,0.34016041775627615,0.1236851885006824,5597.915799681786,1691.2972573114328,2742.760446954203,431.11578156709777,8006.537656903765,1621.7008417653287
train_audio/banana/iNat599949.ogg,iNat599949.ogg,banana,Bananaquit,Coereba flaveola,train,11.736125,0.05496535,0.007964001,0.16566438181198911,0.05308090150764403,3840.3974060601654,358.5956702246302,3735.983444064843,134.98030063856436,7886.367506811989,490.4896852867213
train_audio/banana/iNat613793.ogg,iNat613793.ogg,banana,Bananaquit,Coereba flaveola,train,10.8194375,0.055407863,0.0040472955,0.11981715057237814,0.03182422233201605,3043.1719122688082,314.58725422355013,3362.6965371994447,139.20414477438493,6473.804468242245,816.7515659813736
train_audio/banana/XC411998.ogg,XC411998.ogg,banana,Bananaquit,Coereba flaveola,train,16.7445,0.033432554,0.030965896,0.365801937828319,0.15439163726778402,6057.382094599774,1953.0014085663238,2332.936763823294,760.035676333809,8087.601480420249,1333.7759433546516
train_audio/banana/XC1017290.ogg,XC1017290.ogg,banana,Bananaquit,Coereba flaveola,train,27.648,0.0040022954,0.0059255883,0.13165237312030076,0.07092987014217177,2479.1810722094087,789.0751560683804,2299.9084532532465,355.3411931309918,5193.590948525159,1328.4115095165419
train_audio/banana/iNat964608.ogg,iNat964608.ogg,banana,Bananaquit,Coereba flaveola,train,30.0408125,0.01144257,0.011559751,0.21739825653953673,0.11020510924052865,4267.855131061186,1093.284195154693,3736.083632555692,370.78938786825967,8520.75013312034,1208.6892458600582
train_audio/banana/iNat298967.ogg,iNat298967.ogg,banana,Bananaquit,Coereba flaveola,train,52.95021875,0.017813561,0.012226345,0.2301540962518882,0.14314960592770296,4144.003165782123,1627.6561824757491,3030.6955420150525,572.2537242577142,7035.871412386707,2058.143978433577
train_audio/banana/iNat33119.ogg,iNat33119.ogg,banana,Bananaquit,Coereba flaveola,train,8.256,0.0048083505,0.005221989,0.16215376420454544,0.09800412984877535,4579.834180375684,899.9162439318934,4163.412279875409,217.0655631347259,9538.805609284333,1095.6702692437657
train_audio/banana/XC778612.ogg,XC778612.ogg,banana,Bananaquit,Coereba flaveola,train,25.312,0.050911445,0.06322364,0.06059375987049905,0.07898862174505603,2310.778436843863,1624.4106980135323,3044.0187396791366,926.2705240355735,4725.432327858496,3615.48617026054
train_audio/banana/XC939911.ogg,XC939911.ogg,banana,Bananaquit,Coereba flaveola,train,41.691,0.013374853,0.00845547,0.31141007980381813,0.11409250814810862,4966.523326596599,1058.1447485460205,2857.0264196417293,510.49411953555307,7953.0650422102835,1208.881812525909
train_audio/banana/iNat1596516.ogg,iNat1596516.ogg,banana,Bananaquit,Coereba flaveola,train,10.42284375,0.0035034034,0.0015748813,0.046245177099309816,0.05099028145259769,2692.7365070331343,1048.3095717855017,4317.951437072517,509.2693641994156,7197.732937116564,3078.0756927509337
train_audio/banana/XC123772.ogg,XC123772.ogg,banana,Bananaquit,Coereba flaveola,train,46.6808125,0.05859052,0.040410455,0.29314177358207677,0.1500497405864427,4998.035463546073,1647.31407314696,3431.2122314148974,280.54297162587824,8232.59188656614,1523.8576757264398
train_audio/banana/XC303796.ogg,XC303796.ogg,banana,Bananaquit,Coereba flaveola,train,31.5036875,0.021866027,0.028950159,0.366579938261808,0.05147680802719204,6526.044234577598,564.2786747597456,3996.9009403263235,484.6925642909815,11432.214956830878,1504.4098192303466
train_audio/banana/iNat563404.ogg,iNat563404.ogg,banana,Bananaquit,Coereba flaveola,train,15.6735,0.0030239073,0.000976843,0.06631158322704081,0.0432237329123078,2506.6012880946314,581.9363472272865,3302.228348404321,366.8412664463004,5723.533163265306,1584.5680257725471
train_audio/banana/iNat502581.ogg,iNat502581.ogg,banana,Bananaquit,Coereba flaveola,train,11.91665625,0.04722323,0.0114237275,0.08889405935402685,0.07403093272241745,2536.804117152593,1367.6725276598256,3002.253203682848,818.6968533891718,4892.911073825503,3035.457119676953
train_audio/banana/XC479540.ogg,XC479540.ogg,banana,Bananaquit,Coereba flaveola,train,88.00653125,0.03825829,0.020097591,0.3690100557001,0.0551182201740306,6028.21478103895,488.7001566013213,3564.085073695405,368.08762312130244,9430.447305035448,701.5335018427604
train_audio/banana/XC1035619.ogg,XC1035619.ogg,banana,Bananaquit,Coereba flaveola,train,5.12,0.0052421917,0.0020322553,0.3058526820482866,0.04270405489319401,5406.078034989924,535.8024370577386,3589.8679583617923,347.93665123489427,9272.58566978193,1142.1244012102256
train_audio/banana/iNat356423.ogg,iNat356423.ogg,banana,Bananaquit,Coereba flaveola,train,23.3825,0.016348582,0.0075779646,0.10879754563525992,0.12361610922547597,2855.670191677899,1592.1280412196165,3114.023854412141,597.7525288315275,5746.056344049248,2488.0239834733848
train_audio/banana/iNat1433394.ogg,iNat1433394.ogg,banana,Bananaquit,Coereba flaveola,train,30.0,0.022363631,0.0022965854,0.4131593358542111,0.02969206942922488,6958.461396667012,500.51327674997196,2824.0198150082297,402.7245717245382,9231.210021321962,2282.7404709916773
train_audio/banana/iNat864851.ogg,iNat864851.ogg,banana,Bananaquit,Coereba flaveola,train,5.95,0.058152597,0.022891514,0.06923749369959678,0.09210951217213598,2428.2517450276923,1669.1909359510762,2910.1155378611165,721.7210127100035,4571.950604838709,2951.381808564827
train_audio/banana/iNat1020622.ogg,iNat1020622.ogg,banana,Bananaquit,Coereba flaveola,train,28.7346875,0.022432793,0.00609223,0.11271140729398664,0.05547460082680835,2519.657572948906,651.5831015466558,2331.60220329632,267.4820390949723,5500.48719376392,993.5181191289665
train_audio/banana/iNat32317.ogg,iNat32317.ogg,banana,Bananaquit,Coereba flaveola,train,8.04634375,0.0058276355,0.0018381516,0.08645199117793241,0.028145707107677085,2127.4192001361753,445.0615727052718,2657.2197159875727,322.92075540973053,3474.7142147117297,1484.4544082116083
train_audio/banana/XC331386.ogg,XC331386.ogg,banana,Bananaquit,Coereba flaveola,train,6.0,0.0059499834,0.006002282,0.24566260804521275,0.16115395275292607,4858.90706250155,1713.5975527832572,3840.697118861996,439.53257619274814,8822.80585106383,1444.9122562392474
train_audio/banana/XC1068890.ogg,XC1068890.ogg,banana,Bananaquit,Coereba flaveola,train,64.51140625,0.03426546,0.03630317,0.32544090634300593,0.10333010719104012,5894.284981376913,905.8952193326552,3747.286095254919,824.5590231355659,10055.121527777777,1459.134602152274
train_audio/banana/XC196936.ogg,XC196936.ogg,banana,Bananaquit,Coereba flaveola,train,52.558375,0.021040818,0.022155115,0.28822759108637747,0.15927391368419622,5046.174160212627,1770.116843710889,3382.2580030730337,395.189600605446,8086.838850837138,1487.2854917330587
train_audio/banana/XC830531.ogg,XC830531.ogg,banana,Bananaquit,Coereba flaveola,train,5.825,0.001543227,0.00084811845,0.3051570526541096,0.09891173599494749,4726.174208411189,1127.329618732108,2848.194317929665,352.7640773304956,7483.005136986301,1253.455517669731
train_audio/banana/iNat326637.ogg,iNat326637.ogg,banana,Bananaquit,Coereba flaveola,train,24.28809375,0.014048793,0.009369671,0.12081762518515471,0.10935124837973405,4118.965720402736,1276.5692820912018,3853.5724040993073,327.44306772571747,8801.761026991442,1097.815587692072
train_audio/banana/XC864623.ogg,XC864623.ogg,banana,Bananaquit,Coereba flaveola,train,34.011,0.013364776,0.026467266,0.32741921999941204,0.11633424475148416,5706.376524472858,1485.826869830024,3328.415256946229,640.247527973899,8697.502645813734,1203.5813320552702
train_audio/banana/XC340263.ogg,XC340263.ogg,banana,Bananaquit,Coereba flaveola,train,23.016,0.04537587,0.045228787,0.143080657683287,0.1264353285025292,3347.012358221059,1462.717033703792,2931.758546502985,519.617343143733,5988.023366921473,1390.1172876137318
train_audio/banana/XC706371.ogg,XC706371.ogg,banana,Bananaquit,Coereba flaveola,train,18.4163125,0.012182143,0.016392183,0.23410585191514757,0.0769615067898329,5090.229581988196,534.0546492456397,4086.4347488823146,685.0659701881168,10051.7578125,1222.6432065637014
train_audio/banana/XC626037.ogg,XC626037.ogg,banana,Bananaquit,Coereba flaveola,train,20.328,0.0025692077,0.0015469404,0.1898887748328088,0.15732427872029114,5209.340600446821,1611.4862879690922,4186.555534131416,393.2211451471728,9868.939319433517,1427.7466374080263
train_audio/banana/XC649625.ogg,XC649625.ogg,banana,Bananaquit,Coereba flaveola,train,16.032,0.044415604,0.045256853,0.31479925458000996,0.11101328859773765,4988.962391648519,1132.101208131326,3045.7568505846775,319.80272425939006,7749.314556331007,1098.2615157456005
train_audio/banana/XC1067310.ogg,XC1067310.ogg,banana,Bananaquit,Coereba flaveola,train,126.03703125,0.017232565,0.010436461,0.309455524879411,0.030528593330151108,5626.53369926244,373.6048088579452,3164.4363405757995,391.87695561185114,8993.282321020564,1106.09668291973
train_audio/banana/XC924677.ogg,XC924677.ogg,banana,Bananaquit,Coereba flaveola,train,39.888,0.031171482,0.025361238,0.08799164870689655,0.047961566882512574,3054.3892093352324,671.7690842827706,3499.9817883811634,220.07916807745138,6673.29716319166,1270.929663382068
train_audio/banana/XC169849.ogg,XC169849.ogg,banana,Bananaquit,Coereba flaveola,train,14.28896875,0.008546429,0.013379774,0.3635821929180649,0.048448700930997256,6259.275003117831,584.1595893430439,3245.5292264945997,708.4634133500801,9738.027824384788,1806.1030594646895
train_audio/banana/iNat55498.ogg,iNat55498.ogg,banana,Bananaquit,Coereba flaveola,train,78.1119375,0.0031965738,0.0094368225,0.13448187778446333,0.09381677233043376,3571.6588971236065,1175.3766954827802,3848.0888794363827,466.2530724177492,7504.247106718558,1551.2646917050447
train_audio/banana/iNat1110699.ogg,iNat1110699.ogg,banana,Bananaquit,Coereba flaveola,train,12.00325,0.007930332,0.009507941,0.24971717397636484,0.1519858052990672,5602.7731668031765,1495.6950479089608,4298.0632527889065,372.10871064566055,10615.512649800266,1589.8682036596908
train_audio/banana/iNat1041315.ogg,iNat1041315.ogg,banana,Bananaquit,Coereba flaveola,train,16.95059375,0.009344595,0.0027899097,0.12827931530070755,0.0926076878156921,3344.2933626427102,1137.2435519797095,3427.052230054604,515.863513865819,6757.797759433963,1923.7115998589525
train_audio/banana/XC288516.ogg,XC288516.ogg,banana,Bananaquit,Coereba flaveola,train,88.8424375,0.044922624,0.039960798,0.3592365964906357,0.0674293546072747,6192.0149494137595,913.4168414896997,3216.679871463893,725.2431697548631,9438.299117594093,1998.113312554141
train_audio/banana/XC214523.ogg,XC214523.ogg,banana,Bananaquit,Coereba flaveola,train,18.6,0.010608373,0.005832818,0.2428987196367154,0.06304463514583714,4422.982220327966,644.41062345073,3480.924831088908,201.99488069673424,7502.189918314703,840.9291615174161
train_audio/banana/XC308651.ogg,XC308651.ogg,banana,Bananaquit,Coereba flaveola,train,23.6146875,0.007692085,0.009803267,0.25427709233147017,0.03180642094740932,4960.556597528904,433.7532308173063,2823.002677811369,478.1049628065666,7462.3983739837395,1307.6533618221827
train_audio/banana/XC721906.ogg,XC721906.ogg,banana,Bananaquit,Coereba flaveola,train,48.22203125,0.0038813874,0.0027916627,0.22678784811504646,0.149458109829903,4832.766218267419,2047.7269935742556,3870.611662316294,480.6969859926888,9089.955209024552,2582.157154047252
train_audio/banana/XC616607.ogg,XC616607.ogg,banana,Bananaquit,Coereba flaveola,train,22.56978125,0.015519397,0.017456252,0.32900951231396175,0.06780123326347112,5667.7551961662,669.5481141358736,2816.569364229388,537.2899679787151,8796.886073706592,960.411422391739
train_audio/banana/iNat308636.ogg,iNat308636.ogg,banana,Bananaquit,Coereba flaveola,train,20.48,0.019115407,0.014164225,0.1397829911934036,0.16256835186101876,3729.1803643167023,1926.3564501925414,3397.4629454256487,399.603212527475,7565.561572989852,1637.8937864141278
train_audio/banana/XC318598.ogg,XC318598.ogg,banana,Bananaquit,Coereba flaveola,train,45.96,0.021881916,0.011841694,0.30817617010746606,0.10963372912022344,5208.614959590745,1132.414810279105,3361.79845417348,353.84960643534276,8187.434737208493,1119.024821565368
train_audio/banana/iNat1375832.ogg,iNat1375832.ogg,banana,Bananaquit,Coereba flaveola,train,35.813875,0.037987884,0.035872787,0.2782662286456007,0.16251828308747543,5712.65197325765,1772.9648384463903,3719.490839084737,647.8526756180792,9202.175915587315,1460.7446994376855
train_audio/banana/iNat1737573.ogg,iNat1737573.ogg,banana,Bananaquit,Coereba flaveola,train,9.8685,0.002495714,0.001092295,0.18707977740072934,0.1482611988031727,3899.025021645162,1378.9372565531148,3478.6725853520734,241.15495872415397,7532.009724473258,1122.7725304316189
train_audio/banana/XC1035894.ogg,XC1035894.ogg,banana,Bananaquit,Coereba flaveola,train,83.71459375,0.05392684,0.01980081,0.15074304966677815,0.07210134113246458,3479.9863831706184,767.3586165510447,3333.60348940384,166.4681194298641,6678.279667494745,1132.2877634006436
train_audio/banana/XC247112.ogg,XC247112.ogg,banana,Bananaquit,Coereba flaveola,train,21.0808125,0.048302133,0.02600765,0.19619570371775416,0.09056093265460984,4275.276903475981,648.1836962719304,3904.637267047297,469.02819442379115,8621.194518209408,1238.0572505770433
train_audio/banana/XC149227.ogg,XC149227.ogg,banana,Bananaquit,Coereba flaveola,train,48.0914375,0.108009875,0.095838405,0.19161514211161013,0.14675213156499084,4185.81457791092,1400.8805228272377,3489.532397364557,529.0649859698564,7445.057801064538,1035.5433288874326
train_audio/banana/XC1035885.ogg,XC1035885.ogg,banana,Bananaquit,Coereba flaveola,train,43.23303125,0.019018356,0.020196196,0.17969562898862376,0.08455989954172434,4376.529065098663,920.5317413864971,3989.916529970935,391.18891969756,8775.423140954495,1568.357790932233
train_audio/banana/iNat33115.ogg,iNat33115.ogg,banana,Bananaquit,Coereba flaveola,train,16.32,0.0057800147,0.002513076,0.12625059301542604,0.06485743449600888,4443.076316606813,890.1189003368349,4138.031931961154,341.91813185352896,9439.520078354555,1482.6577402259609
train_audio/banana/iNat336997.ogg,iNat336997.ogg,banana,Bananaquit,Coereba flaveola,train,32.0,0.004043996,0.0026636263,0.15197162161106947,0.13382806718366175,3316.0754708916734,1558.4652988576083,3404.6623249891886,505.020868118381,6646.11444277861,2396.371166865978
train_audio/banana/XC520823.ogg,XC520823.ogg,banana,Bananaquit,Coereba flaveola,train,10.9191875,0.012260154,0.012258063,0.16133084164531478,0.18769060136485502,3704.211733044457,2313.0657044609634,3323.6886666570513,1006.9514982849347,7331.853953147877,3819.937436562821
train_audio/banana/XC58862.ogg,XC58862.ogg,banana,Bananaquit,Coereba flaveola,train,8.829375,0.06857161,0.019190576,0.043486221976902176,0.03582139991291443,2471.990249968129,978.811679324366,3232.1175464975363,565.0114577069223,6427.423007246377,2227.360730235092
train_audio/banana/iNat800427.ogg,iNat800427.ogg,banana,Bananaquit,Coereba flaveola,train,9.45053125,0.008373205,0.0020369599,0.13281910956006768,0.07319505689038298,3782.4645681965667,669.9797246601272,3758.9177149355933,252.25878385394236,8267.925126903554,732.5527737705384
train_audio/banana/XC860344.ogg,XC860344.ogg,banana,Bananaquit,Coereba flaveola,train,24.581,0.03649786,0.033327397,0.14738278708523098,0.12808229887342107,4162.722146313399,1383.0154916448726,3757.647326316558,401.3930424410419,8170.136629798309,942.1518971789183
train_audio/banana/XC294693.ogg,XC294693.ogg,banana,Bananaquit,Coereba flaveola,train,22.4653125,0.0044029555,0.014549636,0.5491662727980428,0.03066086363975199,8632.213197714156,314.41977696537907,4025.0071205793474,435.26018518550245,13166.803825622776,352.78879957423044
train_audio/banana/XC819184.ogg,XC819184.ogg,banana,Bananaquit,Coereba flaveola,train,46.23675,0.012822077,0.006721963,0.3379105617430796,0.11742664585917752,5684.399663034617,1183.199854774058,4019.9204106640755,558.0828404044752,10177.935769896194,1888.5695670910184
train_audio/banana/XC462887.ogg,XC462887.ogg,banana,Bananaquit,Coereba flaveola,train,103.34040625,0.009152836,0.0065621557,0.24119589369000619,0.10042518826329448,4033.718745374068,1097.8836181251027,2766.083369397428,224.78577717687537,6722.43187799969,1130.4490982049326
train_audio/banana/iNat278088.ogg,iNat278088.ogg,banana,Bananaquit,Coereba flaveola,train,14.05896875,0.04322033,0.040599912,0.3101530281214448,0.12125966826584489,6149.3963459949055,1167.8914536610496,3711.2588125746865,735.5705624848309,10371.14263367463,961.9476910365705
train_audio/banana/XC443365.ogg,XC443365.ogg,banana,Bananaquit,Coereba flaveola,train,25.83509375,0.026379919,0.044250824,0.24960121178405573,0.11860723079198739,4453.994214619658,1553.1912345445758,2742.0823893298307,322.83999441900943,7263.612616099072,1204.228704674989
train_audio/banana/iNat989513.ogg,iNat989513.ogg,banana,Bananaquit,Coereba flaveola,train,7.75,0.020028269,0.013762417,0.20027686050257731,0.15171166380264056,4878.098874571574,1527.939507054613,3896.2240376503373,549.6884408868784,8723.904639175258,604.6498573483373
train_audio/banana/XC583784.ogg,XC583784.ogg,banana,Bananaquit,Coereba flaveola,train,67.57878125,0.016907109,0.011977104,0.34725004253965436,0.0632665145059241,5641.905311095114,682.8107524502907,2770.4450937397455,255.456470084341,8379.905007102272,393.3232552430904
train_audio/banana/iNat764438.ogg,iNat764438.ogg,banana,Bananaquit,Coereba flaveola,train,91.23121875,0.0019479987,0.00083971926,0.11202757804279201,0.09295483470833814,4213.063675982217,1052.6772020940007,3631.59548479083,379.78732053688844,8015.964793055068,1175.6958512413726
train_audio/banana/XC360208.ogg,XC360208.ogg,banana,Bananaquit,Coereba flaveola,train,13.296,0.044511463,0.04030892,0.40570889986478365,0.08896060696835564,7203.869214927742,796.6039083407059,4207.076345339004,364.6141883679723,12391.319861778846,1044.562690244368
train_audio/banana/iNat1445573.ogg,iNat1445573.ogg,banana,Bananaquit,Coereba flaveola,train,28.0555,0.03770756,0.018606775,0.2774456376496579,0.14934918352281365,6266.045155967241,1047.36140846227,3955.8360585640407,464.7173917705196,10479.030074116306,629.000208531879
train_audio/banana/XC771681.ogg,XC771681.ogg,banana,Bananaquit,Coereba flaveola,train,17.65878125,0.062780865,0.06182795,0.11890577233355978,0.12305140621927711,4477.07193099598,1619.4425689457573,3801.468304443933,495.57921825470817,8565.132472826086,1872.3213065182626
train_audio/banana/iNat1720272.ogg,iNat1720272.ogg,banana,Bananaquit,Coereba flaveola,train,5.6946875,0.0030338222,0.0007215603,0.10630678326896068,0.06488925687166891,2543.9996062043256,732.5234676083802,2694.2372605977985,285.30122162692186,4950.66713483146,1203.3943520458085
train_audio/banana/iNat351818.ogg,iNat351818.ogg,banana,Bananaquit,Coereba flaveola,train,9.29959375,0.012121165,0.012797319,0.14913636302620276,0.10907928752960158,3375.8392108545136,1518.0328349154527,3334.7263833162583,442.2253800982012,7305.358676975945,1957.7934354939046
train_audio/banana/XC956109.ogg,XC956109.ogg,banana,Bananaquit,Coereba flaveola,train,18.33796875,0.021599438,0.01090833,0.14581644711748037,0.1135112234366272,3777.2554452094196,1146.000125217296,3548.5576710913174,248.62562733264514,7017.954446381866,1030.1048173710228
train_audio/banana/XC214711.ogg,XC214711.ogg,banana,Bananaquit,Coereba flaveola,train,20.08815625,0.046092734,0.017333731,0.1731450755125398,0.05320830439875983,4553.361829240887,459.4124641498663,4340.856452972563,321.016103817104,10018.958996815287,942.607423434086
train_audio/banana/XC939057.ogg,XC939057.ogg,banana,Bananaquit,Coereba flaveola,train,12.024,0.0058483365,0.0057480233,0.12751088243849734,0.13896697173630923,3243.648331154308,1958.5536856021345,3393.7396482153836,490.31242968423373,6291.244182180851,2711.510319767812
train_audio/banana/iNat858225.ogg,iNat858225.ogg,banana,Bananaquit,Coereba flaveola,train,12.678125,0.012644994,0.002959744,0.05440487566992434,0.06982799128715314,1961.393706028009,848.0602485269965,2825.044384382921,349.5873107923548,4327.533890290038,1729.850914720485
train_audio/banana/iNat1421771.ogg,iNat1421771.ogg,banana,Bananaquit,Coereba flaveola,train,3.8079375,0.0038497886,0.0034993626,0.3505920923056723,0.11180967321928643,5757.719969397433,1358.79988004846,2778.0356240881943,906.6658909654616,8118.763130252101,1689.0169199898342
train_audio/banana/XC303599.ogg,XC303599.ogg,banana,Bananaquit,Coereba flaveola,train,15.552,0.08170959,0.051249065,0.21662173609326824,0.15132336633578292,3771.7728419372597,1897.925138494132,3104.269020831621,721.9733865426418,6706.7863566289825,2792.612260918067
train_audio/banana/iNat1092040.ogg,iNat1092040.ogg,banana,Bananaquit,Coereba flaveola,train,5.784,0.01188761,0.0025264744,0.08607912853936464,0.05927501613974752,2563.0789641132465,999.3444042225758,2738.8432973345816,612.875053190073,5628.9709944751385,1648.8735968540657
train_audio/banana/XC251903.ogg,XC251903.ogg,banana,Bananaquit,Coereba flaveola,train,17.184,0.07033063,0.049317945,0.12311954941860465,0.11919186600073134,3807.1446351917466,1647.8417124278283,3068.5734782888317,456.02505943844,6302.311046511628,2005.0394066134315
train_audio/banana/XC944744.ogg,XC944744.ogg,banana,Bananaquit,Coereba flaveola,train,20.928,0.012846329,0.025439508,0.4675078483097785,0.06841487724069495,7447.456150180061,963.4484421032982,2603.0507552686545,678.464136873953,9867.169595110772,862.7994319778735
train_audio/banana/XC388560.ogg,XC388560.ogg,banana,Bananaquit,Coereba flaveola,train,27.672,0.03307677,0.04440569,0.28069652050216765,0.1606094357802168,5360.285829640308,1584.1738326653358,3210.538838107675,1075.8934048294543,8596.576950867053,1276.6205735719677
train_audio/banana/XC524995.ogg,XC524995.ogg,banana,Bananaquit,Coereba flaveola,train,31.973875,0.079616696,0.03986163,0.28853000719109556,0.11555493624696363,5298.644648447329,1433.4774071354204,3627.7236185750057,621.856477767506,8580.172898949475,2444.4682798480026
train_audio/banana/XC924682.ogg,XC924682.ogg,banana,Bananaquit,Coereba flaveola,train,14.837,0.033846457,0.00976321,0.08737024767645474,0.09563210526725871,2951.342359050186,1351.8588078985363,3592.701790682341,336.2597294531616,6479.828933189655,1877.3407065315764
train_audio/banana/XC320349.ogg,XC320349.ogg,banana,Bananaquit,Coereba flaveola,train,19.56,0.009060371,0.006425697,0.2199629177739166,0.07756177501968815,3515.4708821484874,758.6421195896002,2347.5826658953756,240.69365163653933,6269.445012264922,712.410705602701
train_audio/banana/XC122402.ogg,XC122402.ogg,banana,Bananaquit,Coereba flaveola,train,14.04,0.027725995,0.016411027,0.43252765073320043,0.04645858950908445,7559.601849988716,506.1745245476683,2136.488766026886,228.24526737400785,9530.182232346242,518.3695968828278
train_audio/banana/iNat569623.ogg,iNat569623.ogg,banana,Bananaquit,Coereba flaveola,train,36.1984375,0.007940399,0.0029662468,0.030465470338046842,0.02219355827462583,1377.2630378470715,555.421361252155,2386.412141512178,468.1169960452985,2853.050430844012,1794.0289182389324
train_audio/banana/XC177791.ogg,XC177791.ogg,banana,Bananaquit,Coereba flaveola,train,12.8,0.050375145,0.06548397,0.2775077295958177,0.11875824173310714,5550.9839996817345,1015.8626969336001,3628.566782455323,844.646172076786,9328.37858926342,927.5048470318352
train_audio/banana/XC384662.ogg,XC384662.ogg,banana,Bananaquit,Coereba flaveola,train,45.9,0.038429305,0.06545725,0.15641355464665388,0.12192350399391788,3072.134622167562,1386.358904167655,2183.3884177664954,368.16220247303505,5673.939090275358,970.8053627936467
train_audio/banana/iNat1009822.ogg,iNat1009822.ogg,banana,Bananaquit,Coereba flaveola,train,32.94909375,0.009961353,0.004659049,0.23320739153519418,0.08019689046021855,3954.0112900876593,794.1611440110644,2699.511358704717,269.3655922173144,6996.548847087379,917.3356402562204
train_audio/banana/iNat129854.ogg,iNat129854.ogg,banana,Bananaquit,Coereba flaveola,train,23.66115625,0.014483361,0.013734125,0.36376490925033805,0.08650318733944959,6288.205323881299,1139.6835205888347,3526.850940618242,607.9805981316904,10270.928414469236,1466.515332558723
train_audio/banana/XC960423.ogg,XC960423.ogg,banana,Bananaquit,Coereba flaveola,train,14.3499375,0.00803947,0.008043172,0.30130273655239687,0.1293783516165174,5241.3793006584665,1239.1298620148716,3493.7294270256434,486.31801932962514,8329.309503901895,791.533291885012
train_audio/banana/XC247113.ogg,XC247113.ogg,banana,Bananaquit,Coereba flaveola,train,25.12978125,0.021866918,0.012867572,0.1884168871339911,0.0868990677487179,4254.438305136422,662.6299861775036,4009.715656438237,425.68141946859197,8901.217377466583,1142.2827176664578
train_audio/banana/iNat1725076.ogg,iNat1725076.ogg,banana,Bananaquit,Coereba flaveola,train,76.818875,0.023918709,0.019806096,0.056332932567159516,0.04343062746588829,1956.8284312306762,641.7486028199845,2437.527881260716,394.7938775339377,4538.828222615577,1233.2269563115838
train_audio/banana/XC603264.ogg,XC603264.ogg,banana,Bananaquit,Coereba flaveola,train,45.624,0.01106126,0.03194111,0.49062010349097124,0.04072584425627168,8373.738110360884,422.7469204044225,3435.434041641138,396.8675949411369,12558.259554698458,1147.9764193780577
train_audio/banana/XC352977.ogg,XC352977.ogg,banana,Bananaquit,Coereba flaveola,train,94.746125,0.0072922697,0.005456083,0.37321293350008444,0.03840765297925463,6406.149823296481,464.6737431439396,3142.3527157323783,382.325573943145,9613.055661094226,1185.0002405265814
train_audio/banana/XC215541.ogg,XC215541.ogg,banana,Bananaquit,Coereba flaveola,train,6.81796875,0.0034776276,0.0034418465,0.2123748993706089,0.1600279551483252,4585.504053250809,1938.7083769240996,3733.388776180161,336.24467849827545,8717.798594847774,1608.367043426269
train_audio/banana/XC58865.ogg,XC58865.ogg,banana,Bananaquit,Coereba flaveola,train,72.51590625,0.09475554,0.038919963,0.02287263194904037,0.027909907982474037,1682.612676165253,984.5253882796584,2654.1421973514375,653.597211494929,3965.344418707258,2671.34929586149
train_audio/banana/iNat628967.ogg,iNat628967.ogg,banana,Bananaquit,Coereba flaveola,train,10.84721875,0.01919298,0.018228626,0.2613615412979351,0.06306514594603262,4176.62573943605,872.0741853468342,3130.1876704188176,283.3967077926828,6550.424041297935,1207.8903700674116
train_audio/banana/XC816884.ogg,XC816884.ogg,banana,Bananaquit,Coereba flaveola,train,84.32325,0.013763506,0.0070464346,0.1945726209744356,0.10457873557768534,5156.947321764702,938.3562106989837,3924.761819417815,333.5769435896422,9076.580582432176,707.7732726365576
train_audio/banana/iNat1690887.ogg,iNat1690887.ogg,banana,Bananaquit,Coereba flaveola,train,7.09721875,0.038668007,0.018853143,0.13409258868243243,0.12953256003574198,3626.759551580153,1427.4618794355988,3598.505190591157,331.76667628369324,7219.664977477478,1583.1706474688995
train_audio/banana/XC1034681.ogg,XC1034681.ogg,banana,Bananaquit,Coereba flaveola,train,6.582,0.006993645,0.0020001654,0.29492780074332525,0.052185455038031174,4722.94981663129,489.93742110324325,3035.88872856111,253.02651274705306,7873.78640776699,734.9305548130214
train_audio/banana/iNat570761.ogg,iNat570761.ogg,banana,Bananaquit,Coereba flaveola,train,17.63265625,0.06283458,0.061829984,0.11860409111514053,0.12296059521092566,4477.719800734646,1620.4115212791933,3800.861916903642,495.7704655090296,8564.384066183136,1872.5371122170527
train_audio/banana/iNat635377.ogg,iNat635377.ogg,banana,Bananaquit,Coereba flaveola,train,2.5694375,0.050784092,0.0366535,0.06759207589285714,0.057295912515307496,2546.498666930564,773.9978829261769,3609.3522601673917,335.85194640349926,6143.633540372671,1593.3841335090926
train_audio/banana/XC622477.ogg,XC622477.ogg,banana,Bananaquit,Coereba flaveola,train,16.92734375,0.010029243,0.012539524,0.3165987011164934,0.11423055100364286,5942.1168680211495,1097.2805572350999,3828.927762526954,939.1183330434753,10470.049621928167,1361.7742533883845
train_audio/banana/XC877054.ogg,XC877054.ogg,banana,Bananaquit,Coereba flaveola,train,15.4535,0.0013106433,0.0013796877,0.22764521059782608,0.1252261581515489,5022.07263378572,1262.8296546483718,4244.005678593619,417.9867780593084,9882.343426501035,1099.7994111350158
train_audio/banana/XC259502.ogg,XC259502.ogg,banana,Bananaquit,Coereba flaveola,train,25.78284375,0.035732143,0.029443886,0.3281004647758995,0.0711643342512706,5844.7083855874735,609.7145849011363,3901.3066889987676,581.7516468841192,10144.734801488834,1047.1510295153985
train_audio/banana/XC192713.ogg,XC192713.ogg,banana,Bananaquit,Coereba flaveola,train,14.210625,0.015352827,0.010035952,0.20703234849550056,0.15010509820769988,3718.474176903092,1890.5723519976925,2795.827544073748,561.402320766461,6189.116985376828,2424.2739737348934
train_audio/banana/XC151364.ogg,XC151364.ogg,banana,Bananaquit,Coereba flaveola,train,2.74284375,0.07527647,0.06005176,0.3155006586119186,0.14622843476217431,5234.051042044338,1563.1136601019195,3144.822176073208,547.0609679497475,8058.684593023256,1115.44725934569
train_audio/banana/iNat635383.ogg,iNat635383.ogg,banana,Bananaquit,Coereba flaveola,train,3.34721875,0.048611414,0.03347146,0.05822870163690476,0.05136136572031712,2459.8194827377893,734.1408358193206,3597.322615881995,325.85043825527646,5998.735119047619,1545.0038375478182
train_audio/banana/XC250684.ogg,XC250684.ogg,banana,Bananaquit,Coereba flaveola,train,39.23590625,0.017164653,0.015529677,0.3139847492228903,0.07815217863620083,5539.639271361918,712.1183865288548,3112.5408349364657,537.2155031025704,8823.143854463922,743.3951244452118
train_audio/banana/XC180504.ogg,XC180504.ogg,banana,Bananaquit,Coereba flaveola,train,32.44409375,0.04368791,0.05113915,0.27045388005424065,0.1352201043971743,4818.995832864735,1298.963677391412,3163.230041820994,647.385081413779,8033.4304117357005,760.9751670115782
train_audio/banana/XC428514.ogg,XC428514.ogg,banana,Bananaquit,Coereba flaveola,train,9.9,0.009677908,0.009112467,0.3130813623283522,0.1817256659494564,6133.468013732507,1874.098776906466,3317.8416043683833,727.8762120230883,9304.750605815832,824.259077494586
train_audio/banana/XC32077.ogg,XC32077.ogg,banana,Bananaquit,Coereba flaveola,train,24.63346875,0.021073509,0.026426958,0.19364314884334416,0.11864396199310091,3966.8389388836667,1490.1279908141298,3371.834058715659,349.6707284988008,7330.316558441558,1483.7932314261245
train_audio/banana/XC372722.ogg,XC372722.ogg,banana,Bananaquit,Coereba flaveola,train,180.06203125,0.03343454,0.03832347,0.18797522165729963,0.11510711093180835,4265.476673046547,1391.880861318866,3621.16467100655,468.5364753564998,7652.162564421539,1191.875630748973
train_audio/banana/iNat1282014.ogg,iNat1282014.ogg,banana,Bananaquit,Coereba flaveola,train,10.70934375,0.0012837404,0.0021491363,0.1017548973880597,0.10583875875439211,4075.876346157418,1432.1363880505198,4441.077806030179,470.7033442909991,10003.264925373134,1498.3253957718662
train_audio/banana/XC816850.ogg,XC816850.ogg,banana,Bananaquit,Coereba flaveola,train,26.749375,0.03500266,0.019524897,0.12324983879709928,0.12179835469648168,3681.629524780488,1450.5999961415876,3828.3550645738555,405.4230055011447,7657.595693779905,1695.6970091538954
train_audio/banana/iNat1302882.ogg,iNat1302882.ogg,banana,Bananaquit,Coereba flaveola,train,0.036,1.9330122e-05,5.4046524e-07,0.2884114583333333,0.013350323342714764,8110.341294478927,215.85945782688268,5127.395895441565,58.10790843724945,14510.416666666666,103.11973892303817
train_audio/banana/iNat561209.ogg,iNat561209.ogg,banana,Bananaquit,Coereba flaveola,train,6.478375,0.0058564516,0.004696804,0.33847535686728397,0.131032444737818,5615.191655981194,1268.631582730505,3373.5165413215777,709.5097017885537,8788.233024691359,1138.6030586025408
train_audio/banana/XC213287.ogg,XC213287.ogg,banana,Bananaquit,Coereba flaveola,train,37.92978125,0.021256868,0.010260095,0.15490748398618726,0.10858570670590105,3319.900731520061,1062.3945922558412,3461.172513328697,274.6350634716731,6221.590309995782,1740.4939481751223
train_audio/banana/XC737964.ogg,XC737964.ogg,banana,Bananaquit,Coereba flaveola,train,52.872,0.026788156,0.044890147,0.4083461374810893,0.07686732679142849,7023.239580749491,862.5109445123705,3180.0207263417,698.1227460378007,10306.632942511347,967.3935396346885
train_audio/banana/XC529499.ogg,XC529499.ogg,banana,Bananaquit,Coereba flaveola,train,28.10775,0.018882765,0.022825528,0.14325566039413773,0.16435272522023003,3529.8253354719286,2065.8829039374095,3444.4273932702126,666.3674477704066,6955.65061183836,2997.992291563453
train_audio/banana/XC419426.ogg,XC419426.ogg,banana,Bananaquit,Coereba flaveola,train,152.04,0.01015805,0.01127919,0.31926908977757024,0.1071983917465823,5870.383676853309,1138.1778525447917,3516.005882214719,677.7648771875475,9671.149900031569,1535.0552808174252
train_audio/banana/XC838715.ogg,XC838715.ogg,banana,Bananaquit,Coereba flaveola,train,23.136,0.014629666,0.031810727,0.3476579372192467,0.1564028089502988,6083.232391881687,1779.4849210834934,2757.483043601386,862.9224386818967,8776.801140290256,944.214992347114
train_audio/banana/iNat693716.ogg,iNat693716.ogg,banana,Bananaquit,Coereba flaveola,train,7.04,0.00053753157,0.00039701952,0.126804758361678,0.07712043421835633,3234.148670395003,793.5257123685366,3129.078143849916,388.0181604513373,6944.975907029479,1398.5118820698522
train_audio/banana/XC131595.ogg,XC131595.ogg,banana,Bananaquit,Coereba flaveola,train,6.456,0.015765524,0.0139858555,0.26085700611076734,0.176861313696011,4810.261344036092,2054.0894473017624,3400.599405112764,455.9159556166813,8034.189356435643,1757.2415022426956
train_audio/banana/XC261114.ogg,XC261114.ogg,banana,Bananaquit,Coereba flaveola,train,26.958375,0.019903973,0.023926994,0.2894282038204748,0.114278737248301,5176.997881130953,1191.0499215918037,3486.5062020522705,476.29710672876746,8517.720697329376,606.5574232199601
train_audio/banana/XC389034.ogg,XC389034.ogg,banana,Bananaquit,Coereba flaveola,train,35.304,0.061580256,0.014030303,0.03948706353364295,0.04229897203920497,2335.9190053843995,1003.802247214026,3226.892905161898,379.4163786528034,5514.463921613049,1893.244412145463
train_audio/banana/XC1069084.ogg,XC1069084.ogg,banana,Bananaquit,Coereba flaveola,train,46.4425625,0.028294247,0.025543334,0.3577217735424561,0.10166595667268521,5963.349159419629,998.4933152491548,3370.3494583487445,592.8653185473203,9337.506458835687,795.2092370227881
train_audio/banana/XC127222.ogg,XC127222.ogg,banana,Bananaquit,Coereba flaveola,train,30.850625,0.012820635,0.012553168,0.3068471763219285,0.09726345602761419,5426.5391712213,907.6011593104437,3776.5713738982868,684.1758100209956,9397.121241575946,1510.0678448969802
train_audio/banana/XC697372.ogg,XC697372.ogg,banana,Bananaquit,Coereba flaveola,train,11.23265625,0.07170927,0.0552332,0.2556260001778094,0.12075024623719177,4320.694395956181,1140.1132082768086,3135.6256100371174,498.3371584757708,7702.547119487909,1519.265952706453
train_audio/banana/iNat1192531.ogg,iNat1192531.ogg,banana,Bananaquit,Coereba flaveola,train,13.69978125,0.016981706,0.012727054,0.07768913634043174,0.06021432242636684,3247.2530819039494,1100.5729030754444,4034.2216764835516,510.6326478555106,7877.698366394399,2310.52998667291
train_audio/banana/iNat1635256.ogg,iNat1635256.ogg,banana,Bananaquit,Coereba flaveola,train,46.872,0.014934678,0.017401494,0.160380226109215,0.15700805960826833,3558.5195474408047,2028.9559225815904,3535.5772443635196,450.74600191612956,5916.515571672355,3226.4876568367954
train_audio/banana/iNat1722640.ogg,iNat1722640.ogg,banana,Bananaquit,Coereba flaveola,train,38.27303125,0.0030417067,0.0014524183,0.1304845431336189,0.05251389697689478,4006.8525317191306,472.82998526603404,4090.6029087659867,476.82250971204803,8710.921176347681,1395.7411147529588
train_audio/banana/XC419425.ogg,XC419425.ogg,banana,Bananaquit,Coereba flaveola,train,152.04,0.010157605,0.011279339,0.31921477921445857,0.10733123907718316,5870.571297007152,1138.0883639635172,3516.1294545578917,677.6909661967022,9671.771414290224,1534.5166512004516
train_audio/banana/iNat1448474.ogg,iNat1448474.ogg,banana,Bananaquit,Coereba flaveola,train,27.0163125,0.05003676,0.014504365,0.2868118963698934,0.024035289628444256,4753.770256300392,426.95069210131345,2592.5371087692583,270.8925953770504,6086.913484310243,1103.7726196092894
train_audio/banana/XC571076.ogg,XC571076.ogg,banana,Bananaquit,Coereba flaveola,train,52.68,0.039155114,0.04506862,0.3901377566998178,0.11938082897246272,6815.094973620576,1180.3283730529347,3220.1188577391636,1171.079616178743,10320.186759793502,1263.0986543018853
train_audio/banana/XC360840.ogg,XC360840.ogg,banana,Bananaquit,Coereba flaveola,train,26.9845,0.0032382172,0.0032607932,0.43904762290678717,0.07648579441992617,7266.0172111941665,892.4277930174977,2795.5718141052753,771.1564391535699,9873.2494813278,1367.4563403076359
train_audio/banana/XC37645.ogg,XC37645.ogg,banana,Bananaquit,Coereba flaveola,train,18.4946875,0.0137082515,0.011987939,0.09007521896626297,0.08051026816649612,3477.5943498432775,1065.4258920617817,3714.2507988708458,264.41416862184514,7409.10196799308,960.5604479040088
train_audio/banana/XC1034535.ogg,XC1034535.ogg,banana,Bananaquit,Coereba flaveola,train,15.516,0.0058687357,0.005942001,0.20075356394974228,0.052541172083784976,4129.074287349444,659.2929518272159,3521.4961358175747,233.9873983178211,7898.61469072165,1110.1400339727543
train_audio/banana/XC169559.ogg,XC169559.ogg,banana,Bananaquit,Coereba flaveola,train,20.04,0.017913723,0.013767535,0.12038763218276137,0.10983745530556657,3092.269143558271,1183.6443826238506,3267.675991527152,377.0517071912845,6141.597665602554,1242.823851386293
train_audio/banana/XC506039.ogg,XC506039.ogg,banana,Bananaquit,Coereba flaveola,train,39.0530625,0.053651452,0.03811754,0.4981438911434863,0.05483180921106176,7298.301780156278,711.0652761928551,2727.7122817911354,486.23901793747757,8956.97204014748,636.2544025285711
train_audio/banana/XC706367.ogg,XC706367.ogg,banana,Bananaquit,Coereba flaveola,train,7.7845,0.021657525,0.034125123,0.31100407469199176,0.06520964790717504,5808.231584921085,596.2395474290694,3211.1831049215684,751.1905249830261,9387.641170431212,1648.315771779637
train_audio/banana/iNat1703110.ogg,iNat1703110.ogg,banana,Bananaquit,Coereba flaveola,train,41.91203125,0.08240975,0.032002635,0.04835661677003817,0.04250230331200058,2086.516423723713,907.4635078194311,2950.2525102651043,640.1522384558348,4785.579675572519,2280.421600943707
train_audio/banana/iNat335243.ogg,iNat335243.ogg,banana,Bananaquit,Coereba flaveola,train,0.096,0.4287755,0.107481994,0.17327008928571427,0.046909449368235934,3323.500546500553,258.7736799604454,2473.9456406475515,336.1924339527672,4767.857142857143,303.3744108577144
train_audio/banana/XC33682.ogg,XC33682.ogg,banana,Bananaquit,Coereba flaveola,train,56.08490625,0.031743873,0.05295606,0.26538977266650027,0.12152442947850432,4534.452391664468,1606.7797536870848,2743.3537075900763,359.0259611767211,6978.808649458072,1842.0658659987096
train_audio/banana/iNat33120.ogg,iNat33120.ogg,banana,Bananaquit,Coereba flaveola,train,8.704,0.004482635,0.00452157,0.28632185349770645,0.1647013059678734,5620.996991289684,1545.8100328158553,3959.6204785817463,530.2665873492442,10066.370412844037,879.9895520918897
train_audio/banana/XC120035.ogg,XC120035.ogg,banana,Bananaquit,Coereba flaveola,train,25.056,0.014373721,0.021271683,0.2653205642748883,0.09422872026149619,5481.88572275645,844.8099669861682,3834.5363262569153,798.1095485409384,10282.705807275048,1409.6675702323266
train_audio/banana/XC713835.ogg,XC713835.ogg,banana,Bananaquit,Coereba flaveola,train,46.2,0.016907504,0.03120815,0.33105722358682477,0.08971580194852097,6241.880471366323,889.4388828092978,4119.5737050760035,844.1588745075068,10985.603142313019,1359.2921374367193
train_audio/banana/XC283825.ogg,XC283825.ogg,banana,Bananaquit,Coereba flaveola,train,46.053875,0.008559363,0.009651781,0.4980441613841612,0.06321906334550424,7389.689570777406,585.4633839965596,2746.2502404458123,478.8372941365911,9746.749088225079,559.3465603591513
train_audio/banana/XC215676.ogg,XC215676.ogg,banana,Bananaquit,Coereba flaveola,train,57.12978125,0.0045116525,0.005213424,0.23441123481692802,0.14917948420885607,5010.760266609322,1720.8285645556052,3707.4808729939973,469.76363966714,9177.186887426491,1509.5945422553855
train_audio/banana/XC32051.ogg,XC32051.ogg,banana,Bananaquit,Coereba flaveola,train,71.68,0.035637446,0.05796991,0.2574590109629547,0.18352439902600148,4830.208055345678,2115.7905083285896,3168.862708881141,523.9677660635791,7946.698560589154,1356.8077472572684
train_audio/banana/iNat536802.ogg,iNat536802.ogg,banana,Bananaquit,Coereba flaveola,train,20.349375,0.016308535,0.0066712475,0.16767739349941038,0.13590754126391977,3484.814204782731,1518.6150090424544,3267.315435943152,334.7515889372444,6429.2575668239,1853.486949378269
train_audio/banana/XC213998.ogg,XC213998.ogg,banana,Bananaquit,Coereba flaveola,train,24.8685625,0.03523994,0.029544218,0.2944103572146302,0.10832699886881336,4864.526896353087,1239.0179465964493,2701.08440959682,390.98974349045614,7344.563906752412,1228.345950496527
train_audio/banana/iNat1476456.ogg,iNat1476456.ogg,banana,Bananaquit,Coereba flaveola,train,20.33984375,0.010053126,0.004858622,0.03186802894064465,0.029474484385935786,1741.57813671965,909.5409015002189,2801.338393804575,657.5749805389149,3604.9896816037735,2185.6927797454437
train_audio/banana/iNat1648317.ogg,iNat1648317.ogg,banana,Bananaquit,Coereba flaveola,train,25.70628125,0.009902778,0.009137822,0.10696488993466086,0.07509200516333324,3298.8643692737214,1028.7638007804694,3905.658763649221,463.9311847858242,6801.53235843186,2575.884039774205
train_audio/banana/XC112602.ogg,XC112602.ogg,banana,Bananaquit,Coereba flaveola,train,36.4146875,0.019550577,0.01720953,0.3311387851493849,0.08993872734633937,5197.58923128309,1044.503030596274,2889.756474012883,334.9200046269103,7726.191783831283,950.05753191263
train_audio/banana/XC70807.ogg,XC70807.ogg,banana,Bananaquit,Coereba flaveola,train,8.51590625,0.027625285,0.019045299,0.3821016064727955,0.05853674166934198,6328.966033846264,442.7472805201477,3542.255057379047,447.7952776870259,10010.494840525329,751.6573912070664
train_audio/banana/XC250686.ogg,XC250686.ogg,banana,Bananaquit,Coereba flaveola,train,30.24978125,0.03179923,0.01885969,0.23418392219725012,0.10879005164333098,3963.8540556700405,1193.4248022218878,2848.422673404017,247.04440462967486,6759.898863035431,1472.320958024447
train_audio/banana/XC215659.ogg,XC215659.ogg,banana,Bananaquit,Coereba flaveola,train,31.869375,0.009251341,0.0050948504,0.37241152108433734,0.08890465301537476,6229.109204934748,865.0797119369288,3451.76744037829,281.55982508411705,9604.511797188756,632.3057403977865
train_audio/banana/XC524994.ogg,XC524994.ogg,banana,Bananaquit,Coereba flaveola,train,34.586125,0.047130093,0.04235197,0.3229711710800185,0.13873176796729175,5603.8237549041,1613.8424212299733,3618.0696493808573,688.1678022166554,9126.17079093432,2568.948156161628
train_audio/banana/XC986727.ogg,XC986727.ogg,banana,Bananaquit,Coereba flaveola,train,39.601625,0.009055922,0.010761607,0.27999715235006056,0.11942301549060305,5666.217268063157,1270.7669403387617,4275.966560380531,255.16819930868343,10858.5861773021,1119.3891661185864
train_audio/banana/XC215467.ogg,XC215467.ogg,banana,Bananaquit,Coereba flaveola,train,24.68571875,0.009240658,0.015853649,0.11311068383425146,0.11937070834447792,3411.0571302411545,1621.611626152098,3658.7145839774744,435.3948077424869,7453.681950745301,1707.8017977631416
train_audio/banana/XC975698.ogg,XC975698.ogg,banana,Bananaquit,Coereba flaveola,train,16.84765625,0.08638729,0.030447012,0.15092063969017094,0.11109578433218943,4967.824503793419,823.5703104685426,4429.7533209465355,435.0563106038546,9885.71343779677,1004.7411508493003
train_audio/banana/iNat368646.ogg,iNat368646.ogg,banana,Bananaquit,Coereba flaveola,train,7.12275,0.014191675,0.017497504,0.17050978314181614,0.09025369958307829,3619.353616518237,861.6979042902426,3233.164485159711,452.27862202825594,6301.639573991031,939.9155310106437
train_audio/banana/iNat1299844.ogg,iNat1299844.ogg,banana,Bananaquit,Coereba flaveola,train,12.544,0.012234619,0.0073638526,0.11327876194267517,0.1326272254370366,2701.4943647130794,1784.7785376369457,2770.6692854030653,615.4218574687019,4939.570063694267,2567.800404909645
train_audio/banana/XC173565.ogg,XC173565.ogg,banana,Bananaquit,Coereba flaveola,train,20.664,0.013063241,0.01670142,0.34253874504160214,0.08885839561486225,5295.5479239437,1084.916842871011,2586.868241643321,428.78746241674594,8028.081462848298,583.9378077196834
train_audio/banana/iNat483177.ogg,iNat483177.ogg,banana,Bananaquit,Coereba flaveola,train,17.05796875,0.0065071094,0.0033442022,0.12838227433809746,0.11065133252204346,2619.151025639312,1216.3696880095727,2137.2980668115897,325.8696242609906,4788.440135895033,1448.83573831082
train_audio/banana/XC495669.ogg,XC495669.ogg,banana,Bananaquit,Coereba flaveola,train,18.84,0.012191548,0.010536964,0.10259377652801359,0.13669652595564996,2282.4092786704373,1988.1495490785594,2256.542003153489,689.3903384668704,3832.382746179966,2917.789792422914
train_audio/banana/XC455324.ogg,XC455324.ogg,banana,Bananaquit,Coereba flaveola,train,84.349,0.00641548,0.0046635754,0.33344885865183993,0.0726234314061982,6225.315318445525,708.7056547553996,3037.2397136852487,471.64574972110717,9578.75331942337,1317.3766719428584
train_audio/banana/XC519180.ogg,XC519180.ogg,banana,Bananaquit,Coereba flaveola,train,39.810625,0.004597961,0.004079394,0.1873071593134793,0.1473903144875097,5292.05115714679,1606.2112190430278,4505.498503657425,691.7300993097803,10878.854459622338,2705.472020826549
train_audio/banana/XC316990.ogg,XC316990.ogg,banana,Bananaquit,Coereba flaveola,train,100.12734375,0.077006385,0.061381314,0.1493280007839965,0.1283467242969233,3160.7178043170397,1552.037378381667,2705.9772216583337,268.3605034472556,5461.726490092681,1434.4801532583708
train_audio/banana/XC973391.ogg,XC973391.ogg,banana,Bananaquit,Coereba flaveola,train,23.424,0.065179065,0.026600879,0.33465530343430033,0.09545077071556544,5727.922279022794,856.1412168967503,3572.6917145171255,247.7645541444322,9137.414675767917,542.4246265073318
train_audio/banana/XC523836.ogg,XC523836.ogg,banana,Bananaquit,Coereba flaveola,train,28.44734375,0.061781775,0.03661973,0.28427415811304835,0.1279233811860363,5369.384954600598,1620.5220866985346,3948.480633114664,612.2804269267222,9606.703458942633,2803.381180038876
train_audio/banana/XC213995.ogg,XC213995.ogg,banana,Bananaquit,Coereba flaveola,train,72.3853125,0.034686342,0.049380396,0.3754027106353591,0.07823115266833174,6289.630309414215,1081.9761483790478,2552.91714861686,921.1903220876621,8436.49861878453,1984.1491586145153
train_audio/banana/XC799776.ogg,XC799776.ogg,banana,Bananaquit,Coereba flaveola,train,18.76709375,0.017106289,0.021688657,0.38778397738171355,0.06621252924531632,6501.903457619401,789.5108160693869,2877.8630197028633,510.9822355702003,9263.333866155157,509.0249700846573
train_audio/banana/XC798995.ogg,XC798995.ogg,banana,Bananaquit,Coereba flaveola,train,16.64,0.05191688,0.070574366,0.28244420178914503,0.16127723597590746,5283.4377570779625,2162.731780363609,3134.123644155371,535.4046674251289,8450.00300192123,1977.4143749823004
train_audio/banana/iNat1394445.ogg,iNat1394445.ogg,banana,Bananaquit,Coereba flaveola,train,13.03509375,0.007329786,0.008430263,0.15971410084355828,0.12528241290580977,3070.060986787421,1778.7530935843322,2454.2593901610635,596.0688501385393,5439.858128834356,2471.322921797713
train_audio/banana/XC277010.ogg,XC277010.ogg,banana,Bananaquit,Coereba flaveola,train,20.112,0.046738707,0.026344463,0.13898161143680446,0.09343341343736276,2921.0401813676713,1172.901909609381,2756.311651403933,258.8039537257701,4858.431041335453,1702.3762666602893
train_audio/banana/iNat281441.ogg,iNat281441.ogg,banana,Bananaquit,Coereba flaveola,train,4.64396875,0.007830485,0.0043386356,0.18371959568298968,0.14114864909302874,3646.076203528803,1728.407733357755,2945.6042153405256,453.724118862723,6239.690721649485,2232.7704178098406
train_audio/banana/XC196395.ogg,XC196395.ogg,banana,Bananaquit,Coereba flaveola,train,38.06040625,0.016075423,0.013482738,0.0456271017234132,0.06473826367508316,4574.815196574812,969.884372235455,4875.739401829628,230.82899274853844,11089.32324506095,1240.0002569345247
train_audio/banana/iNat344526.ogg,iNat344526.ogg,banana,Bananaquit,Coereba flaveola,train,8.986125,0.004302596,0.0067294976,0.10874336215524912,0.11730128032052499,3432.532631573071,1620.914092978509,3817.687645115671,557.9965654202136,7912.060720640569,2153.8507280828558
train_audio/banana/XC939505.ogg,XC939505.ogg,banana,Bananaquit,Coereba flaveola,train,5.564,0.007484153,0.006987687,0.25796122934626436,0.07965546881620304,4517.337191273277,808.5295896426624,3137.2476513379656,462.6046049012228,8016.747485632184,899.0792170472882
train_audio/banana/iNat1374073.ogg,iNat1374073.ogg,banana,Bananaquit,Coereba flaveola,train,36.545,0.035464574,0.009700249,0.04708975827407002,0.033593353329599875,3992.6729903605096,518.279909930432,5093.2552725731575,298.0448610708616,11402.078774617068,906.3678403824633
train_audio/banana/XC422567.ogg,XC422567.ogg,banana,Bananaquit,Coereba flaveola,train,3.528,0.071077734,0.06537648,0.35031638857466063,0.12086811975802052,6203.341082992955,1119.4075645177518,3482.593772654592,735.6443281483095,9557.83371040724,744.7707036939645
train_audio/banana/iNat950352.ogg,iNat950352.ogg,banana,Bananaquit,Coereba flaveola,train,17.6471875,0.0053478037,0.002563959,0.16661413474614686,0.1081137032007877,4605.8627376166005,1016.3801424852875,4634.191062569149,583.3748367104239,10620.495240253853,1705.0443299452459
train_audio/banana/XC817205.ogg,XC817205.ogg,banana,Bananaquit,Coereba flaveola,train,10.24,0.011157178,0.011290741,0.32540860228159124,0.12392763256156371,6079.646753551552,1081.010287560379,4033.824368960376,613.3748330226396,10382.142160686428,888.8309323952323
train_audio/banana/XC928598.ogg,XC928598.ogg,banana,Bananaquit,Coereba flaveola,train,39.314,0.034141514,0.020406188,0.14844524734286005,0.11619215288257342,4067.393747925704,1379.467953800753,3674.058564970471,411.1518529640591,8020.761289666396,1195.8921112377116
train_audio/banana/XC653323.ogg,XC653323.ogg,banana,Bananaquit,Coereba flaveola,train,21.133,0.0028753616,0.0026574945,0.4099178386402347,0.031079435608764763,6226.444435074966,399.0553674200899,3256.515770779746,384.02316147131967,9042.877081756245,414.579328513148
train_audio/banana/XC178621.ogg,XC178621.ogg,banana,Bananaquit,Coereba flaveola,train,84.92409375,0.013835481,0.005936816,0.15533332278518275,0.09163047463938294,3927.318783861705,829.1473755118143,3762.0332898541074,322.9731125903453,7882.064807837227,1027.9935045100372
train_audio/banana/XC84478.ogg,XC84478.ogg,banana,Bananaquit,Coereba flaveola,train,25.31265625,0.03759321,0.0592319,0.3659046435762792,0.10366807778588753,6080.093555143823,1221.286423419457,2557.2146144948433,773.461533852159,7986.990682248895,1443.7319765073344
train_audio/banana/iNat351449.ogg,iNat351449.ogg,banana,Bananaquit,Coereba flaveola,train,16.58775,0.0039634015,0.0050861584,0.25702851901518803,0.17013275256313515,5071.154319415384,1815.4729634851508,3652.5535878330943,783.776586804798,8744.831846673096,1152.6724031193176
train_audio/banana/XC750762.ogg,XC750762.ogg,banana,Bananaquit,Coereba flaveola,train,43.296,0.020031894,0.027345398,0.23135602575498707,0.15537031368289403,4776.587011846404,1670.2884378358028,3465.6629076526415,703.4663736952941,8435.87804765423,747.753212315971
train_audio/banana/iNat308903.ogg,iNat308903.ogg,banana,Bananaquit,Coereba flaveola,train,5.54959375,0.034333173,0.006343132,0.025225988382564842,0.012484039275606994,1544.425858603918,488.3051329064323,2532.6836642757,407.3845338911716,3645.0378242074926,1599.824448943197
train_audio/banana/XC825068.ogg,XC825068.ogg,banana,Bananaquit,Coereba flaveola,train,49.293,0.0008547285,0.0011837253,0.23154230312804283,0.12002305015460385,4170.742517175347,1175.1674685953512,3189.1675739326706,515.0705731937685,7051.657335280753,1239.8828204246565
train_audio/banana/iNat964606.ogg,iNat964606.ogg,banana,Bananaquit,Coereba flaveola,train,29.04815625,0.012876469,0.0073581943,0.19135301228661894,0.10122680019998337,4027.371261329269,855.9174679062919,3771.013828332079,191.83390768442547,8523.471916299559,673.8893349694052
train_audio/banana/XC331387.ogg,XC331387.ogg,banana,Bananaquit,Coereba flaveola,train,9.0,0.007864228,0.012792995,0.2152444355017762,0.1725051208285559,4743.324064843678,1945.150914740508,3715.1402265988695,530.7005883408716,8667.26798401421,1526.6052205916924
train_audio/banana/XC450975.ogg,XC450975.ogg,banana,Bananaquit,Coereba flaveola,train,48.7445,0.021403134,0.021774214,0.26130194017681324,0.08878481644504164,4185.758556076301,1113.6943331661064,2244.5799649121614,369.03966313399854,6242.97977518871,1268.621232674554
train_audio/banana/iNat1569971.ogg,iNat1569971.ogg,banana,Bananaquit,Coereba flaveola,train,6.36553125,0.008372676,0.0141418325,0.28019369307474873,0.11902283157797959,6067.968819415099,1023.9144533812779,3627.600695339427,378.56921143254976,9519.943467336683,812.0625989393573
train_audio/banana/iNat347546.ogg,iNat347546.ogg,banana,Bananaquit,Coereba flaveola,train,13.69978125,0.007819488,0.0072151143,0.2882711083357643,0.1614499925571391,5331.388263785888,1728.3439816377086,3540.394382960902,632.7594475418078,9122.028150525088,1389.0843443960698
train_audio/banana/XC147123.ogg,XC147123.ogg,banana,Bananaquit,Coereba flaveola,train,14.7853125,0.0077461055,0.0059423298,0.21345333614864864,0.11583086222713754,4164.2966698060245,905.5695729952955,3258.902389961086,455.4804050179379,7823.108108108108,594.7869765170204
train_audio/banana/XC214524.ogg,XC214524.ogg,banana,Bananaquit,Coereba flaveola,train,160.656,0.04088798,0.03601165,0.38090892275878807,0.06846521288068974,6139.60135886578,667.9630064008247,2957.023426060057,476.30003542808697,8620.386563931488,833.4469661168567
train_audio/banana/XC127164.ogg,XC127164.ogg,banana,Bananaquit,Coereba flaveola,train,10.68409375,0.024922423,0.026381617,0.25994909594872756,0.1672650557847986,5561.006218053574,2064.6217481516096,3523.652923896305,793.1036189809055,9151.68880988024,1851.109738144301
train_audio/banana/iNat1654398.ogg,iNat1654398.ogg,banana,Bananaquit,Coereba flaveola,train,11.04690625,0.015485887,0.008536146,0.25158991723950797,0.11022443606641946,5371.9181301954495,1300.2689499427786,4319.746767200089,495.0344732701506,10276.388386396527,638.194021645174
train_audio/banana/XC235220.ogg,XC235220.ogg,banana,Bananaquit,Coereba flaveola,train,67.709375,0.011526801,0.012301077,0.41650056027735116,0.06958563986923776,6949.802912020305,711.149377076164,2120.2076057103623,343.911451870432,8989.470108695652,618.1691004858993
train_audio/banana/iNat643637.ogg,iNat643637.ogg,banana,Bananaquit,Coereba flaveola,train,7.75,0.043592323,0.010917193,0.22218307023195877,0.018400468981803773,4169.82305335417,287.51825789415403,2898.2684638551323,196.44775678012493,6187.822164948454,885.7142132045938
train_audio/banana/iNat635413.ogg,iNat635413.ogg,banana,Bananaquit,Coereba flaveola,train,4.0,0.038413506,0.01421677,0.14515570530378485,0.03880937461707129,3419.5152653175114,293.8115116026888,3454.2400209495236,94.41615152829905,6870.268924302789,502.05878668665997
train_audio/banana/XC186138.ogg,XC186138.ogg,banana,Bananaquit,Coereba flaveola,train,23.7975625,0.08879156,0.057044294,0.028532622962869625,0.043155324165353635,2210.5907562710713,1352.7533629214918,3363.9874040967984,637.0551938740149,4830.918178763441,3175.742745983054
train_audio/banana/XC421240.ogg,XC421240.ogg,banana,Bananaquit,Coereba flaveola,train,23.27509375,0.058651365,0.037680674,0.4030384181701031,0.04708588528808315,6121.716947752577,500.2791944288929,2722.9337807331153,466.21648019727184,8307.699742268042,654.7230120488946
train_audio/banana/XC856541.ogg,XC856541.ogg,banana,Bananaquit,Coereba flaveola,train,3.9268125,0.0040157065,0.0020288879,0.20060221354166666,0.10222710387158473,4475.256413469123,1042.948358059803,3651.38527614638,420.124959179194,8040.205792682927,1439.0057145591973
train_audio/banana/XC523832.ogg,XC523832.ogg,banana,Bananaquit,Coereba flaveola,train,22.59590625,0.07078752,0.039341502,0.27057657963995047,0.13914716243923708,5727.649118613542,1655.2063868386251,4379.582655907442,618.5374868528411,10837.95559094126,2959.0611955949926
train_audio/banana/XC84474.ogg,XC84474.ogg,banana,Bananaquit,Coereba flaveola,train,4.31021875,0.026279746,0.04140238,0.41569372106481484,0.05818782894118675,6297.443084682645,686.5154597342573,3112.392052145155,599.5345833850258,8591.203703703704,1168.8830747908785
train_audio/banana/XC736959.ogg,XC736959.ogg,banana,Bananaquit,Coereba flaveola,train,125.544,0.014931337,0.009026655,0.154282998777399,0.139361468551074,4292.655306419579,1461.5943718416204,4016.247343279593,468.3679599608398,8732.138874729197,1185.609131229768
train_audio/banana/XC316991.ogg,XC316991.ogg,banana,Bananaquit,Coereba flaveola,train,107.80734375,0.034221586,0.023194447,0.12845297021093055,0.11050021303720921,2855.958326700636,1296.3067760545566,2628.2624186406542,419.114401683147,5167.928168596022,1507.3522417933484
train_audio/banana/XC673166.ogg,XC673166.ogg,banana,Bananaquit,Coereba flaveola,train,22.98775,0.038036868,0.022850478,0.39206979601600556,0.05363332012916674,6533.132776589458,844.8858246212469,2040.649367333771,199.0752113556463,7708.616040361865,1387.3563768068805
train_audio/banana/iNat51535.ogg,iNat51535.ogg,banana,Bananaquit,Coereba flaveola,train,54.192,0.119236484,0.114831,0.07990244175213991,0.08764421751615008,3643.6677647310985,1891.3288121185765,3948.792650699532,565.2553353957189,7611.9299734356555,2690.220205926813
train_audio/banana/XC614396.ogg,XC614396.ogg,banana,Bananaquit,Coereba flaveola,train,20.064,0.029708382,0.04633753,0.25572709163346613,0.18010230022622395,4866.464490921573,2148.761038183548,3241.6936632380684,602.5769543706347,8243.251992031872,1379.0887576729267
train_audio/banana/iNat964607.ogg,iNat964607.ogg,banana,Bananaquit,Coereba flaveola,train,42.03103125,0.00690032,0.0044092606,0.23103045001427483,0.11534147535890636,4498.328356655506,999.5416400722289,3887.792074286974,297.7856703188744,9020.597401979445,613.2588424213795
train_audio/banana/XC952286.ogg,XC952286.ogg,banana,Bananaquit,Coereba flaveola,train,20.00140625,0.0026097882,0.0014456369,0.024135769509392484,0.04661434045683627,2366.8466022268317,1180.405387185917,3928.8921133197878,506.77290123403606,6141.736610711431,2745.337297859294
train_audio/banana/iNat1431337.ogg,iNat1431337.ogg,banana,Bananaquit,Coereba flaveola,train,6.29165625,0.032771703,0.011714311,0.4553891874206853,0.03300102556647232,7122.783604378795,343.4755350933533,3512.4305966008938,274.2852764498871,9854.69543147208,336.6359975538154
train_audio/banana/XC2593.ogg,XC2593.ogg,banana,Bananaquit,Coereba flaveola,train,24.00653125,0.034989826,0.02695814,0.3582383879497002,0.07234748131096494,5834.516823822485,778.6469173441436,2945.986418326126,342.57204803596306,7935.782395069953,1037.1299420612459
train_audio/banana/iNat1407149.ogg,iNat1407149.ogg,banana,Bananaquit,Coereba flaveola,train,9.4269375,0.0010519024,0.0003065669,0.33291925979872883,0.035837324766344006,5789.973208565267,409.49738656844823,3643.6579750359365,344.07315310638603,9751.88029661017,1080.6384313594701
train_audio/banana/XC591270.ogg,XC591270.ogg,banana,Bananaquit,Coereba flaveola,train,26.958375,0.046955135,0.06377287,0.36145215133531156,0.16315793625274203,5928.368287990561,2205.9971062581267,2552.851005375539,678.2627533197274,8335.979228486647,1524.1585301997172
train_audio/banana/XC84475.ogg,XC84475.ogg,banana,Bananaquit,Coereba flaveola,train,20.53225,0.03293892,0.06681065,0.43683298651674457,0.05621470825998309,6443.270413482732,1030.4013532512472,2770.743944336349,790.0616963470001,8331.714855919003,937.1694745587805
train_audio/banana/XC538271.ogg,XC538271.ogg,banana,Bananaquit,Coereba flaveola,train,22.248,0.037332814,0.025486102,0.452210218592739,0.08731224439709485,6716.672676511583,1087.5188834655137,3214.549190024226,342.2110167817807,9329.169662113587,863.9365106221908
train_audio/banana/XC524991.ogg,XC524991.ogg,banana,Bananaquit,Coereba flaveola,train,56.8946875,0.07951652,0.0388982,0.33695223521864454,0.103805743392313,5872.203518318578,1257.8999062881737,3652.3095108221387,544.9304743991553,9090.700576490439,2103.5327519835323
train_audio/banana/iNat1105993.ogg,iNat1105993.ogg,banana,Bananaquit,Coereba flaveola,train,12.7245625,0.00990916,0.012328899,0.27888097715138194,0.14058138141329085,5693.284102776507,1358.6860627646804,3878.9892697366463,653.617144124334,9757.949905778894,1412.683425070326
train_audio/banana/XC1016729.ogg,XC1016729.ogg,banana,Bananaquit,Coereba flaveola,train,50.46134375,0.030440483,0.030468427,0.43202672945069753,0.05522363336458692,6532.048758459895,911.5891976297922,2372.974760264737,330.4272146934753,8211.318960050728,926.4532693946993
train_audio/banana/XC430035.ogg,XC430035.ogg,banana,Bananaquit,Coereba flaveola,train,145.3714375,0.06694352,0.06019813,0.3845875845222045,0.07232010386048045,6846.95851075198,671.6162172801331,3875.49613615329,575.5698439487054,11484.89950198107,1346.742156471482
train_audio/banana/iNat424231.ogg,iNat424231.ogg,banana,Bananaquit,Coereba flaveola,train,14.2570625,0.022998638,0.015146522,0.17911765607483185,0.10651079223412221,3873.602577171708,877.6069317125545,3562.55640440797,222.64597552517245,7993.711463004484,909.9840373265275
train_audio/banana/XC495668.ogg,XC495668.ogg,banana,Bananaquit,Coereba flaveola,train,12.936,0.0112280175,0.003649048,0.11664851958436341,0.11027419842705558,2790.2930232865365,1448.175948488237,2881.0325276241665,511.67558160054256,5380.716934487021,2353.872333062265
train_audio/banana/iNat1650332.ogg,iNat1650332.ogg,banana,Bananaquit,Coereba flaveola,train,7.63890625,0.055849038,0.012232161,0.15724699267782427,0.05117082249961584,4702.450867614632,464.7648320957508,4632.210258193465,236.14786189639756,10439.232479079497,764.3254127733592
train_audio/banana/XC196681.ogg,XC196681.ogg,banana,Bananaquit,Coereba flaveola,train,40.72490625,0.012175486,0.003653473,0.3325095584986253,0.05618707332125555,5437.725720380543,606.3925223526919,2776.452832591865,121.70947755492719,8013.94957776905,797.0128753955712
train_audio/banana/XC250685.ogg,XC250685.ogg,banana,Bananaquit,Coereba flaveola,train,23.43184375,0.02700603,0.021267843,0.35301867800767917,0.0804025060286027,5359.298595818517,1012.2305996838023,3119.953883350857,325.9851035242713,8252.421075085324,665.0427011694761
train_audio/banana/XC185976.ogg,XC185976.ogg,banana,Bananaquit,Coereba flaveola,train,3.0824375,0.04763539,0.054417763,0.04744929970854922,0.06752183502059071,2126.2617605526993,1259.9517998069223,2989.317150254822,681.563459645087,4951.505829015544,2730.6050360799372
train_audio/banana/XC347839.ogg,XC347839.ogg,banana,Bananaquit,Coereba flaveola,train,93.28325,0.027475663,0.030567953,0.3341952294310581,0.1990620655999117,5917.105607711108,2313.0999558416097,3277.315628694654,723.652393353294,9320.579124506945,1169.989891992148
train_audio/banana/XC46763.ogg,XC46763.ogg,banana,Bananaquit,Coereba flaveola,train,6.34775,0.018618988,0.010282537,0.14339233705919396,0.0916882110588175,3588.2546078391406,1088.899490075226,3433.247941896588,244.7278953942743,7205.40774559194,1211.2996067356135
train_audio/banana/iNat863502.ogg,iNat863502.ogg,banana,Bananaquit,Coereba flaveola,train,6.18003125,0.050470546,0.038388196,0.4006328730620155,0.08730115021325466,6700.687586275307,839.5704476772296,2717.904367925719,437.9296190097663,9002.745478036175,626.5192954310197
train_audio/banana/iNat342892.ogg,iNat342892.ogg,banana,Bananaquit,Coereba flaveola,train,10.20834375,0.017658263,0.0137233045,0.2172309027777778,0.13163983829043163,4921.826865055457,1370.9087785137,4504.283033269338,469.0356451549956,10570.398082942096,1101.3016415843124
train_audio/banana/XC929746.ogg,XC929746.ogg,banana,Bananaquit,Coereba flaveola,train,39.56,0.07933459,0.010286614,0.30776862774211483,0.020161855335876548,5380.582880740957,410.0618586836587,2617.8525149748184,234.5264782382647,7153.46997573797,1244.6106824191374
train_audio/banana/XC520820.ogg,XC520820.ogg,banana,Bananaquit,Coereba flaveola,train,15.9869375,0.0022219075,0.002371738,0.26305859375,0.19487759958506734,5371.192777725501,2286.531937202698,4218.339460053956,913.1315425393643,10247.5625,3783.186154098487
train_audio/banana/XC434963.ogg,XC434963.ogg,banana,Bananaquit,Coereba flaveola,train,2.925,0.080474466,0.05475067,0.09532690829918032,0.07333692181932103,3971.5172278221958,1420.4441701986768,3853.6165045895204,471.6478742743224,7987.619535519126,2064.0951659179964
train_audio/banana/XC520818.ogg,XC520818.ogg,banana,Bananaquit,Coereba flaveola,train,12.3036875,0.0015835396,0.0021414724,0.3201810640848505,0.21164747021043948,5870.428658150959,2529.6326388052307,4053.5806425702376,943.2789780203753,10482.566644993498,3945.1189032768643
train_audio/banana/XC496296.ogg,XC496296.ogg,banana,Bananaquit,Coereba flaveola,train,9.4563125,0.0058918432,0.0044316086,0.2596781962626689,0.14962303673194674,5240.137278453503,1591.9731950436349,3383.675236385528,536.6486616928886,7965.556376689189,1637.1005958304252
train_audio/banana/iNat277224.ogg,iNat277224.ogg,banana,Bananaquit,Coereba flaveola,train,3.65278125,0.0394488,0.0061122966,0.1117247202510917,0.02689215542001589,3718.199886557345,414.21219134718007,4303.134855640983,171.68041779231524,8900.655021834062,963.4025344338689
train_audio/banana/XC284997.ogg,XC284997.ogg,banana,Bananaquit,Coereba flaveola,train,25.31265625,0.0053095785,0.015248711,0.37787786737997475,0.07775633663583503,6646.94264423646,962.2793092062271,3469.4997785734354,557.4824599963775,10674.243919772583,1484.2448394715254
train_audio/banana/XC214517.ogg,XC214517.ogg,banana,Bananaquit,Coereba flaveola,train,158.784,0.02529985,0.020744953,0.31400887515743076,0.07460284777410153,5499.669962359255,638.2443983698039,3403.8517247089812,367.0792922834471,8867.255982367758,740.1307892349798
train_audio/banana/iNat1682144.ogg,iNat1682144.ogg,banana,Bananaquit,Coereba flaveola,train,6.88,0.009954124,0.007238726,0.20105405307424595,0.1479009707175279,4107.8833732661315,1660.8947483025922,3316.3237648137847,304.83515870025036,7261.347157772621,1522.861052322288
train_audio/banana/iNat1669861.ogg,iNat1669861.ogg,banana,Bananaquit,Coereba flaveola,train,43.2583125,0.0090077035,0.008911923,0.13587852342594306,0.08818984612127216,3618.9076593813847,920.2434838777604,3561.1198967857213,248.41905042513216,7150.113258136094,933.7066965644508
train_audio/banana/XC262503.ogg,XC262503.ogg,banana,Bananaquit,Coereba flaveola,train,13.5575625,0.010810133,0.023359576,0.4301734780365566,0.045086883775787026,6382.637611179985,730.6805890916893,3212.173481578131,388.01706499752055,9365.82399764151,848.8208619421515
train_audio/banana/XC712373.ogg,XC712373.ogg,banana,Bananaquit,Coereba flaveola,train,53.681,0.012133812,0.015674347,0.30681638297079855,0.07645183812985003,5692.9920920475,755.1342364274819,3868.1993760718233,658.518294901732,10193.403605482717,2028.9200794408416
train_audio/banana/XC214712.ogg,XC214712.ogg,banana,Bananaquit,Coereba flaveola,train,25.12978125,0.021868132,0.012864512,0.188156739835296,0.08716897566176318,4254.457494503988,665.8324986268674,4009.945989659107,425.86945707175926,8901.654996817313,1144.4979458712944
train_audio/banana/iNat1496209.ogg,iNat1496209.ogg,banana,Bananaquit,Coereba flaveola,train,0.192,0.63988143,0.1592868,0.10317758413461539,0.03628799057369891,2744.071973303217,495.10682472349015,2688.7576477190396,339.276636461973,4371.3942307692305,1063.1565040171758
train_audio/banana/XC697123.ogg,XC697123.ogg,banana,Bananaquit,Coereba flaveola,train,26.61878125,0.06921433,0.047157075,0.3048711923452524,0.12471613408558443,4641.974421884071,1414.0410410113695,2696.7275590198383,483.8726415294582,7061.692457932692,1501.271494170589
train_audio/banana/XC58863.ogg,XC58863.ogg,banana,Bananaquit,Coereba flaveola,train,27.5853125,0.07238708,0.030335588,0.03689141757246377,0.03823024017761277,2221.067501492346,1027.7007704701691,3058.858636589233,476.93612415215034,5217.065217391304,2275.89566524479
train_audio/banana/iNat532148.ogg,iNat532148.ogg,banana,Bananaquit,Coereba flaveola,train,2.74284375,0.01369562,0.0056940154,0.2270451035610465,0.1051417099715785,5320.246826361501,1034.1343504265237,3956.2695311865536,501.4003205565531,8658.884447674418,1044.760500175459
train_audio/banana/iNat1403373.ogg,iNat1403373.ogg,banana,Bananaquit,Coereba flaveola,train,16.346875,0.0015555095,0.00082592206,0.2704600354696673,0.06218840422336326,5007.564636605551,561.3880819055457,3846.5885819793684,362.81189204914534,8916.065313111547,1205.0705167952692
train_audio/banana/iNat521485.ogg,iNat521485.ogg,banana,Bananaquit,Coereba flaveola,train,21.8964375,0.0037976627,0.0035121564,0.1417374537755661,0.10796757611510176,3631.863361100832,1177.3895783812327,3226.8319044565746,300.38954640839495,6882.133400292184,1269.3523168901427
train_audio/banana/iNat828738.ogg,iNat828738.ogg,banana,Bananaquit,Coereba flaveola,train,15.97534375,0.012252109,0.0033870381,0.13108518674924924,0.08734799329498705,3538.6606976148355,1319.6359365889527,3417.3803914684613,481.31794394057897,7182.979854854855,1750.3025500972913
train_audio/banana/XC46632.ogg,XC46632.ogg,banana,Bananaquit,Coereba flaveola,train,45.06121875,0.0147557715,0.013806282,0.18773712060702874,0.12133494127055215,3516.947423162026,1430.9609448873257,2857.7160574240033,488.2034123210811,6450.368299609514,1911.8650034296068
train_audio/banana/XC397320.ogg,XC397320.ogg,banana,Bananaquit,Coereba flaveola,train,32.376,0.030517232,0.032906722,0.41314769639328064,0.07465040821111517,6827.10795224009,711.6628534139013,3523.2752897089713,678.2427054113427,10264.73721590909,932.1429661979728
train_audio/banana/iNat1105784.ogg,iNat1105784.ogg,banana,Bananaquit,Coereba flaveola,train,7.66665625,0.022042012,0.022573981,0.29403788248697915,0.15220116969042152,5369.933188834414,1771.0997435567986,3503.305788681305,562.0711917446038,8435.709635416666,863.0504669829584
train_audio/banana/XC215533.ogg,XC215533.ogg,banana,Bananaquit,Coereba flaveola,train,19.2,0.012683476,0.0108375605,0.22770615958055787,0.15902972406489785,4623.085477445061,1816.7036220442621,3513.2792346966294,289.8765480401056,8210.99604496253,1606.4111230158398
train_audio/banana/iNat928040.ogg,iNat928040.ogg,banana,Bananaquit,Coereba flaveola,train,15.4645,0.0044307145,0.00338118,0.27692212141287487,0.12372474710467411,5830.212216667025,950.9406772263006,4012.489637082053,571.6503084570372,9939.568252326784,586.8290371112305
train_audio/banana/iNat1003999.ogg,iNat1003999.ogg,banana,Bananaquit,Coereba flaveola,train,11.888625,0.035169702,0.00825472,0.07196307438676075,0.02956873694050536,3339.414702044119,564.1262885460525,3929.3638227322117,358.3546697884219,8406.544018817205,1319.8543347840439
train_audio/banana/XC262502.ogg,XC262502.ogg,banana,Bananaquit,Coereba flaveola,train,10.60571875,0.037886743,0.035979327,0.3648978070795626,0.12312665994502892,5975.171463492597,1275.7249953130408,3199.9070582386603,382.67200107395803,8935.21398944193,674.1330484308055
train_audio/banana/XC275597.ogg,XC275597.ogg,banana,Bananaquit,Coereba flaveola,train,16.35265625,0.057975426,0.03527051,0.32943806130865105,0.08149563074642345,5235.451218401256,1077.5340481812973,2854.0754197161627,217.65941526941114,7557.459677419355,1139.018303702169
train_audio/banana/iNat252608.ogg,iNat252608.ogg,banana,Bananaquit,Coereba flaveola,train,48.613875,0.009176756,0.009832437,0.36325650656054626,0.11930007851393724,6194.7557166635015,1230.9986910235425,3608.498088142636,504.6153085563914,9565.47692497532,822.1123466976443
train_audio/banana/XC1069087.ogg,XC1069087.ogg,banana,Bananaquit,Coereba flaveola,train,63.78865625,0.031676114,0.029713733,0.35603112459242536,0.10902681702477038,5899.736766822319,1048.2070797835684,3433.0314510275807,636.5358641382342,9364.132649862051,903.7326205916019
train_audio/banana/XC443366.ogg,XC443366.ogg,banana,Bananaquit,Coereba flaveola,train,28.96978125,0.027396595,0.037981212,0.26233024744616235,0.12257744563251087,4524.293589728895,1536.444742894083,2665.7476027865264,535.8654703857858,6949.93270292656,1278.2961089174387
train_audio/banana/XC924738.ogg,XC924738.ogg,banana,Bananaquit,Coereba flaveola,train,3.63103125,0.01683402,0.011392258,0.23531069314427314,0.06730943067317889,4494.442052814188,971.5172964129588,3345.2812195194447,337.33075629857194,7950.991189427313,1272.1869266991482
train_audio/banana/XC590531.ogg,XC590531.ogg,banana,Bananaquit,Coereba flaveola,train,61.57,0.019155506,0.017177308,0.1597648892163549,0.1481228456605435,3980.6004193662934,1737.8785583199008,3504.4784078014186,438.9935648649945,7586.909749285529,1450.3586433354383
train_audio/banana/XC372725.ogg,XC372725.ogg,banana,Bananaquit,Coereba flaveola,train,67.7355,0.027796147,0.029356798,0.17344524976381673,0.11347094971471287,4298.4522944445625,1277.0872794930556,3757.790595694054,355.54516260970735,7688.946622579121,1051.2517026103649
train_audio/banana/iNat736745.ogg,iNat736745.ogg,banana,Bananaquit,Coereba flaveola,train,16.56,0.0045966916,0.010299352,0.13398418647442084,0.08383486631031553,3544.525644985769,1326.150785916462,3681.2408176758,718.5830209840741,7703.471887065637,2838.0898630228376
train_audio/banana/iNat1634628.ogg,iNat1634628.ogg,banana,Bananaquit,Coereba flaveola,train,29.784,0.043052718,0.033618778,0.2788864774939581,0.14626250912305935,5361.750882283395,1369.037241521074,3755.2267064052535,512.2626389292274,9275.686425886144,638.9934259392264
train_audio/banana/XC242441.ogg,XC242441.ogg,banana,Bananaquit,Coereba flaveola,train,28.31675,0.022908226,0.009487808,0.18109689486228814,0.0985017510696492,3458.533187493896,998.3493088522581,3076.516299214979,177.7549763781272,6425.026483050848,1042.7402876638178
train_audio/banana/iNat314500.ogg,iNat314500.ogg,banana,Bananaquit,Coereba flaveola,train,10.6811875,0.005304941,0.0009963631,0.05570207241766467,0.0356804701142506,2438.205526003467,515.8137224095674,3305.6465422019564,281.7940573651072,5986.831025449102,1279.081456272332
train_audio/banana/XC234129.ogg,XC234129.ogg,banana,Bananaquit,Coereba flaveola,train,91.82040625,0.02664157,0.032920364,0.4365811225823314,0.07771704710252224,7675.602299120704,854.8595884654287,2978.8833616393417,669.0770202255743,11102.16283324621,1389.9406220582987
train_audio/banana/XC489021.ogg,XC489021.ogg,banana,Bananaquit,Coereba flaveola,train,32.47021875,0.015496559,0.007657333,0.3738572294488916,0.06911764911626068,6050.110516752277,666.1639996894692,3330.6280316124485,357.2061875147265,9283.713054187192,620.1665740814425
train_audio/banana/iNat1005723.ogg,iNat1005723.ogg,banana,Bananaquit,Coereba flaveola,train,2.85415625,0.042760666,0.009103063,0.06965782122905027,0.021838986534583188,3095.628619937631,426.6018213794534,3634.074953815414,285.7547274825684,6852.915502793296,744.7069829828229
train_audio/banana/XC668347.ogg,XC668347.ogg,banana,Bananaquit,Coereba flaveola,train,57.24,0.02644545,0.026122762,0.26517260974182505,0.1310944868909723,4763.08791689975,1364.4115017231086,3055.9102846047313,335.95550330118226,7689.823225265512,842.4506725721244
train_audio/banana/iNat217408.ogg,iNat217408.ogg,banana,Bananaquit,Coereba flaveola,val,8.69878125,0.0069111646,0.0054002036,0.32147665584788604,0.1080655538465586,6111.1163969055415,1088.073673623493,4079.6154341503725,638.4884686524781,10485.724954044117,1375.5046614942848
train_audio/banana/XC178622.ogg,XC178622.ogg,banana,Bananaquit,Coereba flaveola,val,28.49959375,0.018093515,0.008738466,0.10999562684132996,0.05345962538906597,3164.3991152333956,592.8522443891363,3450.36511129042,284.44143242633237,6252.420033670033,898.4974081339509
train_audio/banana/XC738630.ogg,XC738630.ogg,banana,Bananaquit,Coereba flaveola,val,35.68325,0.007818785,0.0037714532,0.17676634812023756,0.05387582410573281,3499.045272692048,490.32428791124397,2881.718678910962,313.8543284943511,6576.339085611833,981.5251317510713
train_audio/banana/XC996292.ogg,XC996292.ogg,banana,Bananaquit,Coereba flaveola,val,36.0805625,0.023140455,0.021978492,0.18020521664450354,0.13379585709831246,4303.683738202538,1343.5257829256295,3824.8521987953327,270.61366809903814,8639.793882978724,717.3979838284027
train_audio/banana/XC837614.ogg,XC837614.ogg,banana,Bananaquit,Coereba flaveola,val,13.08734375,0.008904972,0.0055100317,0.32909439944987773,0.07017340385318761,5867.240643950512,642.9370066508836,3083.442237553124,433.5877617711195,8766.522768948655,844.1337636935275
train_audio/banana/XC403852.ogg,XC403852.ogg,banana,Bananaquit,Coereba flaveola,val,66.40325,0.03350597,0.015669454,0.3771889727249458,0.05539492628341094,5490.647366013355,670.9448950952793,3284.5776951694224,176.87991707080232,8145.751776680318,620.9929700742192
train_audio/banana/XC614934.ogg,XC614934.ogg,banana,Bananaquit,Coereba flaveola,val,36.70203125,0.010898831,0.011388828,0.3189772827893418,0.10971374892935358,5782.447186237985,992.7616530706501,3972.015418969598,688.7343630135184,10381.46387314734,735.1826603121822
train_audio/banana/XC768806.ogg,XC768806.ogg,banana,Bananaquit,Coereba flaveola,val,6.11265625,0.011412998,0.0035494028,0.17634347462467362,0.10612038509643447,4219.356342950359,1085.1330071513323,3833.049138087086,232.89478697555478,8358.477480417754,740.9079625361446
train_audio/banana/iNat1647768.ogg,iNat1647768.ogg,banana,Bananaquit,Coereba flaveola,val,9.78490625,0.002596789,0.0022764981,0.3276415058210784,0.11561349849841332,6542.114361869284,689.1947475584246,3835.4453677152255,534.9824504951423,10475.822099673203,1396.1479050291493
train_audio/banana/iNat1024701.ogg,iNat1024701.ogg,banana,Bananaquit,Coereba flaveola,val,12.44590625,0.012830696,0.008986616,0.19110625200835477,0.12556828750894045,4000.390565421629,1243.4039790709578,3374.7675255848662,279.0453584124447,7281.551253213368,691.2818991458089
train_audio/banana/XC287776.ogg,XC287776.ogg,banana,Bananaquit,Coereba flaveola,val,76.35590625,0.08377164,0.031147752,0.06799999263434947,0.06467769278287268,2532.49904797708,730.6424044389171,2549.6299764779405,209.05475774280941,5491.6719044626025,646.1878453573006
train_audio/banana/iNat559014.ogg,iNat559014.ogg,banana,Bananaquit,Coereba flaveola,val,21.8035625,0.01108395,0.0058693783,0.039136297459647834,0.05676783475161554,1607.113772641906,1114.4874872672594,2435.990333323979,677.3652196132745,3070.2838407923696,2245.4405862684594
train_audio/banana/XC262501.ogg,XC262501.ogg,banana,Bananaquit,Coereba flaveola,val,21.1330625,0.033265546,0.041444443,0.4613777293480318,0.04239402802367011,7256.672282669764,615.1928963577432,2652.8807052116745,475.0664279382949,9520.651968205904,461.58419036360857
train_audio/banana/XC213296.ogg,XC213296.ogg,banana,Bananaquit,Coereba flaveola,val,39.1314375,0.009097968,0.0016463487,0.07482920137469337,0.0626684593796675,2369.348668647968,892.8370789131247,2976.0328097886177,348.2740880139554,5011.645288225674,1657.1292685947064
train_audio/banana/XC4311.ogg,XC4311.ogg,banana,Bananaquit,Coereba flaveola,val,18.12896875,0.014211907,0.006902903,0.26385745632164903,0.06849890943188179,5581.108846866894,420.1036711522288,4361.347553633031,373.16261881105004,10790.23368606702,961.3301260106513
train_audio/banana/XC116489.ogg,XC116489.ogg,banana,Bananaquit,Coereba flaveola,val,19.56,0.007460088,0.010358875,0.1384550829159853,0.11885687768049345,3675.8982222532445,1314.0747794136198,3670.774259401762,379.9659675574847,7464.112326246934,1366.1831236284725
train_audio/banana/XC120824.ogg,XC120824.ogg,banana,Bananaquit,Coereba flaveola,val,15.9346875,0.039986953,0.033932388,0.486198210811998,0.04679836891405108,8172.066394518254,480.4748515579407,2415.842006084633,476.5803697964886,10591.60077811245,771.0539090167184
train_audio/banana/iNat1423073.ogg,iNat1423073.ogg,banana,Bananaquit,Coereba flaveola,val,4.55553125,0.012980795,0.01582556,0.4174222176535088,0.1299305946772631,7023.2952408537185,1244.1664017494911,3188.1959858064074,1069.5536210892933,9534.484649122807,339.71765969112823
train_audio/banana/XC335021.ogg,XC335021.ogg,banana,Bananaquit,Coereba flaveola,val,51.36,0.041989535,0.04293373,0.34483407257279663,0.07286424553285882,5657.523298039194,855.1938855214244,2566.984998841729,356.42328291976696,7887.174945499844,947.927628899563
train_audio/banana/XC838476.ogg,XC838476.ogg,banana,Bananaquit,Coereba flaveola,val,11.650625,0.0028475777,0.0027621575,0.42586631408607684,0.04805808676760368,7017.484598607384,452.4219282035763,2381.3368392791945,420.26800613409,9440.715020576132,825.328292161955
train_audio/banana/XC948862.ogg,XC948862.ogg,banana,Bananaquit,Coereba flaveola,val,29.0035625,0.03165204,0.032574087,0.20028365019994485,0.1386402642775481,3942.4312397799,1784.593579024451,3187.237043683663,531.0826591616833,7211.484762824049,1952.2718084748294
train_audio/banana/XC737041.ogg,XC737041.ogg,banana,Bananaquit,Coereba flaveola,val,55.40571875,0.007006058,0.0060083712,0.28941260174523536,0.07606952858402967,4430.90862585719,852.9201194957236,3046.6005459344324,472.93961904138934,7403.371354317066,944.2217869955081
train_audio/banana/iNat180706.ogg,iNat180706.ogg,banana,Bananaquit,Coereba flaveola,val,17.8155,0.013388536,0.008317968,0.18001141368379714,0.11372177775559651,4230.563098953691,1370.0074976252226,3625.1853944377312,323.6040681190007,7867.355812387792,1137.143764951108
train_audio/banana/iNat1638891.ogg,iNat1638891.ogg,banana,Bananaquit,Coereba flaveola,val,0.144,0.36477634,0.09033887,0.137890625,0.045354573678027504,2806.2445326976977,547.866427995132,2089.3420669739185,591.5375946089946,3570.3125,309.9308453611063
train_audio/banana/iNat1371881.ogg,iNat1371881.ogg,banana,Bananaquit,Coereba flaveola,val,12.6084375,0.018684965,0.015303104,0.1505942302360583,0.05619084203085887,3498.5428782577605,505.700130243693,3184.2070087189013,153.56649174812205,7190.688371356147,689.0708203639887
train_audio/banana/iNat1563529.ogg,iNat1563529.ogg,banana,Bananaquit,Coereba flaveola,val,18.456,0.043163814,0.033335105,0.1834850079885182,0.1959796710073826,4033.130617045584,2532.529997169966,3023.257285369222,517.3917963764449,7011.887998266898,2407.7956849272377
train_audio/banana/XC215557.ogg,XC215557.ogg,banana,Bananaquit,Coereba flaveola,val,37.35509375,0.016024632,0.021893334,0.0993316715738758,0.13589674787257733,2939.770688437359,2109.2261486959605,3179.586901811996,802.244611850616,5642.9938436830835,3682.3312799786872
train_audio/banana/XC247111.ogg,XC247111.ogg,banana,Bananaquit,Coereba flaveola,val,20.16653125,0.057116758,0.032030348,0.2510148970311261,0.07333340718541397,4658.337274801586,625.8456836235646,3640.8231007826953,439.225651052849,8497.794409199048,1151.05731753069
train_audio/banana/iNat1720274.ogg,iNat1720274.ogg,banana,Bananaquit,Coereba flaveola,val,12.721625,0.0028421993,0.00061117916,0.09274890075376885,0.05936520323370182,2550.360494050861,757.3588291573482,2863.5080274308325,404.78893699906484,5309.457443467337,1619.253981897154
train_audio/banana/XC529279.ogg,XC529279.ogg,banana,Bananaquit,Coereba flaveola,val,50.5208125,0.01903207,0.021797558,0.12689390659634261,0.1526315569570288,4094.468100942676,1826.9701375074276,4041.2973899522767,788.9473210392149,8520.305573147562,3164.686162130228
train_audio/banana/XC736771.ogg,XC736771.ogg,banana,Bananaquit,Coereba flaveola,val,35.064,0.06754143,0.024527183,0.22530459661553376,0.08575158064145451,4742.002576933164,706.4925943504587,3768.7266545683756,259.37563595978855,8668.923927919708,560.7431077233604
train_audio/banana/XC146937.ogg,XC146937.ogg,banana,Bananaquit,Coereba flaveola,val,36.96325,0.0022776837,0.0028573782,0.3522067100957378,0.06621898594061347,5843.503666816785,943.3178224884086,2710.5485002592904,413.6998181624821,7561.107204673302,1125.8605726196101
train_audio/banana/XC32055.ogg,XC32055.ogg,banana,Bananaquit,Coereba flaveola,val,83.67021875,0.014458834,0.016508246,0.23158656862452198,0.15294642372560469,4355.816798811303,1795.1150232401062,3236.753440857307,535.9035390784268,7656.7011233269595,1771.6381103051403
train_audio/banana/XC175745.ogg,XC175745.ogg,banana,Bananaquit,Coereba flaveola,val,16.5355,0.017999483,0.036461413,0.30165958957930367,0.07322386625382356,4772.811659853909,1139.8579363517395,2737.5620388100606,328.7133703659832,7184.024419729207,1073.7699590535276
train_audio/banana/XC32074.ogg,XC32074.ogg,banana,Bananaquit,Coereba flaveola,val,34.0636875,0.054690912,0.02622711,0.09216612479450446,0.11025773283675872,2310.7471536517933,1361.84665455018,2684.0212314197306,516.5198445596432,4338.5612376702675,2111.0107522516905
train_audio/banana/iNat573888.ogg,iNat573888.ogg,banana,Bananaquit,Coereba flaveola,val,11.2,0.003744056,0.0019942322,0.17913722583808844,0.10415283621094404,3300.569189093427,1650.484282129169,2435.2941112369,864.0852242071524,5677.157631954351,2773.094132659422
train_audio/banana/XC269287.ogg,XC269287.ogg,banana,Bananaquit,Coereba flaveola,val,10.9191875,0.08555496,0.07450784,0.1236860015556369,0.16150826414204086,3440.902772861323,2126.254170334012,3169.688508189734,596.568799026829,6290.103404099561,2643.929048403995
train_audio/banana/XC924739.ogg,XC924739.ogg,banana,Bananaquit,Coereba flaveola,val,22.80490625,0.026560951,0.019991398,0.27905136472212483,0.11397986546422252,4896.330531249788,1243.149409696022,3276.757316849419,423.1012734516773,8255.982643758765,936.6388180340568
train_audio/banana/iNat549052.ogg,iNat549052.ogg,banana,Bananaquit,Coereba flaveola,val,3.65715625,0.028071737,0.020938102,0.3453363810043668,0.10359227056129519,5925.0430666721095,1011.11801484786,3843.345930726668,230.56777496297792,10000.887008733624,510.2514407067803
train_audio/banana/XC971449.ogg,XC971449.ogg,banana,Bananaquit,Coereba flaveola,val,19.0,0.02328394,0.031290513,0.4492923209964226,0.06595316022292903,7192.546754951736,1012.3353432002729,2190.0991716891635,372.57541913003087,8827.664667508418,984.9059582509952
train_audio/banana/XC783178.ogg,XC783178.ogg,banana,Bananaquit,Coereba flaveola,val,24.4245,0.037808817,0.019784898,0.05157011040848068,0.05415009432834074,2663.4898224510857,979.5576497145256,3503.104526844801,321.62146443598124,5717.470939751146,1796.6615185033993
train_audio/banana/iNat1721082.ogg,iNat1721082.ogg,banana,Bananaquit,Coereba flaveola,val,17.2146875,0.007435173,0.0021296605,0.06845648669842007,0.052308085465920064,2387.808113702683,795.2496852288548,2995.148161104941,354.8877444776775,5605.236407992565,1520.3257432040577
train_audio/banana/XC211366.ogg,XC211366.ogg,banana,Bananaquit,Coereba flaveola,val,26.3575625,0.0021704854,0.004523157,0.25586263415882887,0.098502554428009,5187.7338765445165,928.340995140635,4039.945834561741,515.6645925943618,9662.498103762136,1295.9220462308992
train_audio/banana/XC406935.ogg,XC406935.ogg,banana,Bananaquit,Coereba flaveola,val,64.078375,0.026448706,0.012896745,0.17983953164013733,0.07753265906257666,3792.5892688680647,757.3478205611891,3479.072425679785,231.7279786286326,7998.088327091136,812.3377035406938
train_audio/banana/XC128032.ogg,XC128032.ogg,banana,Bananaquit,Coereba flaveola,val,80.04,0.056406878,0.05871836,0.45691305919573255,0.06064344955291104,7809.465715957781,670.4800955769616,2730.2334135212855,730.7953804439662,10809.835973415951,1949.9570871424949
train_audio/banana/XC233959.ogg,XC233959.ogg,banana,Bananaquit,Coereba flaveola,val,17.2930625,0.010666331,0.017054755,0.3782390979128122,0.04905078339818169,6545.500826607078,737.6837086605528,1971.6268303673248,305.1821600606295,8016.232076780759,1155.1975249230966
train_audio/banana/XC420337.ogg,XC420337.ogg,banana,Bananaquit,Coereba flaveola,val,29.352,0.010463355,0.0107183,0.34953886026907355,0.12874194188040305,5743.311143237685,1555.9417988208145,2840.6344989788468,605.9908958677586,8146.5258855585835,1492.6567104858866
train_audio/banana/XC523831.ogg,XC523831.ogg,banana,Bananaquit,Coereba flaveola,val,51.6963125,0.07793187,0.032378,0.28806418239480197,0.10431097134769976,5678.8189550139905,1200.1656452645884,4224.02812581559,430.7005643738004,10540.836749690594,2066.5052825030825
train_audio/banana/XC523838.ogg,XC523838.ogg,banana,Bananaquit,Coereba flaveola,val,93.9885625,0.02237852,0.018265858,0.19411968085106382,0.10831819145068874,5529.108566618482,1140.4478387376087,4438.37729361834,477.7171689198955,10747.143617021276,1911.802556562368
train_audio/banana/XC519809.ogg,XC519809.ogg,banana,Bananaquit,Coereba flaveola,val,166.128,0.06412182,0.044386234,0.2731747855023353,0.06794849442317058,4571.929777324187,924.5530994019678,2425.06871702659,212.60290283638713,7266.499241621726,1006.5828318881343
train_audio/banana/XC308452.ogg,XC308452.ogg,banana,Bananaquit,Coereba flaveola,val,15.9869375,0.02260374,0.03709474,0.45737255859375,0.030558583385022518,7532.706030308259,306.9703493333789,2035.7615868393202,1079.3156704469775,9415.4375,1347.1400058317993
train_audio/banana/iNat354802.ogg,iNat354802.ogg,banana,Bananaquit,Coereba flaveola,val,13.43053125,0.009036345,0.0034056678,0.16998465401785715,0.14030040246041436,3865.9145068187136,1760.8259898447254,3299.138223206405,394.2125881049339,7573.995535714285,1501.7752980805785
train_audio/banana/iNat1429882.ogg,iNat1429882.ogg,banana,Bananaquit,Coereba flaveola,val,13.81878125,0.0020917137,0.00043269727,0.13994118019386573,0.03080979633000329,4375.532564908423,270.93118136870396,4422.789016828578,111.7157914382644,10052.933304398148,415.0784584222241
train_audio/banana/iNat597011.ogg,iNat597011.ogg,banana,Bananaquit,Coereba flaveola,val,22.4914375,0.0046224785,0.0035491467,0.13774323768669985,0.09349506751989149,3432.3159724014795,872.7088965734586,3519.6943992222814,221.40716358717057,7578.6584281650075,965.2668081682754
train_audio/banana/XC146976.ogg,XC146976.ogg,banana,Bananaquit,Coereba flaveola,val,31.921625,0.013254756,0.014334479,0.19110144116357716,0.14429686989580662,3990.7404669079815,1455.2346761648907,3132.6652007762273,478.20822132583805,7498.26997745491,854.4263467645868
train_audio/banana/iNat868338.ogg,iNat868338.ogg,banana,Bananaquit,Coereba flaveola,val,11.63321875,0.012386619,0.009367311,0.1912573510473901,0.11916539260282227,4239.089326886198,1222.3703881250601,3716.5851404958935,347.7711794077374,8492.895776098901,1391.0202598145268
train_audio/banana/XC939544.ogg,XC939544.ogg,banana,Bananaquit,Coereba flaveola,val,9.978,0.007890024,0.005957601,0.25827261117788464,0.09310754478140292,4411.023248033304,876.785782014149,3029.987337406407,386.23542591107605,7515.3245192307695,863.3471378039868
train_audio/banana/iNat478917.ogg,iNat478917.ogg,banana,Bananaquit,Coereba flaveola,val,153.96571875,0.006030398,0.0112552885,0.43141487801036577,0.07014863920100863,6830.233373082226,978.0723481724922,3619.9381551118804,902.8876569270512,10363.499233606983,1056.612548243073
train_audio/banana/iNat1400797.ogg,iNat1400797.ogg,banana,Bananaquit,Coereba flaveola,val,5.54959375,0.006026378,0.0043667722,0.14846282871037464,0.06255787012358663,4659.2363512753645,716.4947337602304,4383.764685677803,378.48667803910035,10112.617074927954,1073.058794750086
train_audio/banana/iNat933037.ogg,iNat933037.ogg,banana,Bananaquit,Coereba flaveola,val,2.9305625,0.024851182,0.018853141,0.31477156929347827,0.10802848576158713,5951.811740262014,1021.4513943660783,3364.2682574689275,463.6153056380447,8702.700407608696,945.4955581845475
train_audio/banana/XC460421.ogg,XC460421.ogg,banana,Bananaquit,Coereba flaveola,val,73.6653125,0.035239313,0.021651937,0.2706980354234528,0.0998206773363423,4463.6680762062315,1146.7925335761395,2958.013551935,242.9110781807838,7292.579397394137,1232.6914774563763
train_audio/banana/XC863662.ogg,XC863662.ogg,banana,Bananaquit,Coereba flaveola,val,14.053,0.005765339,0.0032652454,0.44410651752701935,0.04254204574427213,6468.64882193023,779.7985589790965,3089.7543582968915,298.6516054482331,8831.609072810012,620.5410785127373
train_audio/banana/XC288954.ogg,XC288954.ogg,banana,Bananaquit,Coereba flaveola,val,17.946125,0.011723759,0.015577823,0.41454729974376114,0.05050395574433491,6971.58548438688,626.5511455504425,3096.9728317618556,686.8121296092845,9873.816287878788,965.5757935263733
train_audio/banana/XC465602.ogg,XC465602.ogg,banana,Bananaquit,Coereba flaveola,val,8.568,0.008965325,0.00656214,0.34672341417910446,0.11727276580371353,6035.40338317379,1106.9089454587609,3838.1860501195847,485.980515956232,10067.630597014926,740.7894484703073
train_audio/banana/XC998280.ogg,XC998280.ogg,banana,Bananaquit,Coereba flaveola,val,31.536,0.01509301,0.0126609625,0.33169475191746955,0.11663442634985943,5634.7077732017215,1168.3901065957239,3175.450452040993,451.6236687277768,8580.763501521298,816.6756414012
train_audio/banana/iNat599945.ogg,iNat599945.ogg,banana,Bananaquit,Coereba flaveola,val,9.9444375,0.06396509,0.007954167,0.1752552878818328,0.052978655972373286,4145.048700575138,359.5793480413332,3886.164542003421,136.85759677787541,8439.559887459807,422.3061045869097
train_audio/banana/XC84472.ogg,XC84472.ogg,banana,Bananaquit,Coereba flaveola,val,18.5730625,0.032878246,0.054922696,0.2722266802594746,0.0980047427383285,4971.16894240537,1028.7158001979972,3331.1770238122976,567.430902249235,8462.666881998277,577.3863312505373
train_audio/banana/XC213285.ogg,XC213285.ogg,banana,Bananaquit,Coereba flaveola,val,9.7436875,0.0114691695,0.0020971235,0.1614030108271757,0.06089097912371165,3499.161003133768,444.04974708079965,3409.1040210421925,176.14706301759892,7043.61658456486,788.4872386859541
train_audio/banana/XC652646.ogg,XC652646.ogg,banana,Bananaquit,Coereba flaveola,val,45.4530625,0.057610013,0.031483762,0.15782552770811334,0.0998678137099048,2979.3286770208642,1140.3097832150586,2572.1360576325437,394.8633326997245,5320.287750791975,1625.6879733846388
train_audio/banana/XC974424.ogg,XC974424.ogg,banana,Bananaquit,Coereba flaveola,val,10.788,0.008834358,0.007122968,0.314330150462963,0.0886890320666549,5116.11853552073,773.527841668839,3279.455056371613,485.11740348910735,8893.63425925926,929.7805184097299
train_audio/banana/XC775648.ogg,XC775648.ogg,banana,Bananaquit,Coereba flaveola,val,12.40815625,0.020156747,0.018845642,0.09954015987435567,0.11505278538721533,3282.223795911996,1743.3175850008518,3022.4337534417637,418.22249035323773,5838.49468427835,1869.2182266136901
train_audio/banana/XC262504.ogg,XC262504.ogg,banana,Bananaquit,Coereba flaveola,val,10.370625,0.020961935,0.024031322,0.3600904937885208,0.11030436260985811,6990.664420002769,809.1872566520677,3622.2844728528135,872.1812686375885,10183.118258859784,871.9877336823167
train_audio/banana/iNat285500.ogg,iNat285500.ogg,banana,Bananaquit,Coereba flaveola,val,10.56509375,0.012272572,0.010667403,0.04645172442322239,0.04121951973420789,2054.7274097712457,794.4777686059906,2878.3138415209737,432.16556127822537,4818.811459909229,1938.810455302553
train_audio/banana/XC659497.ogg,XC659497.ogg,banana,Bananaquit,Coereba flaveola,val,18.36409375,0.057287104,0.03261426,0.20733281045840593,0.12070670792633025,3840.9020515224915,1014.0959800899594,3101.408179646924,184.7506704626232,6985.491071428572,810.0401002178866
train_audio/banana/XC351849.ogg,XC351849.ogg,banana,Bananaquit,Coereba flaveola,val,192.384,0.003135577,0.0029028289,0.2228738143191268,0.06558103776085564,4855.71662478778,511.3607981079597,3689.9169527407694,478.09139138974496,9121.964656964657,1027.7500003721252
train_audio/banana/iNat1433255.ogg,iNat1433255.ogg,banana,Bananaquit,Coereba flaveola,test,30.0,0.020963453,0.0034135745,0.38670677721881663,0.017870156128020516,7001.507903493699,337.123705784151,3052.742629007031,253.37512553446444,10523.587420042644,1219.1379165617568
train_audio/banana/XC413191.ogg,XC413191.ogg,banana,Bananaquit,Coereba flaveola,test,20.424,0.008419255,0.008218161,0.38289356157008614,0.030439750183369477,6472.653108005858,345.7784600462001,3696.7638344116676,509.84038547528843,10717.954678935004,1019.0747585852982
train_audio/banana/XC460314.ogg,XC460314.ogg,banana,Bananaquit,Coereba flaveola,test,51.59184375,0.029593525,0.01818395,0.26299827398255815,0.11708471065603494,4641.874351179201,1270.7493942680933,3400.4421525615467,360.94955486023173,8200.62984496124,1238.0129811801323
train_audio/banana/XC913488.ogg,XC913488.ogg,banana,Bananaquit,Coereba flaveola,test,38.426,0.04724087,0.011921087,0.044878779402581184,0.05211359665720111,2113.2675272932543,969.2870046532398,3230.141285710193,337.8511186787853,4778.21867194005,1927.4723993010011
train_audio/banana/iNat592080.ogg,iNat592080.ogg,banana,Bananaquit,Coereba flaveola,test,11.04165625,0.025737781,0.0027181525,0.11062502826519537,0.041866606841349664,3085.8032472011855,537.1834490059491,3589.1292397487077,217.10979953582972,7071.838820549928,1114.7397654863364
train_audio/banana/XC437549.ogg,XC437549.ogg,banana,Bananaquit,Coereba flaveola,test,82.5469375,0.07300177,0.036163602,0.04578185562015504,0.035703209342196264,2359.3712848289206,564.3556902982688,3209.5331251944594,262.05739962668173,5244.470687984496,1199.9680117595567
train_audio/banana/iNat353343.ogg,iNat353343.ogg,banana,Bananaquit,Coereba flaveola,test,15.54284375,0.0018531369,0.0026721982,0.1634300451710391,0.13524728150796722,4484.527812006326,1508.6074870976124,4213.268406962894,565.138505426167,9314.348636831275,1352.879124558043
train_audio/banana/XC1035884.ogg,XC1035884.ogg,banana,Bananaquit,Coereba flaveola,test,71.61946875,0.012780458,0.013330577,0.1864457836581416,0.07115797386392683,4824.723019188636,961.3580140202994,4255.892419751598,353.14781707606,9704.688547018093,1664.633525325606
train_audio/banana/XC1068948.ogg,XC1068948.ogg,banana,Bananaquit,Coereba flaveola,test,86.22146875,0.026795322,0.02809382,0.3766361816315643,0.07464338214870707,6633.957388505897,585.3790383086668,3509.0851570642694,816.2726271039805,10547.875301540174,1376.1965285346403
train_audio/banana/iNat277214.ogg,iNat277214.ogg,banana,Bananaquit,Coereba flaveola,test,2.97221875,0.038216177,0.010851155,0.10057018649193548,0.03082689983756136,3557.8468571607686,424.7283903589454,4305.895494585863,148.67226700825668,8759.408602150537,910.4467498547975
train_audio/banana/XC1059797.ogg,XC1059797.ogg,banana,Bananaquit,Coereba flaveola,test,74.187,0.015842529,0.0129314875,0.13673570347881173,0.09726168028594709,4029.418558071381,1233.6876819407846,3573.5216325509587,481.26114125046246,7685.7343109769245,1500.0468720537656
train_audio/banana/XC393396.ogg,XC393396.ogg,banana,Bananaquit,Coereba flaveola,test,75.598375,0.0028343836,0.0018030994,0.24212745949074074,0.09084548661088936,4461.683240588085,800.8932935219126,3024.6105737615426,231.96116398894333,7274.021164021164,853.9414463328543
train_audio/banana/XC196682.ogg,XC196682.ogg,banana,Bananaquit,Coereba flaveola,test,27.24571875,0.015364037,0.0051333923,0.30856249770625366,0.045699573267030384,5151.943389280379,555.4197709629094,2596.135999389803,226.7226233059321,7318.381165590135,1305.630807934117
train_audio/banana/XC835328.ogg,XC835328.ogg,banana,Bananaquit,Coereba flaveola,test,14.33334375,0.007237885,0.0074165342,0.16716112409319198,0.08543699954973906,5165.295233047295,794.8587436269258,4456.193307358456,402.36290294253934,10625.662667410714,719.7202946778154
train_audio/banana/XC84476.ogg,XC84476.ogg,banana,Bananaquit,Coereba flaveola,test,14.99428125,0.03527082,0.062828526,0.26027524903384863,0.12270348515609139,5078.991790669804,1365.3707417603387,3385.642729149166,990.8106159478068,8695.64565565032,1182.5913790172535
train_audio/banana/iNat1601568.ogg,iNat1601568.ogg,banana,Bananaquit,Coereba flaveola,test,32.92515625,0.032898083,0.034661233,0.4390540535410593,0.06305026327856968,6696.970209175265,782.7146603544088,1827.8312148181699,391.649545906379,8287.164419339164,467.50677004810007
train_audio/banana/XC939064.ogg,XC939064.ogg,banana,Bananaquit,Coereba flaveola,test,5.982,0.02878983,0.006555918,0.13427473262032086,0.07613460702639162,4009.7283057050136,812.8138823591586,3680.760300070437,332.9332270571671,8117.271056149732,990.7126540697753
train_audio/banana/XC754861.ogg,XC754861.ogg,banana,Bananaquit,Coereba flaveola,test,60.813,0.011023248,0.0061216685,0.10940531685740594,0.09336902653296895,3745.2584263746944,1121.8501441298006,4222.274432588727,385.4963595033632,8429.229150223626,1372.361606635312
train_audio/banana/iNat688425.ogg,iNat688425.ogg,banana,Bananaquit,Coereba flaveola,test,29.02496875,0.024585286,0.008135094,0.08138236053719008,0.07165076053628758,2338.6776052071014,827.0477806094735,2717.28796853392,421.2003422738517,5120.575068870524,1798.1219262233244
train_audio/banana/XC58866.ogg,XC58866.ogg,banana,Bananaquit,Coereba flaveola,test,69.7208125,0.15675814,0.056401204,0.02535746041762276,0.03533473185632077,1569.638687902518,944.6055749383004,2648.6568583346843,693.3181582196346,3758.117255621845,2706.5505151888797
train_audio/banana/iNat471575.ogg,iNat471575.ogg,banana,Bananaquit,Coereba flaveola,test,11.4,0.001127543,0.0008190372,0.15694715331346423,0.11084733364303208,3134.400179333558,1263.597980319085,2933.80105777933,381.17043306891424,5976.880259467041,1767.8647634882052
train_audio/banana/XC427233.ogg,XC427233.ogg,banana,Bananaquit,Coereba flaveola,test,44.95675,0.0238828,0.048287805,0.343946181327847,0.0756244350618254,6309.889683051411,755.6255339233323,4042.8751004063665,979.9043871873193,11187.67237544484,1280.0697036853721
train_audio/banana/iNat1371833.ogg,iNat1371833.ogg,banana,Bananaquit,Coereba flaveola,test,0.072,0.22229628,0.039366,0.10478515625,0.022648250877766823,2407.5733239121714,152.04133837380365,1721.4664083138837,60.503405717053795,4475.0,323.79584617471545
train_audio/banana/iNat143232.ogg,iNat143232.ogg,banana,Bananaquit,Coereba flaveola,test,12.74778125,0.038003515,0.02964696,0.10607833575125471,0.08961376355471415,2707.1841902015567,1214.9367762112358,2752.463281686086,581.8059634926288,5806.324498117942,1954.4731468500415
train_audio/banana/XC490740.ogg,XC490740.ogg,banana,Bananaquit,Coereba flaveola,test,13.9755,0.017499251,0.025727717,0.30750321796338675,0.11798292521067164,6396.338315066244,1047.5993756406854,3549.179428293161,789.8343217076415,10448.530463386727,733.8261871490379
train_audio/banana/iNat33121.ogg,iNat33121.ogg,banana,Bananaquit,Coereba flaveola,test,16.512,0.0060713855,0.004791728,0.1811098023051791,0.15771588069157272,4799.177496896389,1646.2786003232122,4037.0066759525575,495.5200535136423,9454.259438528557,1397.9360858525422
train_audio/banana/XC319635.ogg,XC319635.ogg,banana,Bananaquit,Coereba flaveola,test,14.7853125,0.005234913,0.0021056193,0.17671875,0.03431769646176101,3492.2768687510406,390.30911944506335,2657.249474520325,222.88764693550388,6119.10472972973,927.895811184338
train_audio/banana/XC1056057.ogg,XC1056057.ogg,banana,Bananaquit,Coereba flaveola,test,29.378,0.09860509,0.049419183,0.026336620083696242,0.00978360203462519,1328.8899716685817,266.3168787895318,2235.8192774998206,255.8493924871384,2780.6971284703322,765.162748390932
train_audio/banana/XC372724.ogg,XC372724.ogg,banana,Bananaquit,Coereba flaveola,test,113.86775,0.045583975,0.053857464,0.1594238624288675,0.11197757822760816,4062.1869171501635,1490.7535718122467,3605.8269374773813,444.9081139148154,7595.227536180975,1235.4395047805117
train_audio/banana/XC387899.ogg,XC387899.ogg,banana,Bananaquit,Coereba flaveola,test,16.613875,0.0057478687,0.0049613216,0.23017032979427335,0.07209198291528669,4515.72232606799,1066.8477371513206,3161.9619523448328,223.8614732077218,7657.5433108758425,1213.8988046444556
train_audio/banana/XC725276.ogg,XC725276.ogg,banana,Bananaquit,Coereba flaveola,test,48.326,0.07493214,0.05162584,0.3890465310534591,0.10702949506055184,5947.383485524706,1418.8320144579131,2765.987105537887,439.616887679614,8475.111717974181,1312.8006634291794
train_audio/banana/iNat724164.ogg,iNat724164.ogg,banana,Bananaquit,Coereba flaveola,test,11.7493125,0.0038977412,0.010484635,0.061076344600340136,0.03128592972696819,2396.5593154765634,592.0916212348711,3430.923115656592,468.8066806453261,5384.311224489796,1742.8742371677868
train_audio/banana/XC28577.ogg,XC28577.ogg,banana,Bananaquit,Coereba flaveola,test,10.44896875,0.0117640635,0.0084751705,0.21919348480504589,0.0891617129402936,4286.945128150048,989.4818662927325,3335.9331328651792,347.94296757679183,7682.339449541284,1161.6627307883969
train_audio/banana/iNat1467994.ogg,iNat1467994.ogg,banana,Bananaquit,Coereba flaveola,test,8.6963125,0.01217447,0.014027305,0.32015273150275736,0.09442878811012966,5650.104950986737,1077.1682478207094,3456.0164730624856,845.787280920049,9170.46760110294,1775.943890892277
train_audio/banana/XC115505.ogg,XC115505.ogg,banana,Bananaquit,Coereba flaveola,test,22.88325,0.07670701,0.013764895,0.06498781173567435,0.03118626361286264,1960.841987097962,436.0521624468611,2588.6640018214803,287.77672898463703,4095.5625436757514,1375.573542981112
train_audio/banana/iNat1663739.ogg,iNat1663739.ogg,banana,Bananaquit,Coereba flaveola,test,9.624,0.02772547,0.008490014,0.04796268298380399,0.05882128709089755,1953.427414840511,1034.390095774486,2575.0684694212737,711.1798601582155,4430.4921096345515,2155.1527305231207
train_audio/banana/XC262505.ogg,XC262505.ogg,banana,Bananaquit,Coereba flaveola,test,14.91590625,0.05415139,0.02706217,0.3085225750267953,0.10057260931635881,6196.1640891406605,1187.9735420421453,3328.129231607067,314.8195929423849,8827.002947481244,1094.0930441021092
train_audio/banana/XC211811.ogg,XC211811.ogg,banana,Bananaquit,Coereba flaveola,test,42.29225,0.0135516785,0.017044445,0.3953918364693646,0.11616450678926517,6917.5058895755155,1344.6019955913857,2773.1453082488756,619.9956297588999,10118.463975037821,719.3157733688828
train_audio/banana/XC523830.ogg,XC523830.ogg,banana,Bananaquit,Coereba flaveola,test,92.21225,0.042777874,0.041939784,0.31837030287669155,0.11686904103877381,5995.750952037363,1150.289219473028,3960.10796039149,832.3265233294434,10239.034849930604,2186.5636699320185
train_audio/banana/iNat1371831.ogg,iNat1371831.ogg,banana,Bananaquit,Coereba flaveola,test,7.9145625,0.019250553,0.017226184,0.2086874605429293,0.17704208623634263,4237.639229638437,2030.5390056030462,3512.609095490035,455.0941387753753,7400.126262626262,2091.4597623803893
train_audio/banana/XC690553.ogg,XC690553.ogg,banana,Bananaquit,Coereba flaveola,test,42.71021875,0.020569516,0.021677976,0.27708424771769663,0.11706693311349926,5338.918743358528,1365.3492397020668,3672.9833492714997,464.2423373026622,8671.757958801498,1651.775351508628
train_audio/banana/iNat578077.ogg,iNat578077.ogg,banana,Bananaquit,Coereba flaveola,test,31.224,0.015451277,0.012619462,0.040581875160092214,0.05616617355048834,1933.1531578783686,1240.3705933843776,3018.7805070374106,752.118952619277,4025.0624359631147,2821.7011219304536
train_audio/banana/XC346009.ogg,XC346009.ogg,banana,Bananaquit,Coereba flaveola,test,25.91346875,0.0013014685,0.001757223,0.23203938802083332,0.08002311652737944,4409.556691503504,780.8323163824442,3200.4694220970464,404.65871802829037,7606.838348765432,1221.8494380426075
train_audio/banana/XC1025691.ogg,XC1025691.ogg,banana,Bananaquit,Coereba flaveola,test,93.312,0.030551817,0.012807375,0.061269628353763074,0.03810576518302159,1434.9043263756396,476.6700239340509,1585.180910310298,316.8642655784145,2934.3980370306876,1149.2042677666236
train_audio/banana/XC757619.ogg,XC757619.ogg,banana,Bananaquit,Coereba flaveola,test,49.214,0.04899824,0.0587246,0.2290096208550065,0.1737962279200164,4613.791066501373,1746.4551307529819,3252.9117305651084,597.0919069996362,7859.776292262679,1197.0014013519044
train_audio/banana/XC1035893.ogg,XC1035893.ogg,banana,Bananaquit,Coereba flaveola,test,58.7885,0.07168748,0.024096338,0.13989450467687076,0.07804410883385415,3499.033021510516,749.4216449497831,3359.330435301382,168.7211593640241,6532.793367346939,1112.0029160293955
train_audio/banana/iNat1576095.ogg,iNat1576095.ogg,banana,Bananaquit,Coereba flaveola,test,15.39353125,0.07440776,0.028537806,0.015283760870976116,0.03107105915466274,973.4175163853997,574.4813130786978,2125.1249064950334,700.6997524096107,1643.2372793354102,1773.3601122486693
train_audio/banana/XC116098.ogg,XC116098.ogg,banana,Bananaquit,Coereba flaveola,test,57.18203125,0.06484978,0.057285096,0.09331363449566313,0.07967708027208527,3060.0113840516465,1197.9094769585452,3547.40618549115,445.1523574442157,6644.743284834919,1925.1075537314407
train_audio/banana/XC939494.ogg,XC939494.ogg,banana,Bananaquit,Coereba flaveola,test,22.23,0.00467029,0.0015773099,0.22518442277428058,0.07937853046090076,4180.111275347158,671.5205276225923,3344.726847926037,230.67786223548944,8003.94559352518,828.1116767740025
train_audio/banana/XC957251.ogg,XC957251.ogg,banana,Bananaquit,Coereba flaveola,test,11.664,0.04795252,0.038199406,0.4255524935787671,0.05336194365455701,6681.9300063880955,704.7203995185014,3431.8330417443367,411.6079175825686,9216.202910958904,756.174551475312
train_audio/banana/iNat998528.ogg,iNat998528.ogg,banana,Bananaquit,Coereba flaveola,test,8.2659375,0.0049731927,0.0015722367,0.018896578820116056,0.014016679316294895,1218.0512046982374,514.6138405352615,2676.5300389714644,423.64095795583006,2072.533849129594,2264.135252806946
train_audio/banana/XC576031.ogg,XC576031.ogg,banana,Bananaquit,Coereba flaveola,test,25.2,0.0053772004,0.004907224,0.3285757926514911,0.12517565262452576,5655.42923201054,1336.165944493821,3171.904196919655,497.34591968167365,8740.204631979695,789.031148397085
train_audio/banana/iNat357060.ogg,iNat357060.ogg,banana,Bananaquit,Coereba flaveola,test,11.264,0.0029229892,0.0010939596,0.09409006538120568,0.019205920285665458,1586.8487528000414,181.0821822591954,1146.6922243591746,116.30943920280582,3067.929964539007,282.3178715960371
train_audio/banana/iNat207920.ogg,iNat207920.ogg,banana,Bananaquit,Coereba flaveola,test,38.184,0.01629235,0.0099429395,0.0339612189725597,0.034779192846373985,2262.054205717134,977.6787901097481,3439.0996806127705,555.7929102666325,5120.954650188522,2387.4828623945655
train_audio/banana/XC84790.ogg,XC84790.ogg,banana,Bananaquit,Coereba flaveola,test,33.253875,0.037529457,0.040742006,0.3849875710227273,0.07089800181595746,6505.767089107343,773.5752945105562,2799.3103081667796,667.8531307066768,9112.080627705627,1189.7390143276796
train_audio/banana/XC1017270.ogg,XC1017270.ogg,banana,Bananaquit,Coereba flaveola,test,5.694,0.009183061,0.0042005386,0.11272987622893259,0.0753222189925379,3379.7338202352735,926.8506260331676,3794.0351439688566,251.12637826145695,7764.571629213483,1226.7211053631027
train_audio/banana/XC939908.ogg,XC939908.ogg,banana,Bananaquit,Coereba flaveola,test,19.617,0.010429591,0.006884964,0.3031132207620212,0.09466236597770936,4906.148863821675,852.8358536213444,3001.8024627825566,455.5882720145276,8180.063162184189,921.4200182045035
train_audio/banana/XC484774.ogg,XC484774.ogg,banana,Bananaquit,Coereba flaveola,test,15.9869375,0.035848476,0.039804727,0.0821171875,0.09232335961064982,2581.8825696059725,1373.8090853708975,2834.7544419165833,421.71526359424513,5086.90625,1866.2221717512462
train_audio/banana/iNat239520.ogg,iNat239520.ogg,banana,Bananaquit,Coereba flaveola,test,15.04653125,0.020455586,0.022348585,0.1032764138881509,0.10718818023076931,3519.092226796644,1842.804866498121,3568.3579535570893,534.6584852449738,7534.986052072263,2372.2321355808376
train_audio/banana/XC689903.ogg,XC689903.ogg,banana,Bananaquit,Coereba flaveola,test,37.8775625,0.015858717,0.010718092,0.46900692501583613,0.020550991385077558,7284.595332170231,236.76673913238776,2438.356720640928,265.11738394990346,9430.347339527027,358.23392919073547
train_audio/banana/XC561261.ogg,XC561261.ogg,banana,Bananaquit,Coereba flaveola,test,3.526,0.029043306,0.038618654,0.3319738051470588,0.16037904055249125,5685.1613356482985,2004.8392949910244,2651.8095391579864,614.0502526810544,8125.636312217194,1492.4478446558733
train_audio/banana/iNat1019241.ogg,iNat1019241.ogg,banana,Bananaquit,Coereba flaveola,test,10.28646875,0.047112558,0.016020566,0.057035502527216175,0.04223111626824868,2269.245840627829,650.3852792557967,2963.011337634538,405.1204895468687,5477.109253499222,1646.4239885307882
train_audio/banana/XC814348.ogg,XC814348.ogg,banana,Bananaquit,Coereba flaveola,test,59.05,0.03373541,0.009808478,0.19700382370123273,0.08911920179418752,5077.015580310804,1002.4569025928602,4065.010593606335,397.49624298961345,9247.19334191276,646.6557094946694
train_audio/banana/XC690554.ogg,XC690554.ogg,banana,Bananaquit,Coereba flaveola,test,12.8,0.0385533,0.024444442,0.1527881408005618,0.08702924916353492,3692.4868083283864,1302.960106438955,3505.096180041544,391.61635693538545,7262.406367041199,1775.580822477668
train_audio/banana/iNat615009.ogg,iNat615009.ogg,banana,Bananaquit,Coereba flaveola,test,8.24309375,0.006300776,0.002467981,0.12050232406734496,0.11453736757955862,3297.450198326183,1339.3944865647443,3553.097974726568,402.94322302295654,6928.022044573643,1789.1043028523309
train_audio/banana/XC326973.ogg,XC326973.ogg,banana,Bananaquit,Coereba flaveola,test,18.696,0.0360743,0.025913406,0.22410898069931565,0.0790652979037453,3543.8897413928294,790.7355892270282,2332.5143225986426,263.3915345859913,6299.588323353293,794.3280570798264
train_audio/banana/XC195411.ogg,XC195411.ogg,banana,Bananaquit,Coereba flaveola,test,50.5991875,0.022015644,0.0047805193,0.3897714726426652,0.014508930722806635,5577.934466368453,403.569941136147,2448.265259623594,193.2765124452432,7060.553667404363,987.8522902554078
train_audio/banana/iNat368645.ogg,iNat368645.ogg,banana,Bananaquit,Coereba flaveola,test,13.6934375,0.012904994,0.016720274,0.24785407235689252,0.09139040585202408,4453.689498009186,1026.7318369690258,3047.926690245886,626.2936962686484,6838.45648364486,1132.2934468301667
train_audio/banana/XC170035.ogg,XC170035.ogg,banana,Bananaquit,Coereba flaveola,test,21.34203125,0.004559421,0.0054793633,0.3648628566576087,0.04341925785509385,6350.636120555156,579.927804901523,3601.6309519583147,605.9577263942523,10464.75590329835,1728.139063507822
train_audio/banana/XC946049.ogg,XC946049.ogg,banana,Bananaquit,Coereba flaveola,test,5.89978125,0.025156481,0.01110735,0.40933980140582654,0.07118420041691556,6390.563300634532,554.2790306592581,3242.428538509071,204.06257583768843,9622.586382113821,309.1840020985001
train_audio/banana/XC489594.ogg,XC489594.ogg,banana,Bananaquit,Coereba flaveola,test,57.456,0.042990178,0.028991077,0.26691679752749164,0.1072491780459901,4237.051263588893,1253.6322942025433,3063.7191515081813,283.34972694683876,7674.123921213809,1147.5163209560194
train_audio/banana/XC416125.ogg,XC416125.ogg,banana,Bananaquit,Coereba flaveola,test,23.184,0.0317995,0.033257104,0.34842605064655174,0.0943177162670231,6196.613796087357,939.9686154521,3523.2114507327465,689.773449788518,10165.635775862069,1661.2523979777723
train_audio/banana/XC519808.ogg,XC519808.ogg,banana,Bananaquit,Coereba flaveola,test,114.624,0.044962935,0.030293524,0.23524429736566643,0.04637000267279126,4018.941187193656,459.52534791966696,2215.308423829136,164.9202706203782,6316.292306350314,527.5980152558252
train_audio/banana/iNat339877.ogg,iNat339877.ogg,banana,Bananaquit,Coereba flaveola,test,17.998375,0.0025319443,0.0029585888,0.22216276041666666,0.1885296176675547,4706.5336526202,2143.0535617986443,3748.8635308140947,788.099259070435,8490.597222222223,2162.091704212113
train_audio/banana/XC297013.ogg,XC297013.ogg,banana,Bananaquit,Coereba flaveola,test,22.12571875,0.015955992,0.026837774,0.3750840281543745,0.08685276825109008,6131.759562821807,1043.2280608956448,2581.8913570838986,637.0258304458619,8678.710231381056,796.4330784816775
train_audio/banana/iNat1157593.ogg,iNat1157593.ogg,banana,Bananaquit,Coereba flaveola,test,7.6944375,0.01368939,0.011081643,0.18182030437889812,0.09257684243457745,4278.970253599901,1190.8907490387703,3746.998170259535,298.34493660734177,8202.735187110187,1246.1999843766905
train_audio/banana/XC345364.ogg,XC345364.ogg,banana,Bananaquit,Coereba flaveola,test,12.24,0.009662565,0.004164538,0.4840989872307441,0.03244460414205592,7037.212732296111,381.2370100195141,2598.6513450832203,328.0661434838986,9295.79389686684,469.5806028030138
train_audio/banana/XC241562.ogg,XC241562.ogg,banana,Bananaquit,Coereba flaveola,test,63.72,0.015834935,0.024390725,0.38297995975081595,0.10326711092233565,6770.837024303949,964.182749579906,4183.186144956303,1001.1858550233451,11691.862289731358,1444.367122640055
train_audio/banana/iNat494464.ogg,iNat494464.ogg,banana,Bananaquit,Coereba flaveola,test,12.32978125,0.0013812952,0.00089390465,0.08222820910343709,0.08847419858875677,3157.114729643427,1419.4331831053064,3937.756209764957,433.096537589591,7604.166666666667,2107.6291843883846
train_audio/banana/iNat366408.ogg,iNat366408.ogg,banana,Bananaquit,Coereba flaveola,test,30.0146875,0.014742861,0.010558619,0.21641973239272388,0.12063659576079623,5385.180682227224,980.6828632052636,4148.549991279663,369.08709704056565,10049.273720682302,757.7926466495923
train_audio/banana/iNat1564205.ogg,iNat1564205.ogg,banana,Bananaquit,Coereba flaveola,test,37.012625,0.030927245,0.012477481,0.020793100421348316,0.015537939519754842,1342.2743764334607,492.7422779073339,2115.392790555511,420.6473135088177,2934.1508210890233,1293.9965819341387
train_audio/banana/iNat1208541.ogg,iNat1208541.ogg,banana,Bananaquit,Coereba flaveola,test,16.88025,0.00945662,0.0055435067,0.08802610455137311,0.06669835277238502,2884.2589568614308,1301.9483380422528,3567.7777395325634,703.6779463704036,6097.508285984848,2921.6131989931946
train_audio/banana/iNat1215338.ogg,iNat1215338.ogg,banana,Bananaquit,Coereba flaveola,test,38.47546875,0.018667562,0.0046766214,0.06855225116943867,0.05440118021460067,2343.321037186804,816.2985964860405,3128.714276998941,476.48333424327916,5174.6361746361745,1902.7915841212136
train_audio/banana/XC173391.ogg,XC173391.ogg,banana,Bananaquit,Coereba flaveola,test,156.168,0.04030593,0.033714354,0.08391334135846737,0.1386201094376468,3026.251954515076,1843.7634824379068,3272.3796475965087,360.1263378923872,6068.030619301301,2012.7284941904097
train_audio/banana/XC331385.ogg,XC331385.ogg,banana,Bananaquit,Coereba flaveola,test,31.44,0.0078055216,0.0080620255,0.23872283904501526,0.1757745820301697,5365.649723122152,1845.9840131636797,3743.099273146794,556.3167760930239,8965.523270600204,1292.8243058567639
train_audio/banana/iNat150265.ogg,iNat150265.ogg,banana,Bananaquit,Coereba flaveola,test,11.308125,0.005922964,0.007594077,0.29765749314886847,0.0916957901991115,4577.332551600253,1057.8009018326477,3318.322699298459,562.668581200058,7672.670615275813,1284.2467851810054
train_audio/banana/XC277013.ogg,XC277013.ogg,banana,Bananaquit,Coereba flaveola,test,68.04,0.019133843,0.026369752,0.22679705410151657,0.07595021964889782,4935.209629657493,628.8505152534525,3763.0147409846973,569.2042729387069,9004.654802492358,833.8619053796764
train_audio/banana/XC843854.ogg,XC843854.ogg,banana,Bananaquit,Coereba flaveola,test,41.296,0.01621551,0.024338933,0.2510885154434547,0.15615041213041955,4981.0877481671,1755.2182517486701,3209.697515091273,598.410733262029,8014.602294732766,1010.1893218487598
train_audio/banana/XC979469.ogg,XC979469.ogg,banana,Bananaquit,Coereba flaveola,test,27.192,0.00562716,0.013585798,0.2807088694852941,0.07647168298084418,5111.792241416918,839.1228044029742,3177.6562848168423,369.22528093854294,8344.568014705883,819.063417064657
train_audio/banana/XC444909.ogg,XC444909.ogg,banana,Bananaquit,Coereba flaveola,test,31.16409375,0.008288457,0.008121834,0.1521076304222279,0.0700037310337753,3265.024437897067,852.7922429404379,2544.864343830204,235.87612872052256,6219.5922099589325,996.0912078185714
train_audio/banana/iNat1630115.ogg,iNat1630115.ogg,banana,Bananaquit,Coereba flaveola,test,0.048,0.41052458,0.044331692,0.1177978515625,0.02294499784571425,4286.121871800655,441.0159240363917,3353.989422951614,74.30513709566823,7582.03125,863.5109988397296
train_audio/banana/XC523837.ogg,XC523837.ogg,banana,Bananaquit,Coereba flaveola,test,43.33715625,0.07787109,0.07551996,0.3061335983642488,0.14023557916827337,5180.617062961232,1556.511469482239,3258.270721650271,682.4505410565542,8495.806801402732,2238.7256813721388
train_audio/banana/iNat1720278.ogg,iNat1720278.ogg,banana,Bananaquit,Coereba flaveola,test,5.6424375,0.0025620838,0.00061031117,0.10006860835694051,0.05771432901831537,2735.1442854129186,772.8993011059507,2935.118609213381,338.46747443629283,5766.687322946175,1444.999061189394
train_audio/banana/iNat396745.ogg,iNat396745.ogg,banana,Bananaquit,Coereba flaveola,test,17.73715625,0.035081055,0.022339288,0.10666413646866546,0.12701913119860458,2407.1841865061724,1672.8934953643975,2748.6341984788473,732.5008148747581,4587.113954012624,3087.1405858780704
train_audio/banana/iNat54522.ogg,iNat54522.ogg,banana,Bananaquit,Coereba flaveola,test,41.169,0.005543442,0.0034322534,0.2497120392628205,0.07138247586855181,5062.019274149251,716.025012336116,4103.760774020507,201.7038449020333,10087.819298756798,629.9476193072608
train_audio/banana/iNat612765.ogg,iNat612765.ogg,banana,Bananaquit,Coereba flaveola,test,12.5155625,0.0051222956,0.0024930222,0.17570704122765007,0.1124919551703269,3912.3540949080107,1268.8205662595653,3398.086493545307,320.7777481086441,7455.020753512133,1166.8111742435988
train_audio/banana/XC523841.ogg,XC523841.ogg,banana,Bananaquit,Coereba flaveola,test,91.6114375,0.04523256,0.04771822,0.39261300223214285,0.10326817541007426,6709.899665342977,1170.604370218423,3920.3793778544605,833.1634340579757,10919.58282396088,2263.8921708852954
train_audio/banana/iNat1144174.ogg,iNat1144174.ogg,banana,Bananaquit,Coereba flaveola,test,2.73984375,0.075139664,0.042114563,0.037802053052325583,0.04413623368684264,1737.4952216929232,1402.1918983326118,2993.310998878054,1106.0532726840822,3509.9018895348836,3690.6088936773267
train_audio/banana/iNat1645079.ogg,iNat1645079.ogg,banana,Bananaquit,Coereba flaveola,test,7.28815625,0.029536627,0.052381337,0.22733454118695176,0.11863677657787562,6161.872155028902,939.5977357543667,3950.242843488137,653.9643921694602,9812.02028508772,1033.7176754435277
train_audio/banana/XC401626.ogg,XC401626.ogg,banana,Bananaquit,Coereba flaveola,test,10.266125,0.047146942,0.037871465,0.4195971147293614,0.10979706698727176,6286.579946255381,903.5634824234505,3815.8829051434,560.7075644854707,9765.211253894082,814.9834901733682
train_audio/fepowl/iNat37368.ogg,iNat37368.ogg,fepowl,Ferruginous Pygmy Owl,Glaucidium brasilianum,train,34.429,0.033900145,0.025554482,0.053215168665776025,0.0663344505761988,1356.813821974278,1200.616874403685,1982.9415084196455,998.3127529301642,2273.9384874535317,2526.8307878713554
train_audio/fepowl/XC411257.ogg,XC411257.ogg,fepowl,Ferruginous Pygmy Owl,Glaucidium brasilianum,train,94.51103125,0.020905133,0.017738549,0.1294629749396902,0.035797088250202766,3874.8191444492377,637.5555476591721,3904.587734289151,413.5059899727351,8510.022536820721,1525.7605702551527
train_audio/fepowl/iNat1304783.ogg,iNat1304783.ogg,fepowl,Ferruginous Pygmy Owl,Glaucidium brasilianum,train,28.37334375,0.0021209456,0.001159627,0.08675029285865277,0.025847487229310642,3394.9107265025987,476.4231430103339,3703.9530344184236,291.99051223300637,7556.167206877114,901.9558738652462
train_audio/fepowl/iNat364715.ogg,iNat364715.ogg,fepowl,Ferruginous Pygmy Owl,Glaucidium brasilianum,train,12.64325,0.0023641984,0.0034281588,0.12629014894121365,0.10032407846024373,3317.637768255691,1129.200858697857,3242.2171006682315,424.6229647337964,6541.818109987358,1536.8163242979203
train_audio/fepowl/iNat133909.ogg,iNat133909.ogg,fepowl,Ferruginous Pygmy Owl,Glaucidium brasilianum,train,86.471125,0.024610214,0.036298193,0.16277779183048102,0.0654828668091029,3854.8807248501093,644.3182237546912,3643.903675580371,245.08044787347973,7319.646160962072,661.9253534700395
train_audio/fepowl/iNat1528173.ogg,iNat1528173.ogg,fepowl,Ferruginous Pygmy Owl,Glaucidium brasilianum,train,70.135875,0.0019356478,0.0017306263,0.22033067689324817,0.07099242976459429,4008.6295295415453,684.7520473296578,2822.564850414718,247.0897574494222,6311.9832059762775,387.7888173154193
train_audio/fepowl/XC707564.ogg,XC707564.ogg,fepowl,Ferruginous Pygmy Owl,Glaucidium brasilianum,train,155.448,0.008789344,0.005950165,0.05305646171585529,0.02791902375437022,2005.091860417343,729.5541083875443,2930.130914445345,551.1622758599237,3895.2484947509265,1976.1452037959355
train_audio/fepowl/iNat577372.ogg,iNat577372.ogg,fepowl,Ferruginous Pygmy Owl,Glaucidium brasilianum,train,13.368,0.057351064,0.027954739,0.37418405633223684,0.10321318470501424,5966.732827759729,1245.9145598971836,2381.7266719544346,494.2669987913242,8315.359599282297,1748.2558532049477
train_audio/fepowl/iNat155234.ogg,iNat155234.ogg,fepowl,Ferruginous Pygmy Owl,Glaucidium brasilianum,train,32.8795,0.01536672,0.012059448,0.3142725440997567,0.11650294682260266,6253.028810456453,1418.8224118737098,4699.539122373322,678.6884271580238,12217.31295620438,2753.4714772808575
train_audio/fepowl/XC28877.ogg,XC28877.ogg,fepowl,Ferruginous Pygmy Owl,Glaucidium brasilianum,train,78.7853125,0.019985773,0.005723958,0.4096401094543147,0.051599845027445836,5936.7453048986845,433.69898345307365,2754.054258991733,156.34924486492596,7334.914340101523,89.81045081421682
train_audio/fepowl/XC353207.ogg,XC353207.ogg,fepowl,Ferruginous Pygmy Owl,Glaucidium brasilianum,train,92.184,0.0042349086,0.0065761637,0.14987692126214855,0.041595477914822314,3260.776225120102,619.5774124613616,2611.8286272784953,463.02367329096637,5430.7993101353695,1364.7158670008555
train_audio/fepowl/XC956450.ogg,XC956450.ogg,fepowl,Ferruginous Pygmy Owl,Glaucidium brasilianum,train,21.0546875,0.008315587,0.008058106,0.07735250641147416,0.032092272212462705,2184.7060733487083,429.28440911575507,2690.2382868475747,351.14629768640066,3891.776690729483,1034.5881208476628
train_audio/fepowl/iNat167729.ogg,iNat167729.ogg,fepowl,Ferruginous Pygmy Owl,Glaucidium brasilianum,train,12.1,0.0019811294,0.0031431115,0.06877734891017173,0.025657043311106544,2350.316580883505,378.1349093506123,2846.7687199253814,237.49288844256282,6027.906208718626,817.7514318832986
train_audio/fepowl/iNat582007.ogg,iNat582007.ogg,fepowl,Ferruginous Pygmy Owl,Glaucidium brasilianum,train,30.43265625,0.014845812,0.012216329,0.07229307959471887,0.015883547190096554,2303.8727495279168,289.55184715511234,3076.5217106352934,216.2828578917618,4816.6710457172885,706.4571695806118
train_audio/fepowl/XC901152.ogg,XC901152.ogg,fepowl,Ferruginous Pygmy Owl,Glaucidium brasilianum,train,42.318,0.009392032,0.003653211,0.10847209504962192,0.042995812190920545,4546.907469278974,394.6837384615423,4215.371145220374,272.147711413921,9293.188799621928,729.4059118035287
train_audio/fepowl/iNat135774.ogg,iNat135774.ogg,fepowl,Ferruginous Pygmy Owl,Glaucidium brasilianum,train,10.1355,0.004938723,0.0062393486,0.10278012248619874,0.08157802071847757,2923.933662482676,1142.9959873168946,3287.1614416318344,769.6586099273167,5516.290417981073,2627.607408318349
train_audio/fepowl/XC447868.ogg,XC447868.ogg,fepowl,Ferruginous Pygmy Owl,Glaucidium brasilianum,train,148.558375,0.004314833,0.007112158,0.17770250656300485,0.0508621391245305,3471.347241550644,765.4140185916813,2350.073201658337,614.0449400029212,5276.517905223479,1743.943594988813
train_audio/fepowl/iNat373154.ogg,iNat373154.ogg,fepowl,Ferruginous Pygmy Owl,Glaucidium brasilianum,train,15.04,0.0055184634,0.0032561896,0.04812865302869288,0.022071749318669183,2268.480178551301,727.0972788081086,3397.012560526,679.366108481303,5722.984192348566,1858.2513260947871
train_audio/fepowl/iNat577373.ogg,iNat577373.ogg,fepowl,Ferruginous Pygmy Owl,Glaucidium brasilianum,train,185.328,0.057067588,0.051084597,0.4153377891245468,0.12013493287002022,6778.673270664973,1540.67519644957,2252.5680522858725,350.8067991012654,8924.452639416437,1531.860888605041
train_audio/fepowl/iNat65801.ogg,iNat65801.ogg,fepowl,Ferruginous Pygmy Owl,Glaucidium brasilianum,train,7.7226875,0.0022476804,0.001694014,0.1158894604037267,0.036032143276514134,2840.9800768744167,698.5003024607471,2915.4286027917515,679.9094736166655,6476.384575569358,1529.1958376052255
train_audio/fepowl/XC707565.ogg,XC707565.ogg,fepowl,Ferruginous Pygmy Owl,Glaucidium brasilianum,train,158.4,0.032303516,0.019163055,0.16360474557494192,0.049208835254299754,3207.027141133988,517.5094848755606,2820.107395531226,189.82485166004818,6259.473474901525,441.50803572269604
train_audio/fepowl/XC238330.ogg,XC238330.ogg,fepowl,Ferruginous Pygmy Owl,Glaucidium brasilianum,train,13.24409375,0.058735076,0.05108205,0.43548377585295894,0.12217252001912186,6891.5657225726645,1022.230498224797,3200.671633315645,307.1204241577111,9842.070501207729,378.9341401996354
train_audio/fepowl/iNat679107.ogg,iNat679107.ogg,fepowl,Ferruginous Pygmy Owl,Glaucidium brasilianum,train,25.9,0.0020851968,0.0018838545,0.16903579080450895,0.09893419901395005,3989.543159630007,1335.0578640250958,3939.617627188778,398.1567690219644,8495.222745521927,1442.2447539046718
train_audio/fepowl/XC573805.ogg,XC573805.ogg,fepowl,Ferruginous Pygmy Owl,Glaucidium brasilianum,train,8.3330625,0.010641551,0.015193522,0.07802190798944338,0.012635275803741982,1594.709661091285,421.1612181695449,1656.612193314063,851.3800993978141,1608.4153071017274,986.8546620020422
train_audio/fepowl/iNat1098764.ogg,iNat1098764.ogg,fepowl,Ferruginous Pygmy Owl,Glaucidium brasilianum,train,9.26478125,0.003702213,0.0011048974,0.25236479660560346,0.03764392333044163,5267.145172193169,547.7885487549894,4137.239775755699,215.00272414613625,10163.577586206897,854.0337642242969
train_audio/fepowl/XC713209.ogg,XC713209.ogg,fepowl,Ferruginous Pygmy Owl,Glaucidium brasilianum,train,20.016,0.13489912,0.084651545,0.03021961736222045,0.028541403063025966,2190.628751379916,593.2819135410668,3259.5380931201817,314.46301100728033,5245.731829073482,1216.9549597543764
train_audio/fepowl/XC392925.ogg,XC392925.ogg,fepowl,Ferruginous Pygmy Owl,Glaucidium brasilianum,train,56.71184375,0.0262676,0.038523607,0.10853851705747532,0.03910278415933214,2914.5456698366656,602.1591716295007,3140.1441170380876,553.8278230523822,5611.0410789844855,1702.9114132154523
train_audio/fepowl/iNat598904.ogg,iNat598904.ogg,fepowl,Ferruginous Pygmy Owl,Glaucidium brasilianum,train,32.09,0.010608034,0.005218368,0.0414369683916999,0.019919552504543192,1973.8948946608093,446.12207511109165,2864.9370868633528,359.6886583616344,4255.654910269192,1347.8800109568842
train_audio/fepowl/iNat681394.ogg,iNat681394.ogg,fepowl,Ferruginous Pygmy Owl,Glaucidium brasilianum,train,20.408875,0.007332219,0.01357651,0.02905617836500784,0.015932231187387704,1947.7642753636362,584.0716069164513,3170.076733096905,545.3700871385661,4412.139988244514,1657.8435297444616
train_audio/fepowl/iNat577415.ogg,iNat577415.ogg,fepowl,Ferruginous Pygmy Owl,Glaucidium brasilianum,train,7.392,0.0073438073,0.0025240392,0.10292821105561555,0.05988660973756244,3767.4314890131686,774.399067872992,4086.0814842754585,207.15741706685296,8910.940874730022,647.5014630783453
train_audio/fepowl/iNat293673.ogg,iNat293673.ogg,fepowl,Ferruginous Pygmy Owl,Glaucidium brasilianum,train,4.608,0.0009025199,0.0011235526,0.05713228535899654,0.03712839968858939,1176.100549304991,440.06327844700576,982.5662469408069,236.04074781776924,2217.560553633218,756.3977086361184
train_audio/fepowl/iNat371028.ogg,iNat371028.ogg,fepowl,Ferruginous Pygmy Owl,Glaucidium brasilianum,train,4.31946875,0.02837177,0.016425507,0.09626555266203704,0.038505376439406595,3950.7679257449236,775.2452639950885,5147.848259623378,383.845051928988,11946.81712962963,2146.9524531439306
train_audio/fepowl/XC277791.ogg,XC277791.ogg,fepowl,Ferruginous Pygmy Owl,Glaucidium brasilianum,train,49.73715625,0.047947012,0.08454448,0.23888402370135092,0.11638471467097816,5025.1343733209715,1481.8550904021458,3480.6743465399068,676.1129184123095,9079.160300739788,3046.2540314121175
train_audio/fepowl/iNat1282296.ogg,iNat1282296.ogg,fepowl,Ferruginous Pygmy Owl,Glaucidium brasilianum,train,20.07365625,0.0029524988,0.0021225966,0.031998957295816734,0.024544349780794637,2653.4228112101564,610.9157724684615,3922.131651562662,309.8885858785109,7294.559262948207,1475.1116804861683
train_audio/fepowl/iNat899733.ogg,iNat899733.ogg,fepowl,Ferruginous Pygmy Owl,Glaucidium brasilianum,train,14.62634375,0.08645649,0.031472806,0.22299991461748633,0.049868434391078,5559.373504399319,424.08157177229015,4411.115968216055,178.44768556829465,11090.198087431694,368.34106486332485
train_audio/fepowl/iNat1220204.ogg,iNat1220204.ogg,fepowl,Ferruginous Pygmy Owl,Glaucidium brasilianum,train,6.98921875,0.010908112,0.013682689,0.038382034825514874,0.019465835661635195,1345.5457744177643,611.9918948950976,2515.6699451739332,756.4388637229183,1859.9470823798626,1628.8891185956818
train_audio/fepowl/XC697188.ogg,XC697188.ogg,fepowl,Ferruginous Pygmy Owl,Glaucidium brasilianum,train,39.0530625,0.01672508,0.0151775805,0.1128611801003687,0.02270434490163978,2719.635539951452,387.91524302312075,2671.6270868462752,296.41876127122555,5443.869059811553,996.8488826234058
train_audio/fepowl/iNat1439780.ogg,iNat1439780.ogg,fepowl,Ferruginous Pygmy Owl,Glaucidium brasilianum,train,18.7599375,0.009956395,0.007153226,0.1351752317774936,0.04709768676654453,3445.2847438875833,463.467545748094,3240.1783354791787,218.8365278941308,6984.375,409.686511067682
train_audio/fepowl/iNat594427.ogg,iNat594427.ogg,fepowl,Ferruginous Pygmy Owl,Glaucidium brasilianum,train,50.31765625,0.002032783,0.0030548912,0.26821653914944354,0.06025734687576658,4758.052581157282,767.0987138681276,3249.730139566987,407.9390901361654,7497.734499205088,1465.7435881166646
train_audio/fepowl/iNat353492.ogg,iNat353492.ogg,fepowl,Ferruginous Pygmy Owl,Glaucidium brasilianum,train,9.024,0.0015171629,0.00057188666,0.10615925746681416,0.05024727923315187,2954.827605696228,893.8961763727467,3304.226995144781,508.40178886798634,5986.780973451328,1617.5605109260857
train_audio/fepowl/XC858721.ogg,XC858721.ogg,fepowl,Ferruginous Pygmy Owl,Glaucidium brasilianum,train,11.976,0.013098076,0.01527199,0.2532510795644192,0.12047925069310003,5111.902783419469,1325.3255115082534,4262.609997680848,490.39219018845387,10397.947263017357,2396.0402776745714
train_audio/fepowl/iNat582452.ogg,iNat582452.ogg,fepowl,Ferruginous Pygmy Owl,Glaucidium brasilianum,train,22.5698125,0.002531855,0.0005549072,0.19040961640680368,0.023272884027419276,3394.006293588897,261.00105655293925,2253.4364282906677,136.24536316785782,5883.216690290574,258.88577650385787
train_audio/fepowl/iNat361503.ogg,iNat361503.ogg,fepowl,Ferruginous Pygmy Owl,Glaucidium brasilianum,train,10.04853125,0.14585525,0.16651185,0.03802461123807631,0.030169594968269032,1932.3401857648223,948.3940248888249,2764.426180907602,695.6184088832612,3809.220985691574,2245.888703866199
train_audio/fepowl/iNat414235.ogg,iNat414235.ogg,fepowl,Ferruginous Pygmy Owl,Glaucidium brasilianum,train,21.9946875,0.0032596206,0.0022978564,0.07433735795454545,0.01717453582550173,2823.9020379204535,367.9201855389472,3440.471611939349,358.3246424808074,6340.988636363636,1289.770591007442
train_audio/fepowl/XC461375.ogg,XC461375.ogg,fepowl,Ferruginous Pygmy Owl,Glaucidium brasilianum,train,50.088,0.052117415,0.055678513,0.2271615061581763,0.06622110619007686,4478.285211767873,998.5836246401713,3083.8018468646605,678.0038212056485,7989.764651868412,2358.0021441011595
train_audio/fepowl/iNat315427.ogg,iNat315427.ogg,fepowl,Ferruginous Pygmy Owl,Glaucidium brasilianum,train,4.63890625,0.07154462,0.018369233,0.2152629983836207,0.06389933246730112,4178.351481668401,466.6407739818791,3734.4324629583734,195.91376710048303,7651.3469827586205,76.12994025609277
train_audio/fepowl/iNat321628.ogg,iNat321628.ogg,fepowl,Ferruginous Pygmy Owl,Glaucidium brasilianum,train,17.84,0.0016937716,0.0032396095,0.07389454175067205,0.04034157213033515,2680.846171844696,821.2722959658685,3556.44751245348,541.3165884214003,5991.76747311828,2192.5031088486917
train_audio/fepowl/XC389255.ogg,XC389255.ogg,fepowl,Ferruginous Pygmy Owl,Glaucidium brasilianum,train,6.36,0.047391277,0.024297642,0.032595840530778894,0.033239183091370715,2316.495380627679,725.0257940741146,3374.1647023453866,418.0780188054859,5174.54459798995,1774.40173856166
train_audio/fepowl/iNat401123.ogg,iNat401123.ogg,fepowl,Ferruginous Pygmy Owl,Glaucidium brasilianum,train,10.63475,0.0035797155,0.0009724057,0.10291647086466166,0.04483273673873136,2405.9462658604693,628.7441966939016,2729.3517584905403,527.0423789331812,4504.37030075188,1240.4469271366538
train_audio/fepowl/iNat383388.ogg,iNat383388.ogg,fepowl,Ferruginous Pygmy Owl,Glaucidium brasilianum,train,7.4071875,0.022575695,0.015866587,0.18031709806965443,0.024601957533597577,2866.318780083916,282.36666142478066,1961.4149099121423,267.47754913677136,3776.9303455723543,529.3451297042084
train_audio/fepowl/iNat1661887.ogg,iNat1661887.ogg,fepowl,Ferruginous Pygmy Owl,Glaucidium brasilianum,train,30.8495,0.023522131,0.022763114,0.37551156889904097,0.10297842508162482,6759.738884289649,1033.276231688056,3859.0559344506455,312.405293292806,11178.670943494039,798.07886099136
train_audio/fepowl/iNat1700111.ogg,iNat1700111.ogg,fepowl,Ferruginous Pygmy Owl,Glaucidium brasilianum,train,9.17153125,0.0017949049,0.00060501264,0.30265696455792684,0.05770148783166932,5516.771492420955,554.0078942752556,3238.794323777181,257.3718749625558,7895.116506968641,284.04262396061466
train_audio/fepowl/XC704857.ogg,XC704857.ogg,fepowl,Ferruginous Pygmy Owl,Glaucidium brasilianum,train,45.16571875,0.07960499,0.110152155,0.143265489395147,0.06415399859233002,3704.2600477800943,996.0971267600418,3258.980534314242,616.3928794727591,6683.221528515764,2330.7124862136316
train_audio/fepowl/XC932054.ogg,XC932054.ogg,fepowl,Ferruginous Pygmy Owl,Glaucidium brasilianum,train,166.489,0.050561678,0.04088693,0.023511966879084183,0.0583050577733401,1560.9675781568835,993.082622717648,2452.042540095417,640.7028530205923,3679.7805953296174,2149.2708043947796
train_audio/fepowl/iNat132901.ogg,iNat132901.ogg,fepowl,Ferruginous Pygmy Owl,Glaucidium brasilianum,train,16.16978125,0.06606232,0.016362172,0.08800702043150346,0.08088212701453192,2333.1348170754186,1059.193086502436,2671.9729864079904,369.314637852307,5251.700049455984,1606.2660706828435
train_audio/fepowl/iNat546551.ogg,iNat546551.ogg,fepowl,Ferruginous Pygmy Owl,Glaucidium brasilianum,train,7.5465,0.0040807533,0.0007748127,0.045328431210275424,0.01763466941515205,2451.456505202693,450.95389236363417,3624.652435876946,299.9083163239792,6475.768008474576,1261.731310869199
train_audio/fepowl/XC1017644.ogg,XC1017644.ogg,fepowl,Ferruginous Pygmy Owl,Glaucidium brasilianum,train,20.8168125,0.02391171,0.005754745,0.10460881996447773,0.009173020758186922,2870.5727183794615,147.94818434283934,2983.4484701646747,127.7186175688907,5521.817396313364,614.5810199730828
train_audio/fepowl/iNat296799.ogg,iNat296799.ogg,fepowl,Ferruginous Pygmy Owl,Glaucidium brasilianum,train,8.8,0.0067362753,0.0035691834,0.05868148111388385,0.01825013384259124,1795.9241686873183,297.06499001053317,2168.5484452854967,244.2624009704137,3561.7910617059893,976.4990033120032
train_audio/fepowl/iNat20068.ogg,iNat20068.ogg,fepowl,Ferruginous Pygmy Owl,Glaucidium brasilianum,train,13.07734375,0.009129292,0.002852282,0.046162276512836185,0.017826015763461024,2006.479488817583,285.2121881417459,2698.784867012319,183.2516242921606,4739.89532396088,441.2343949916439
train_audio/fepowl/XC360241.ogg,XC360241.ogg,fepowl,Ferruginous Pygmy Owl,Glaucidium brasilianum,train,443.784,0.014130543,0.02021512,0.0791151527630061,0.011557048236516123,1633.386669801879,210.01152399105314,1514.0415722412667,457.7469493216868,2212.8198570501495,348.35067830846594
train_audio/fepowl/iNat440194.ogg,iNat440194.ogg,fepowl,Ferruginous Pygmy Owl,Glaucidium brasilianum,train,23.91653125,0.0029797193,0.011617602,0.12575185514214046,0.0575478123176317,3383.0851997077853,635.9516928018118,3391.5283274095573,290.5243215972292,6230.7692307692305,991.2264535714208
train_audio/fepowl/iNat179203.ogg,iNat179203.ogg,fepowl,Ferruginous Pygmy Owl,Glaucidium brasilianum,train,11.776,0.00031250008,0.00012199033,0.08312574202849389,0.016839487292728605,2174.5950657523886,197.2435495859289,2186.7051376627205,225.0562746498052,4933.090230664858,679.3499204442531
train_audio/fepowl/iNat1270398.ogg,iNat1270398.ogg,fepowl,Ferruginous Pygmy Owl,Glaucidium brasilianum,train,6.25059375,0.004089481,0.0014968803,0.1210662763746803,0.046743605623406334,2924.106615550504,463.55281570151345,2770.045424973331,161.27056315574498,4989.130434782609,559.0822114216046
train_audio/fepowl/iNat365513.ogg,iNat365513.ogg,fepowl,Ferruginous Pygmy Owl,Glaucidium brasilianum,train,6.11265625,0.0016946578,0.0009277077,0.05144674037206266,0.09955365363577084,1435.881930180829,1487.1129704276987,2142.8029681954886,621.271436581753,2303.1168407310706,2678.872178160551
train_audio/fepowl/iNat1037521.ogg,iNat1037521.ogg,fepowl,Ferruginous Pygmy Owl,Glaucidium brasilianum,train,32.0203125,0.0038178926,0.0050099376,0.30551626108266733,0.06274186870523657,6801.751105244815,602.6769547166973,4947.407632437628,308.0548991314608,12331.527847152847,691.723825691281
train_audio/fepowl/iNat1681293.ogg,iNat1681293.ogg,fepowl,Ferruginous Pygmy Owl,Glaucidium brasilianum,train,26.72325,0.0011475323,0.0011514991,0.095433416086924,0.03157103910191578,3342.082607858053,786.2054941978436,3876.374188502942,591.5601462221018,7455.219554159186,2220.646061649987
train_audio/fepowl/XC174656.ogg,XC174656.ogg,fepowl,Ferruginous Pygmy Owl,Glaucidium brasilianum,train,33.12,0.02055561,0.02006008,0.154395662949662,0.04940260344481334,3214.8246466074925,472.187124210674,2445.0041380085527,233.93003405391636,5762.878742153549,723.8265267998974
train_audio/fepowl/iNat476044.ogg,iNat476044.ogg,fepowl,Ferruginous Pygmy Owl,Glaucidium brasilianum,train,12.64,0.0018802222,0.009300499,0.09700747175252844,0.03648129138027101,2896.8550427506207,540.1014442656254,3457.336655806677,555.0354708238309,5773.704171934261,1052.313792641082
train_audio/fepowl/iNat628805.ogg,iNat628805.ogg,fepowl,Ferruginous Pygmy Owl,Glaucidium brasilianum,train,16.1433125,0.0056607355,0.00105918,0.32066770162289393,0.033505123498937334,4823.970303786168,288.75991546148515,3086.3826972589964,159.50221553508723,7301.350346878097,196.9667764262211
train_audio/fepowl/XC755618.ogg,XC755618.ogg,fepowl,Ferruginous Pygmy Owl,Glaucidium brasilianum,train,22.86934375,0.09797867,0.058299992,0.0676583670236014,0.031630053874463146,2433.9166182584727,508.1062567212735,2938.279590449377,341.4313585829894,5078.070367132867,1046.7759208507114
train_audio/fepowl/iNat1699656.ogg,iNat1699656.ogg,fepowl,Ferruginous Pygmy Owl,Glaucidium brasilianum,train,10.28646875,0.008736674,0.005593948,0.028112242418351478,0.010201306163268248,1436.7425308967165,260.42636580373835,2413.98964612071,227.50448793419355,2589.132970451011,635.8278672705875
train_audio/fepowl/XC838329.ogg,XC838329.ogg,fepowl,Ferruginous Pygmy Owl,Glaucidium brasilianum,train,5.7730625,0.023520563,0.016718015,0.22870092841066483,0.07520536399065421,5019.399292478601,808.9181728189207,3482.123087381686,310.31345945476744,8894.909972299169,1601.0712417160385
train_audio/fepowl/XC191818.ogg,XC191818.ogg,fepowl,Ferruginous Pygmy Owl,Glaucidium brasilianum,train,66.12,0.013931919,0.007620096,0.24131596581629566,0.11445822326639817,5768.829241703548,1206.758095722076,3403.689588797638,470.13144066905363,8861.794549963706,2237.7729506490673
train_audio/fepowl/XC302597.ogg,XC302597.ogg,fepowl,Ferruginous Pygmy Owl,Glaucidium brasilianum,train,8.832,0.039534073,0.05037833,0.21172599033679929,0.10927407624332999,5263.637957932988,1310.6488045523474,3875.6068779431153,537.3109075014788,9821.626356238698,2287.0096792778836
train_audio/fepowl/XC504299.ogg,XC504299.ogg,fepowl,Ferruginous Pygmy Owl,Glaucidium brasilianum,train,45.696,0.005191074,0.0036410417,0.21581518529051452,0.04418582468214703,3851.2442806184054,470.9472748958052,2181.077043573673,302.6645027767636,5594.82192859643,783.9188397951538
train_audio/fepowl/XC511388.ogg,XC511388.ogg,fepowl,Ferruginous Pygmy Owl,Glaucidium brasilianum,train,9.672,0.013313287,0.012634502,0.1772929041838843,0.06960265331743021,4787.228095814626,766.452857769434,3824.970540396339,410.51812130686733,8351.00723140496,1220.058910850049
train_audio/fepowl/iNat474416.ogg,iNat474416.ogg,fepowl,Ferruginous Pygmy Owl,Glaucidium brasilianum,train,41.3226875,0.0061733397,0.008965302,0.14509533488192025,0.10280365788943792,4272.167670124296,1451.1972442537135,4257.291731315911,575.9727056489455,9606.979529616725,2577.8185325874883
train_audio/fepowl/XC483048.ogg,XC483048.ogg,fepowl,Ferruginous Pygmy Owl,Glaucidium brasilianum,train,37.06775,0.070038065,0.029650778,0.0721686852611135,0.006149481011862589,1548.6232074251154,124.09416179640625,1561.6691715614859,201.61265348501828,2135.108707380233,377.6377693887143
train_audio/fepowl/iNat580825.ogg,iNat580825.ogg,fepowl,Ferruginous Pygmy Owl,Glaucidium brasilianum,train,6.13009375,0.013502101,0.00824565,0.107452392578125,0.030127785092597333,2954.2691941294725,740.9306257503562,3108.2229470368256,484.6144978311461,6830.973307291667,1338.6206473712966
train_audio/fepowl/iNat278481.ogg,iNat278481.ogg,fepowl,Ferruginous Pygmy Owl,Glaucidium brasilianum,train,46.183,0.047617476,0.022090536,0.02627264326073779,0.014728849335876518,2835.371924209203,625.7746807371593,4277.767174635098,337.05463855080757,8153.565552476619,1801.6812299913374
train_audio/fepowl/iNat1122269.ogg,iNat1122269.ogg,fepowl,Ferruginous Pygmy Owl,Glaucidium brasilianum,train,50.166,0.005789488,0.0026232847,0.40596599968112246,0.057296729403666556,7326.454655432703,948.523843343558,3805.8677533279606,480.1766159680666,11989.526865433674,1938.5348515594983
train_audio/fepowl/iNat1055474.ogg,iNat1055474.ogg,fepowl,Ferruginous Pygmy Owl,Glaucidium brasilianum,train,31.60090625,0.0010348278,0.00038820112,0.18832805185665485,0.03884070469132778,4754.660344155525,459.3742404197768,4643.044788906583,199.18518902832045,11187.594888663967,676.8876006611687
train_audio/fepowl/iNat933574.ogg,iNat933574.ogg,fepowl,Ferruginous Pygmy Owl,Glaucidium brasilianum,train,80.30575,0.018047353,0.018765828,0.2344629295318725,0.0628068236378971,3987.0345938667424,489.5084346728887,2508.044605627878,156.53869353514386,6705.163720119522,502.91146164842075
train_audio/fepowl/iNat681399.ogg,iNat681399.ogg,fepowl,Ferruginous Pygmy Owl,Glaucidium brasilianum,train,23.799,0.0024207616,0.0015489378,0.06880270024781586,0.02507902643212271,2859.92774179405,419.77488809949546,3650.2616993298925,261.10626322862856,6638.419858870968,1039.1018462129714
train_audio/fepowl/XC1068707.ogg,XC1068707.ogg,fepowl,Ferruginous Pygmy Owl,Glaucidium brasilianum,train,7.536,0.006592316,0.0019366675,0.1542544607388771,0.03599337209219717,3353.097320849415,367.49927635576245,3206.4243061949255,175.9276066595092,7020.855402542373,375.3853994315785
train_audio/fepowl/XC592994.ogg,XC592994.ogg,fepowl,Ferruginous Pygmy Owl,Glaucidium brasilianum,train,10.08,0.012288452,0.0194403,0.4104309565669572,0.05274027605092525,7082.255167427321,530.6061821882216,4217.43981315379,265.15043094035576,12349.990095087163,844.0969123950217
train_audio/fepowl/XC328493.ogg,XC328493.ogg,fepowl,Ferruginous Pygmy Owl,Glaucidium brasilianum,train,18.936,0.059363637,0.04124668,0.24442930479307431,0.08056815099259278,4250.415155183015,568.0669245183268,3067.3847267528954,236.3330644867148,7181.323902027027,320.13510323639065
train_audio/fepowl/iNat1664968.ogg,iNat1664968.ogg,fepowl,Ferruginous Pygmy Owl,Glaucidium brasilianum,train,0.1045,0.59781134,0.13232763,0.17041015625,0.04245119385880293,3917.860510270621,519.4194035978688,3067.3383300701885,166.29975757136035,6176.339285714285,1029.141319677403
train_audio/fepowl/XC121269.ogg,XC121269.ogg,fepowl,Ferruginous Pygmy Owl,Glaucidium brasilianum,train,21.91675,0.006922073,0.0054425234,0.16181640625,0.04039069176643744,3888.780408859187,425.4290012142033,3286.911235333551,222.26439013138673,6934.3521897810215,645.4482282181785
train_audio/fepowl/iNat1224414.ogg,iNat1224414.ogg,fepowl,Ferruginous Pygmy Owl,Glaucidium brasilianum,train,29.74475,0.0013596215,0.00063224765,0.12330571656586022,0.045564506887825255,3658.601649245157,567.4696448465506,3972.422776495335,227.22106106555685,7995.875336021505,1120.8859791031775
train_audio/fepowl/iNat159020.ogg,iNat159020.ogg,fepowl,Ferruginous Pygmy Owl,Glaucidium brasilianum,train,103.88896875,0.014281197,0.011576193,0.13031041574434093,0.03713375449814484,3572.575957404072,585.186618046575,3614.602712924646,393.4181494211544,7824.585675238682,1293.152338335036
train_audio/fepowl/iNat474408.ogg,iNat474408.ogg,fepowl,Ferruginous Pygmy Owl,Glaucidium brasilianum,train,5.52534375,0.0075961896,0.010241857,0.11206195809248555,0.04299344319664466,3759.588758688319,945.2153223558026,3976.431390008871,883.9841485786575,8397.127890173411,3070.4632064993643
train_audio/fepowl/iNat793941.ogg,iNat793941.ogg,fepowl,Ferruginous Pygmy Owl,Glaucidium brasilianum,train,5.84534375,0.06028107,0.054103147,0.08050370346653006,0.04898522267710975,3721.678839087335,951.7044869209318,3973.46810556205,639.1764877019283,8226.434426229509,2182.6038522344998
train_audio/fepowl/iNat57044.ogg,iNat57044.ogg,fepowl,Ferruginous Pygmy Owl,Glaucidium brasilianum,train,4.15784375,0.0007737241,0.0007212324,0.07509014423076923,0.04727675531525577,1738.7698628822775,553.4966265852665,1844.9814362448296,380.4516671046843,3473.858173076923,1333.399175489178
train_audio/fepowl/iNat452473.ogg,iNat452473.ogg,fepowl,Ferruginous Pygmy Owl,Glaucidium brasilianum,train,21.192,0.006045145,0.008352158,0.14460532134433962,0.03834214860410129,3965.6374382983245,671.4469659510228,4060.636279243812,455.4468977945496,8866.94575471698,2019.7949375921842
train_audio/fepowl/iNat1699747.ogg,iNat1699747.ogg,fepowl,Ferruginous Pygmy Owl,Glaucidium brasilianum,train,10.28646875,0.008736674,0.005593948,0.028112242418351478,0.010201306163268248,1436.7425308967165,260.42636580373835,2413.98964612071,227.50448793419355,2589.132970451011,635.8278672705875
train_audio/fepowl/iNat1711295.ogg,iNat1711295.ogg,fepowl,Ferruginous Pygmy Owl,Glaucidium brasilianum,train,0.144,0.45103556,0.1505588,0.105615234375,0.026099123829718022,2215.1831219187834,163.89997758782565,2124.676412478144,246.3238252500827,3606.25,147.20707141642347
train_audio/fepowl/XC391167.ogg,XC391167.ogg,fepowl,Ferruginous Pygmy Owl,Glaucidium brasilianum,train,22.77878125,0.018524552,0.007666251,0.06946589437763342,0.02217423772256088,2270.5125437870556,360.01749808249264,2976.5324216493855,215.05634122437726,4794.033093398876,664.0351185794927
train_audio/fepowl/XC455473.ogg,XC455473.ogg,fepowl,Ferruginous Pygmy Owl,Glaucidium brasilianum,train,60.048,0.05278898,0.05592783,0.2082085098811268,0.24730891570429372,3382.358625941155,3504.9171775422014,2171.432392801839,1792.620729967114,5753.283997069792,5845.336111668846
train_audio/fepowl/iNat363911.ogg,iNat363911.ogg,fepowl,Ferruginous Pygmy Owl,Glaucidium brasilianum,train,5.041625,0.12511306,0.105600886,0.25032603589794306,0.11763949922057428,4131.124703699744,1496.3339810183174,2286.249485021675,903.172889469323,5880.2907436708865,2494.1199220155668
train_audio/fepowl/XC837826.ogg,XC837826.ogg,fepowl,Ferruginous Pygmy Owl,Glaucidium brasilianum,train,25.86121875,0.0024636844,0.0015625375,0.13290761972402598,0.061358889245846863,4993.801543641979,866.4499076511169,4524.513469760269,257.279393659492,10874.352581941868,1002.9824796262066
train_audio/fepowl/iNat955448.ogg,iNat955448.ogg,fepowl,Ferruginous Pygmy Owl,Glaucidium brasilianum,train,24.91703125,0.016467085,0.0088588195,0.3450311898267009,0.06794720293847882,5792.123831641132,818.7875794780546,3171.743720489742,307.2856587076429,8793.996710526315,1244.1681474669024
train_audio/fepowl/XC447873.ogg,XC447873.ogg,fepowl,Ferruginous Pygmy Owl,Glaucidium brasilianum,train,222.1453125,0.00560926,0.0075300187,0.18617712178159884,0.04809818289757986,3781.65390890992,583.6725928833248,2385.7094023778072,402.3685393809267,5635.229114151963,1158.7354392064497
train_audio/fepowl/XC427412.ogg,XC427412.ogg,fepowl,Ferruginous Pygmy Owl,Glaucidium brasilianum,train,5.40734375,0.043274105,0.033169173,0.37271750184911245,0.06117628954256557,6643.729992345677,638.7112767805625,4236.562423247988,545.8557702005397,11863.350591715976,1755.1534412957328
train_audio/fepowl/iNat165772.ogg,iNat165772.ogg,fepowl,Ferruginous Pygmy Owl,Glaucidium brasilianum,train,35.6,0.0025535452,0.002647782,0.03586893004548518,0.014304080475766876,1570.1865952562994,229.63839439922288,2286.067614917185,143.8573269230532,4056.47040655885,701.570883818491
train_audio/fepowl/XC499847.ogg,XC499847.ogg,fepowl,Ferruginous Pygmy Owl,Glaucidium brasilianum,train,96.048,0.003077624,0.002788447,0.2246596344624417,0.07178431044591069,4872.591869681222,745.0400142993177,3435.9850520323225,495.3024875953604,8513.02517071952,1625.1349051772515
train_audio/fepowl/iNat397495.ogg,iNat397495.ogg,fepowl,Ferruginous Pygmy Owl,Glaucidium brasilianum,train,90.96534375,0.003284783,0.0010944629,0.3088243224861502,0.05704994608914744,5800.426780793965,400.2179235029013,4369.283126261496,105.49829921670288,10792.239161976786,178.98035358667408
train_audio/fepowl/XC749738.ogg,XC749738.ogg,fepowl,Ferruginous Pygmy Owl,Glaucidium brasilianum,train,26.376,0.030318428,0.04201426,0.0921145983361128,0.012298034102924021,1717.1102440617035,244.41189604831052,1508.5823127318154,379.3262467409763,2358.256898120073,540.7042368152116
train_audio/fepowl/iNat356964.ogg,iNat356964.ogg,fepowl,Ferruginous Pygmy Owl,Glaucidium brasilianum,train,27.27778125,0.012084605,0.004062244,0.2221862971957478,0.06232083905238244,4407.3256105192395,556.930847822756,3813.205719187114,310.9005656797699,7743.475073313783,1253.8072444858265
train_audio/fepowl/XC212008.ogg,XC212008.ogg,fepowl,Ferruginous Pygmy Owl,Glaucidium brasilianum,train,30.12,0.0021110605,0.0018245733,0.24017421501593203,0.056110999449884576,3732.2024629915286,588.4263020491251,2024.4579265499153,202.27903184793567,5518.570764737122,519.8922260913171
train_audio/fepowl/iNat1270399.ogg,iNat1270399.ogg,fepowl,Ferruginous Pygmy Owl,Glaucidium brasilianum,train,6.71990625,0.002340214,0.00052852713,0.19698544456845238,0.05978752142070056,4650.787550733841,767.4644356378905,3672.29327177267,256.79122261303826,8151.636904761905,1099.8959421525446
train_audio/fepowl/XC699666.ogg,XC699666.ogg,fepowl,Ferruginous Pygmy Owl,Glaucidium brasilianum,train,9.11675,0.029890144,0.03528984,0.11754471628289474,0.024289360212671623,2980.2711735243347,483.7565048760567,3192.2576410188994,461.49380051891956,5690.762061403509,1204.683670121486
train_audio/fepowl/iNat1480680.ogg,iNat1480680.ogg,fepowl,Ferruginous Pygmy Owl,Glaucidium brasilianum,train,10.997,0.003109864,0.0017143579,0.10445244367732558,0.02519536862942513,2870.9620265033404,517.5540715945392,2884.442257296585,281.94885929337863,5804.233284883721,1003.8582502629746
train_audio/fepowl/iNat1732769.ogg,iNat1732769.ogg,fepowl,Ferruginous Pygmy Owl,Glaucidium brasilianum,train,5.7585625,0.01851261,0.0039833053,0.04371066623263889,0.027089977230630165,1718.5963970265386,511.1225502549354,2615.465546779786,335.99609160661635,3448.6545138888887,1562.990706486988
train_audio/fepowl/XC332715.ogg,XC332715.ogg,fepowl,Ferruginous Pygmy Owl,Glaucidium brasilianum,train,41.5869375,0.0033329828,0.0013797699,0.26049560546875,0.03332060170570597,5018.609872115958,317.24833466489366,3421.354958645347,140.3236545745044,8197.007211538461,821.2705836949874
train_audio/fepowl/iNat714513.ogg,iNat714513.ogg,fepowl,Ferruginous Pygmy Owl,Glaucidium brasilianum,train,39.72934375,0.002434731,0.0016879173,0.061675386536332526,0.03571099690009117,2269.037105661181,666.4018026663118,3348.3612789164154,507.907000236967,4792.622785829308,1895.3576169506584
train_audio/fepowl/XC896459.ogg,XC896459.ogg,fepowl,Ferruginous Pygmy Owl,Glaucidium brasilianum,train,7.12853125,0.004818537,0.0010980454,0.06449363263733184,0.03475359618008033,2728.302749348798,494.8190428303257,3410.9421082845492,326.4086201706012,6546.664798206278,930.755682766958
train_audio/fepowl/iNat364779.ogg,iNat364779.ogg,fepowl,Ferruginous Pygmy Owl,Glaucidium brasilianum,train,14.9859375,0.0017072129,0.0020485374,0.15170278315101388,0.054020875176216926,4059.9639066567815,779.7576109458128,3948.9519140171774,355.37840789963013,8588.313767342583,1676.3511164443494
train_audio/fepowl/iNat1240485.ogg,iNat1240485.ogg,fepowl,Ferruginous Pygmy Owl,Glaucidium brasilianum,train,0.1045,0.38854834,0.09735383,0.13239397321428573,0.033952156989958196,2557.473921222606,407.93767949648117,2012.8386335687503,410.02468562776295,3941.964285714286,577.3531458080832
train_audio/fepowl/iNat997410.ogg,iNat997410.ogg,fepowl,Ferruginous Pygmy Owl,Glaucidium brasilianum,train,20.015625,0.016048847,0.011786208,0.03774987822242206,0.022484913737374868,1942.4069010497285,696.8292289723628,2934.5598335741374,537.8249830443954,4515.300259792166,1886.2920126636814
train_audio/fepowl/iNat1099392.ogg,iNat1099392.ogg,fepowl,Ferruginous Pygmy Owl,Glaucidium brasilianum,train,33.54121875,0.015170567,0.018661167,0.19307273970255126,0.04755753068064351,4416.392062173209,589.6813948977481,3624.702246541621,307.85693798650084,8563.2674654268,1330.3107164061798
train_audio/fepowl/iNat83955.ogg,iNat83955.ogg,fepowl,Ferruginous Pygmy Owl,Glaucidium brasilianum,train,12.928,0.0036718112,0.0010931473,0.3222535537700865,0.0941965926764612,6290.900285655947,1291.0876788993762,4028.623795880334,715.9634021499871,10739.164864029666,2032.8598480103137
train_audio/fepowl/XC933503.ogg,XC933503.ogg,fepowl,Ferruginous Pygmy Owl,Glaucidium brasilianum,train,44.71478125,0.015242125,0.010257323,0.1282219574575134,0.012107052962815076,3450.337990023309,232.90971876582591,3233.1164998944014,172.80242244466498,6656.825805008944,659.9635381907866
train_audio/fepowl/XC257753.ogg,XC257753.ogg,fepowl,Ferruginous Pygmy Owl,Glaucidium brasilianum,train,9.35184375,0.034691535,0.054513387,0.1831847622863248,0.06960590800721082,3514.8229067374245,885.3453257097427,3111.9742864149716,413.983571918077,6545.619658119658,1364.6492729608653
train_audio/fepowl/XC48747.ogg,XC48747.ogg,fepowl,Ferruginous Pygmy Owl,Glaucidium brasilianum,train,21.733875,0.023566991,0.038414888,0.1379895747102649,0.07107447132212394,3059.8675746110075,1181.0338390435859,2709.7892133539476,914.5036021454912,5456.689201618838,2907.87350478878
train_audio/fepowl/XC28778.ogg,XC28778.ogg,fepowl,Ferruginous Pygmy Owl,Glaucidium brasilianum,train,70.321625,0.015642341,0.010323202,0.19280245002559146,0.053462644940630105,4452.124123602553,537.8878807887784,3741.0233764869126,172.4493797159632,8329.333484986351,887.8823457983187
train_audio/fepowl/XC150064.ogg,XC150064.ogg,fepowl,Ferruginous Pygmy Owl,Glaucidium brasilianum,train,25.678375,0.013155869,0.0046991655,0.025390929225077883,0.024452452899300092,1642.1296375364652,369.2544669307537,3118.1512635045997,407.50670518896715,3528.6020249221183,1689.4636514075596
train_audio/fepowl/iNat545403.ogg,iNat545403.ogg,fepowl,Ferruginous Pygmy Owl,Glaucidium brasilianum,train,63.11184375,0.0024143315,0.0038162302,0.09870101097116603,0.05285091413835774,2618.743402672418,779.491062312887,2604.6624365984535,330.34826246243057,5553.833967046895,1463.5998106635273
train_audio/fepowl/iNat296800.ogg,iNat296800.ogg,fepowl,Ferruginous Pygmy Owl,Glaucidium brasilianum,train,27.7,0.0070100552,0.0058171423,0.057772242169457276,0.020024238535968845,1718.625570869453,403.7823219106877,2091.3576600940355,280.67696715956896,3349.162817551963,1154.7174341658529
train_audio/fepowl/iNat587003.ogg,iNat587003.ogg,fepowl,Ferruginous Pygmy Owl,Glaucidium brasilianum,train,12.95675,0.0070325173,0.0028517626,0.36851007908950617,0.06378248088497052,5531.099655263672,976.834354948507,2707.8848498446005,476.4044337649916,6610.3587962962965,999.3846047356623
train_audio/fepowl/XC246808.ogg,XC246808.ogg,fepowl,Ferruginous Pygmy Owl,Glaucidium brasilianum,train,125.064,0.03951734,0.02782026,0.16091206465076116,0.040376466404132574,3788.0502949431375,445.14089556860307,3279.3893888845023,315.0598359794447,7319.891742356403,977.2175242073343
train_audio/fepowl/iNat1033555.ogg,iNat1033555.ogg,fepowl,Ferruginous Pygmy Owl,Glaucidium brasilianum,train,21.82678125,0.0023021924,0.00073625316,0.031141612293956043,0.010172335655206774,1977.9702085567758,280.2497072787347,3169.802798775027,256.2289665528507,4434.0086996336995,757.6047282080297
train_audio/fepowl/iNat1193886.ogg,iNat1193886.ogg,fepowl,Ferruginous Pygmy Owl,Glaucidium brasilianum,train,53.524,0.011335882,0.014288703,0.036257436584728034,0.04983307995342563,2501.6318553991055,1429.3305022834477,3633.415897231637,868.45415994145,5776.696988942021,3496.3210189814245
train_audio/fepowl/XC401023.ogg,XC401023.ogg,fepowl,Ferruginous Pygmy Owl,Glaucidium brasilianum,train,158.693875,0.0046460535,0.010191336,0.18036722451860066,0.09093729046877386,4540.748261557875,1543.2885980405244,4376.471842428058,830.1496176680815,9948.821390765199,3628.7674331796993
train_audio/fepowl/iNat79396.ogg,iNat79396.ogg,fepowl,Ferruginous Pygmy Owl,Glaucidium brasilianum,train,5.696,0.0034691233,0.001060604,0.09666327468487394,0.02713436385614973,2785.6958365762775,280.45948697781444,3000.5106001469185,170.3868635451717,5707.151610644258,562.4150671881729
train_audio/fepowl/iNat1580576.ogg,iNat1580576.ogg,fepowl,Ferruginous Pygmy Owl,Glaucidium brasilianum,train,5.38775,0.0028460904,0.0012393153,0.03896397440652819,0.025123460553792252,2125.582564250878,629.162830704225,3565.3898535063167,639.8492557568369,4139.419510385756,2686.945179491436
train_audio/fepowl/XC334745.ogg,XC334745.ogg,fepowl,Ferruginous Pygmy Owl,Glaucidium brasilianum,train,122.01796875,0.009037786,0.030610401,0.1428582769273633,0.04551992345743778,3194.4133224810007,817.9718355078413,2424.725717485198,589.1469162834499,5252.7574734495865,1702.5162700226258
train_audio/fepowl/XC210737.ogg,XC210737.ogg,fepowl,Ferruginous Pygmy Owl,Glaucidium brasilianum,train,238.776,0.030930003,0.0480883,0.14736975284148016,0.03995922046420431,3833.007276715074,741.1541447214938,4098.361495414625,594.6821607770538,8317.237545229162,2088.5563351194387
train_audio/fepowl/iNat768197.ogg,iNat768197.ogg,fepowl,Ferruginous Pygmy Owl,Glaucidium brasilianum,train,6.608,0.06165471,0.025092546,0.07150489696557971,0.02855314665618229,3217.712865142272,507.92256289376274,4106.978020974041,204.33936190017386,7900.588768115942,717.1703607646874
train_audio/fepowl/XC460414.ogg,XC460414.ogg,fepowl,Ferruginous Pygmy Owl,Glaucidium brasilianum,train,186.54040625,0.059433848,0.03468547,0.18786678679024787,0.08315091858435547,3938.1361973766707,885.6074623496161,3270.875514261893,260.7044347295336,7575.951250107213,988.8877954408473
train_audio/fepowl/iNat330535.ogg,iNat330535.ogg,fepowl,Ferruginous Pygmy Owl,Glaucidium brasilianum,train,18.41303125,0.0032470126,0.0032782226,0.16571782010208513,0.07544190520282197,4017.978685921,977.5899704064582,3467.6802814253997,471.9039381400889,7682.938748913988,1797.1282422484883
train_audio/fepowl/XC742723.ogg,XC742723.ogg,fepowl,Ferruginous Pygmy Owl,Glaucidium brasilianum,train,56.137,0.028366255,0.033093695,0.320092919546167,0.12590538665573467,6576.841058576789,1404.151393338651,4045.0542921553174,339.5795146273039,11056.898332858364,1712.324225016857
train_audio/fepowl/iNat1411274.ogg,iNat1411274.ogg,fepowl,Ferruginous Pygmy Owl,Glaucidium brasilianum,train,12.74778125,0.004609948,0.0031315577,0.2281161778544542,0.08750517341454334,5449.998904360332,930.1790589669436,4469.567642388183,477.6792201107708,10894.408720200752,1055.6546627183245
train_audio/fepowl/iNat437502.ogg,iNat437502.ogg,fepowl,Ferruginous Pygmy Owl,Glaucidium brasilianum,train,23.45215625,0.003259611,0.018416522,0.21071400974164392,0.04757999181954381,3922.0141529540524,529.9451671051928,3160.094543297113,259.9454910596988,5962.813352660301,667.6468985821691
train_audio/fepowl/iNat302949.ogg,iNat302949.ogg,fepowl,Ferruginous Pygmy Owl,Glaucidium brasilianum,train,5.544,0.006865471,0.0017573363,0.04113382564841499,0.025692901002789786,1129.1177997593188,496.93899139292046,1552.085607536631,312.6081997682005,2084.6091498559076,1073.4852845656005
train_audio/fepowl/iNat333629.ogg,iNat333629.ogg,fepowl,Ferruginous Pygmy Owl,Glaucidium brasilianum,train,13.5,0.020160243,0.0068157385,0.23469897808056872,0.04329238509751285,3586.3178080588796,298.9722163559666,2515.0506117746236,168.86367452966198,6453.513773696683,313.3008092575954
train_audio/fepowl/XC499848.ogg,XC499848.ogg,fepowl,Ferruginous Pygmy Owl,Glaucidium brasilianum,train,181.56,0.0048147663,0.014451031,0.3148431734253833,0.07823520100690128,5505.429753124265,913.0785171197346,2901.6448184017745,303.2380644494241,9130.185385089884,1385.9448119410567
train_audio/fepowl/XC843612.ogg,XC843612.ogg,fepowl,Ferruginous Pygmy Owl,Glaucidium brasilianum,train,198.29490625,0.017781934,0.016903693,0.18256506582065918,0.03966037510326375,3584.9494003189297,465.1511761136885,2865.4050256965215,284.20311552795437,6738.970217443924,601.2565250555947
train_audio/fepowl/iNat857318.ogg,iNat857318.ogg,fepowl,Ferruginous Pygmy Owl,Glaucidium brasilianum,train,12.216,0.001109406,0.00030770391,0.03552182182591623,0.02716770004550339,1434.9155559385654,465.1376740988447,2287.3042109799467,267.427580990305,2633.7123691099478,941.1035377673642
train_audio/fepowl/iNat605678.ogg,iNat605678.ogg,fepowl,Ferruginous Pygmy Owl,Glaucidium brasilianum,train,3.59721875,0.033194445,0.013595586,0.24256944444444445,0.04792080547745441,4751.615515144855,369.99634918694403,4439.71891308334,180.11340272893955,10533.125,898.8127296142766
train_audio/fepowl/iNat57737.ogg,iNat57737.ogg,fepowl,Ferruginous Pygmy Owl,Glaucidium brasilianum,train,4.71365625,0.061613593,0.03239585,0.0687152409957627,0.030748386388090902,3484.4593665689245,834.0079361476469,4659.028916832785,360.50923962445387,10050.794491525423,1832.4667850775504
train_audio/fepowl/iNat338214.ogg,iNat338214.ogg,fepowl,Ferruginous Pygmy Owl,Glaucidium brasilianum,train,22.89778125,0.0013990868,0.0012010308,0.2771139304731145,0.06947403647000519,5494.687943832235,910.4982066701248,3835.2594284185,357.9989399609828,10209.475384078212,2127.129265207761
train_audio/fepowl/iNat803006.ogg,iNat803006.ogg,fepowl,Ferruginous Pygmy Owl,Glaucidium brasilianum,train,18.749625,0.065091506,0.076205336,0.3775793082071246,0.13066106141382267,6347.971881429403,1073.692290494676,3823.607537147945,150.53148682650615,10090.763651877132,421.2002576884913
train_audio/fepowl/iNat592341.ogg,iNat592341.ogg,fepowl,Ferruginous Pygmy Owl,Glaucidium brasilianum,train,25.913,0.07205269,0.093853354,0.11638454861111111,0.07282524756074214,2400.2490805619586,1015.457717675247,2213.1049141451845,507.85005751176317,4292.804783950617,1634.01280308701
train_audio/fepowl/XC580680.ogg,XC580680.ogg,fepowl,Ferruginous Pygmy Owl,Glaucidium brasilianum,train,19.8791875,0.010050816,0.012607509,0.07560267183728882,0.05166605077366939,2877.6441186102857,1014.2259181379878,3524.8780555723088,539.330989539551,6547.641794046662,2441.9305025998165
train_audio/fepowl/XC166025.ogg,XC166025.ogg,fepowl,Ferruginous Pygmy Owl,Glaucidium brasilianum,train,66.6645,0.02634272,0.019253938,0.07795368558015359,0.03129409657208727,2706.4787557564455,569.8787705330936,2927.221347327181,460.44992495694925,5495.867830573554,1195.5298358030557
train_audio/fepowl/XC2212.ogg,XC2212.ogg,fepowl,Ferruginous Pygmy Owl,Glaucidium brasilianum,train,21.733875,0.045322563,0.022873461,0.1190867308222958,0.026837780551262222,3309.0648233660863,364.70741124523795,3305.273339777885,283.6148986038815,6525.570272259014,940.5862354745778
train_audio/fepowl/iNat1192018.ogg,iNat1192018.ogg,fepowl,Ferruginous Pygmy Owl,Glaucidium brasilianum,train,12.8391875,0.010789644,0.005197968,0.30748584410024904,0.08241830066264262,5612.159220800784,825.1821993832139,3916.56572253944,204.0461589627737,9366.438356164384,1087.8360541189998
train_audio/fepowl/XC807771.ogg,XC807771.ogg,fepowl,Ferruginous Pygmy Owl,Glaucidium brasilianum,train,7.497,0.059980404,0.04758841,0.10026319296375266,0.04412232146060109,3551.748623229352,706.8752755647424,3904.6404841751505,480.5127939922108,8052.0389125799575,1961.5546731336942
train_audio/fepowl/iNat120649.ogg,iNat120649.ogg,fepowl,Ferruginous Pygmy Owl,Glaucidium brasilianum,train,49.94134375,0.0022527743,0.0014129034,0.14235869559777387,0.07980091061347909,4460.116180250126,1280.4109737911672,4538.005772750365,632.9541297759979,10294.212443946188,2318.5138621256096
train_audio/fepowl/iNat296798.ogg,iNat296798.ogg,fepowl,Ferruginous Pygmy Owl,Glaucidium brasilianum,train,7.2,0.007790827,0.00446541,0.05932129988913525,0.0179159582848706,1700.5615393242424,368.8921043214637,2000.0435429347885,279.79635133744495,3281.5618070953437,1005.8387621599296
train_audio/fepowl/iNat656114.ogg,iNat656114.ogg,fepowl,Ferruginous Pygmy Owl,Glaucidium brasilianum,train,5.433,0.1110733,0.08285378,0.05096650965073529,0.039362039934295816,1512.9006773931726,648.5498442047652,1991.8236530695344,404.33747799521393,2736.626838235294,1176.6886242048138
train_audio/fepowl/XC596806.ogg,XC596806.ogg,fepowl,Ferruginous Pygmy Owl,Glaucidium brasilianum,train,9.9,0.031319484,0.027692052,0.11463802504038773,0.06777662374172778,3933.940011133074,890.526143064633,3904.265259877941,574.4787798223372,8147.7180936995155,2011.5963332758965
train_audio/fepowl/XC447861.ogg,XC447861.ogg,fepowl,Ferruginous Pygmy Owl,Glaucidium brasilianum,train,42.44896875,0.0076893303,0.012290199,0.19568082670026377,0.062194367144007896,3478.5641302328854,713.913579023812,1952.491205185274,266.81835416068145,5092.825687641296,866.9724641073624
train_audio/fepowl/XC291438.ogg,XC291438.ogg,fepowl,Ferruginous Pygmy Owl,Glaucidium brasilianum,train,11.78121875,0.015240264,0.0055765565,0.03907442545793759,0.017644579146512098,1968.444560411076,315.77127224199455,2856.376280205718,178.34901579154956,4167.401628222524,649.5095133926152
train_audio/fepowl/XC360837.ogg,XC360837.ogg,fepowl,Ferruginous Pygmy Owl,Glaucidium brasilianum,train,7.86284375,0.002151457,0.0008691763,0.15686928353658536,0.03863988124691651,3835.619705625019,450.1300134895285,3550.191528220024,339.6235228584824,7674.288617886179,927.8312015321569
train_audio/fepowl/iNat353237.ogg,iNat353237.ogg,fepowl,Ferruginous Pygmy Owl,Glaucidium brasilianum,train,16.82984375,0.009130635,0.015031878,0.11177277655655894,0.05618212109310799,2667.6424686519595,805.0259566213705,2379.032074778264,271.6859191267199,5463.551568441065,1447.0695499809583
train_audio/fepowl/iNat557440.ogg,iNat557440.ogg,fepowl,Ferruginous Pygmy Owl,Glaucidium brasilianum,train,36.912,0.0018372366,0.0005845477,0.055093907400888216,0.034439868626485126,1708.6628288525126,481.02174726284045,2262.8428628972624,299.33366218527874,3707.6743934142114,1104.799309259571
train_audio/fepowl/iNat858433.ogg,iNat858433.ogg,fepowl,Ferruginous Pygmy Owl,Glaucidium brasilianum,train,29.69834375,0.0067625134,0.0046278923,0.10775738758750673,0.036780433255396226,3462.7638348019273,624.6177022392895,3767.685871685377,325.6435673748505,7679.573909531502,1648.0161785229395
train_audio/fepowl/XC265951.ogg,XC265951.ogg,fepowl,Ferruginous Pygmy Owl,Glaucidium brasilianum,train,25.88734375,0.038191687,0.05132553,0.12494205809641533,0.035798806723628854,3357.1131832839746,747.8541079303471,3478.0379208950417,592.3095187255777,6712.868896786155,2347.07028727656
train_audio/fepowl/iNat507597.ogg,iNat507597.ogg,fepowl,Ferruginous Pygmy Owl,Glaucidium brasilianum,train,3.15,0.0063468316,0.0020694537,0.10962781567258884,0.025186493433957617,3346.1896416895665,376.5083259510295,3364.2498663145007,227.7926633951329,7329.473350253807,448.7974540331571
train_audio/fepowl/iNat548830.ogg,iNat548830.ogg,fepowl,Ferruginous Pygmy Owl,Glaucidium brasilianum,train,22.86934375,0.097975574,0.05830341,0.06753168706293707,0.03167015624367421,2433.9259334385843,504.2781005288606,2938.4209408193965,341.42780408818516,5078.583916083916,1043.3371921170042
train_audio/fepowl/XC566912.ogg,XC566912.ogg,fepowl,Ferruginous Pygmy Owl,Glaucidium brasilianum,train,117.49878125,0.03865643,0.052132253,0.17549761603860295,0.0631123749384557,3769.268000318553,696.8011889254772,2624.7781563103185,298.6681346592493,6264.361213235294,1084.5971493964034
train_audio/fepowl/iNat1154539.ogg,iNat1154539.ogg,fepowl,Ferruginous Pygmy Owl,Glaucidium brasilianum,train,9.6914375,0.015166412,0.00849976,0.05509923550948845,0.07604921035412252,2836.733838689765,1351.7661424286114,3816.250463172656,464.68136734435865,7273.463283828383,2372.433758609109
train_audio/fepowl/iNat1345354.ogg,iNat1345354.ogg,fepowl,Ferruginous Pygmy Owl,Glaucidium brasilianum,train,55.872375,0.0070563424,0.0068704137,0.2730502858395362,0.07312011813827479,5114.519200102414,732.8772857923678,3722.2436544752804,276.07884928103834,8961.17234468938,661.9276633561815
train_audio/fepowl/iNat1565427.ogg,iNat1565427.ogg,fepowl,Ferruginous Pygmy Owl,Glaucidium brasilianum,train,13.79265625,0.003926259,0.0036762115,0.18949895441048667,0.06445666840383589,5054.708634124646,794.2458391368779,4589.4740387374595,397.8648493680829,10849.869640787949,1238.7323969337817
train_audio/fepowl/XC855089.ogg,XC855089.ogg,fepowl,Ferruginous Pygmy Owl,Glaucidium brasilianum,train,33.99946875,0.0023368732,0.0022222826,0.1944765625,0.08191974196365333,4364.201149554911,854.0744561589614,3840.925677312655,470.4316376881779,8510.95588235294,1601.9048592849365
train_audio/fepowl/iNat1270413.ogg,iNat1270413.ogg,fepowl,Ferruginous Pygmy Owl,Glaucidium brasilianum,train,10.92253125,0.003204073,0.0027759352,0.2886271218429722,0.08582932255511394,5399.082184260015,756.5973468091697,3747.749794380488,423.30409201685177,8796.71486090776,1434.6869716831243
train_audio/fepowl/XC800152.ogg,XC800152.ogg,fepowl,Ferruginous Pygmy Owl,Glaucidium brasilianum,train,73.6130625,0.011689667,0.008205316,0.24136396978917626,0.055062182404342186,4563.365850691261,597.0518755832986,2993.872965458327,276.63809842863117,7433.9953271028035,1069.8796646350033
train_audio/fepowl/XC214246.ogg,XC214246.ogg,fepowl,Ferruginous Pygmy Owl,Glaucidium brasilianum,train,20.401625,0.0050552827,0.0032623375,0.0707165948275862,0.0251917136626293,1600.8017606592132,299.90744574820104,1764.3843792426355,243.97579072104608,2973.7705721003135,654.9703228525551
train_audio/fepowl/XC241792.ogg,XC241792.ogg,fepowl,Ferruginous Pygmy Owl,Glaucidium brasilianum,train,14.136,0.1091309,0.039174687,0.03071753040158371,0.0245950212187056,2170.6347478068437,435.9195924691923,3015.6836434016004,335.7085418706548,5307.515554298642,941.4879183663095
train_audio/fepowl/iNat437277.ogg,iNat437277.ogg,fepowl,Ferruginous Pygmy Owl,Glaucidium brasilianum,train,10.356125,0.010494361,0.018158045,0.0836694034529321,0.041540645671302195,2683.8457816194505,842.649875484013,3135.992738691053,606.4425862557256,5411.747685185185,1767.2382933734852
train_audio/fepowl/iNat578496.ogg,iNat578496.ogg,fepowl,Ferruginous Pygmy Owl,Glaucidium brasilianum,train,4.0170625,0.0015460775,0.00041395918,0.04002162388392857,0.021477078575166026,2659.3891949123085,396.703307760775,3804.7263753538955,193.26698123322018,6341.951884920635,840.0732271729746
train_audio/fepowl/XC378360.ogg,XC378360.ogg,fepowl,Ferruginous Pygmy Owl,Glaucidium brasilianum,train,12.74775,0.018291663,0.0067146937,0.06298092946204517,0.011814516751734503,2312.44281516693,246.92320677199993,3258.657426901925,199.55867802987652,4748.804109159348,985.2582701593525
train_audio/fepowl/XC579868.ogg,XC579868.ogg,fepowl,Ferruginous Pygmy Owl,Glaucidium brasilianum,train,10.9975625,0.026864773,0.036236964,0.07797454124273256,0.034920727452187134,1966.6128930151185,866.1164629520084,2363.658496433892,702.1973088941761,3060.047238372093,2452.659967410339
train_audio/fepowl/iNat1432041.ogg,iNat1432041.ogg,fepowl,Ferruginous Pygmy Owl,Glaucidium brasilianum,train,23.232,0.0028579116,0.00055457396,0.09230498322436338,0.030867982125188386,4072.1866938728335,493.9271571165944,4523.122901185376,226.79559767811435,10156.97049208534,723.1167181054485
train_audio/fepowl/iNat1704135.ogg,iNat1704135.ogg,fepowl,Ferruginous Pygmy Owl,Glaucidium brasilianum,train,19.56825,0.040182885,0.020784609,0.20226452397365197,0.08603407545751691,4975.162892527454,919.144574424967,4301.0352500148465,381.42666286022023,10059.946895424837,1120.7922136192965
train_audio/fepowl/XC185893.ogg,XC185893.ogg,fepowl,Ferruginous Pygmy Owl,Glaucidium brasilianum,train,37.12,0.010665394,0.0073683304,0.1895650447005601,0.03749634430235924,3925.1952672362463,410.08897958747406,3257.5986645554785,236.7643573198858,7214.90602111159,904.2477145639051
train_audio/fepowl/iNat1702258.ogg,iNat1702258.ogg,fepowl,Ferruginous Pygmy Owl,Glaucidium brasilianum,train,11.83346875,0.013656623,0.004025772,0.013871806376689189,0.008573265570541382,1160.3253656382792,275.00145782487806,2527.098360692473,248.4744924205486,1849.9788851351352,826.0178840954642
train_audio/fepowl/iNat529398.ogg,iNat529398.ogg,fepowl,Ferruginous Pygmy Owl,Glaucidium brasilianum,train,35.89225,0.019926772,0.016273374,0.14358471549131016,0.10074651185224845,3980.1697562519366,1551.241468547613,3307.07314239474,366.5004311666504,7436.121323529412,1556.3334521729496
train_audio/fepowl/XC496927.ogg,XC496927.ogg,fepowl,Ferruginous Pygmy Owl,Glaucidium brasilianum,train,116.401625,0.012408136,0.006778798,0.40606457928892936,0.08096289900829123,6860.482483513449,880.8440804480318,3996.284549972364,454.86076768912784,11385.393760307861,2268.9832621545484
train_audio/fepowl/iNat908800.ogg,iNat908800.ogg,fepowl,Ferruginous Pygmy Owl,Glaucidium brasilianum,train,9.9149375,0.0036682829,0.0012479939,0.25206416960685485,0.07170067182549295,5830.913763301212,748.3892986197352,4640.850013265359,259.46282162519225,11624.017137096775,791.6745399476223
train_audio/fepowl/iNat769076.ogg,iNat769076.ogg,fepowl,Ferruginous Pygmy Owl,Glaucidium brasilianum,train,15.92890625,0.024389712,0.010628192,0.05624598001380522,0.03716885426068033,2111.979028856169,643.2609828241785,2544.3806868899655,367.98475398725986,4858.261169678715,1061.9627823525739
train_audio/fepowl/XC152254.ogg,XC152254.ogg,fepowl,Ferruginous Pygmy Owl,Glaucidium brasilianum,train,127.71265625,0.015183478,0.014975672,0.18802045410951396,0.06479398140744946,4399.200932416233,722.328434812253,3779.260147243497,573.8779677600187,8522.908054616059,1938.551570101813
train_audio/fepowl/iNat23313.ogg,iNat23313.ogg,fepowl,Ferruginous Pygmy Owl,Glaucidium brasilianum,train,3.018625,0.0030026783,0.0020172505,0.1305674396494709,0.08265314160525195,3172.7264415775144,1069.040867718026,3636.0112239585214,714.6619598450304,7295.386904761905,2790.415730661726
train_audio/fepowl/iNat678079.ogg,iNat678079.ogg,fepowl,Ferruginous Pygmy Owl,Glaucidium brasilianum,train,29.69834375,0.03998234,0.04537736,0.02090406443524502,0.02581486050665074,1263.1735952804102,993.7660873412818,2302.537184519171,965.5446741890102,2580.430465805062,2785.3809910736777
train_audio/fepowl/iNat1287848.ogg,iNat1287848.ogg,fepowl,Ferruginous Pygmy Owl,Glaucidium brasilianum,train,0.05225,0.38459468,0.053651005,0.150634765625,0.044039477021718086,4657.538039527684,769.9573050648114,3569.2525753579957,112.27773486236329,8203.125,174.69281074217108
train_audio/fepowl/iNat1358409.ogg,iNat1358409.ogg,fepowl,Ferruginous Pygmy Owl,Glaucidium brasilianum,train,61.5009375,0.0027919342,0.0017951342,0.37172556866220086,0.04067071161103089,5563.695727059402,570.3970858952907,2536.2078623681905,428.43811726538496,6911.818743496358,330.66088623977566
train_audio/fepowl/iNat514952.ogg,iNat514952.ogg,fepowl,Ferruginous Pygmy Owl,Glaucidium brasilianum,train,6.94278125,0.0012116863,0.00088944804,0.09914922055011521,0.027820517209627103,3682.2606578959135,544.0754512300458,4029.3135598677977,439.25826381645265,8814.156105990784,1234.379357734891
train_audio/fepowl/XC583425.ogg,XC583425.ogg,fepowl,Ferruginous Pygmy Owl,Glaucidium brasilianum,train,7.62775,0.0016359121,0.0004772065,0.10475321835691824,0.11322946589518615,4056.5585096509158,1079.0897946293235,4242.147890386408,214.28634220185472,9322.425314465409,1199.0723951082323
train_audio/fepowl/iNat827933.ogg,iNat827933.ogg,fepowl,Ferruginous Pygmy Owl,Glaucidium brasilianum,train,10.03103125,0.010422833,0.009159186,0.12639942808014354,0.10424004377439056,3800.2184984066434,1468.2289210513413,3825.008685738689,453.69874399329717,8302.681419457735,2188.727015344541
train_audio/fepowl/iNat769075.ogg,iNat769075.ogg,fepowl,Ferruginous Pygmy Owl,Glaucidium brasilianum,train,14.210625,0.012899191,0.004653075,0.08289027348143982,0.041870648572324705,2674.268842633109,674.5636269069516,2786.299079401299,368.6128436817104,5542.6216254218225,944.488232515864
train_audio/fepowl/XC427411.ogg,XC427411.ogg,fepowl,Ferruginous Pygmy Owl,Glaucidium brasilianum,train,37.7730625,0.08977934,0.06268798,0.11208153821209234,0.04514585501107326,4568.841934394304,592.1228942489594,4755.697632820815,304.68190148863823,11524.082750952986,1625.5537849714117
train_audio/fepowl/XC987662.ogg,XC987662.ogg,fepowl,Ferruginous Pygmy Owl,Glaucidium brasilianum,train,56.064,0.13811806,0.16215894,0.047148743981811694,0.037458285555676464,2252.3741055855235,932.0250622768831,3222.593263517888,641.3023184142004,5154.564907275321,2458.872306193591
train_audio/fepowl/iNat741216.ogg,iNat741216.ogg,fepowl,Ferruginous Pygmy Owl,Glaucidium brasilianum,train,25.5651875,0.0077663357,0.011632224,0.04303291712296621,0.03708816565102973,1588.6405169561217,578.0213869651766,2450.1612633278287,425.1243944206081,3165.402065081352,1271.5508527675056
train_audio/fepowl/XC974356.ogg,XC974356.ogg,fepowl,Ferruginous Pygmy Owl,Glaucidium brasilianum,train,17.084,0.01620203,0.024877746,0.18014880691128277,0.0572109187340089,3687.544584317079,662.1844325838418,3018.4398968862415,368.5971105021747,7281.4840823970035,1342.7586764744185
train_audio/fepowl/iNat183239.ogg,iNat183239.ogg,fepowl,Ferruginous Pygmy Owl,Glaucidium brasilianum,train,7.96446875,0.010072415,0.010545763,0.0862816500376506,0.05015151155665094,2323.140042949664,905.6162346714076,2714.1490494165546,671.9105988848961,4462.067018072289,1718.2322116174967
train_audio/fepowl/iNat1202978.ogg,iNat1202978.ogg,fepowl,Ferruginous Pygmy Owl,Glaucidium brasilianum,train,23.07971875,0.017432619,0.017646687,0.03955416504244629,0.02663054727477637,1544.7168901227274,739.6052174000756,2321.8777223691204,662.3016692315373,3092.7429833679835,2091.46171014057
train_audio/fepowl/iNat585826.ogg,iNat585826.ogg,fepowl,Ferruginous Pygmy Owl,Glaucidium brasilianum,train,8.77715625,0.007865817,0.0022502665,0.04049621470856102,0.012202116651248086,1796.2170411275038,254.1463651172526,2858.7476560821747,271.79283188104716,3393.3857012750454,653.0327686504313
train_audio/fepowl/iNat19409.ogg,iNat19409.ogg,fepowl,Ferruginous Pygmy Owl,Glaucidium brasilianum,train,6.03734375,0.0040542753,0.000865317,0.04319997313161376,0.017953992644369064,2268.9736837591763,422.00233597006866,3295.005161331452,370.5643140796995,5246.486441798942,1243.8947210568583
train_audio/fepowl/XC377195.ogg,XC377195.ogg,fepowl,Ferruginous Pygmy Owl,Glaucidium brasilianum,train,72.51590625,0.009801421,0.01744069,0.12530171537199428,0.03433204620609385,3570.8093815502934,903.5291707263723,3609.185715844471,817.1956821890185,7300.587359364659,2661.050774598043
train_audio/fepowl/XC334741.ogg,XC334741.ogg,fepowl,Ferruginous Pygmy Owl,Glaucidium brasilianum,train,93.3355,0.0121826,0.024378687,0.11668716655596503,0.040443138191383704,2765.4216746232246,780.1764166449267,2150.0439580448683,623.4890513204383,4513.415431093589,1732.515532385796
train_audio/fepowl/XC381589.ogg,XC381589.ogg,fepowl,Ferruginous Pygmy Owl,Glaucidium brasilianum,train,16.87509375,0.03726769,0.01935544,0.08297448904028436,0.03863490105114248,2146.039668391434,402.66204124224805,2703.0563577438256,285.623907220786,4826.792061611374,702.0689347789505
train_audio/fepowl/XC11547.ogg,XC11547.ogg,fepowl,Ferruginous Pygmy Owl,Glaucidium brasilianum,train,33.04490625,0.07499618,0.11331845,0.11382365342146661,0.033695861533189916,2460.0090604203438,502.5275530848307,2015.1678854962554,463.27999528426864,4516.676246369797,1604.7934845074092
train_audio/fepowl/XC974130.ogg,XC974130.ogg,fepowl,Ferruginous Pygmy Owl,Glaucidium brasilianum,train,81.214,0.019735923,0.018445792,0.16802973705920016,0.04135729352464379,3251.6613692776004,426.11274320874963,2274.0034798622255,259.56711509794184,5385.4074320330965,776.4511982213473
train_audio/fepowl/XC401022.ogg,XC401022.ogg,fepowl,Ferruginous Pygmy Owl,Glaucidium brasilianum,train,41.0645,0.0013164204,0.0026178278,0.3317177761005064,0.061894935998063734,6304.7640245690245,764.5812618597206,4424.278395834041,393.0213455413535,12012.867647058823,1639.8474949537272
train_audio/fepowl/iNat66329.ogg,iNat66329.ogg,fepowl,Ferruginous Pygmy Owl,Glaucidium brasilianum,train,49.81840625,0.0026103843,0.0022691397,0.053990672166024406,0.02706315517716252,2600.6134282081152,621.8284135602171,3716.939656461081,484.56713710552805,6240.652095375723,2174.4043138284587
train_audio/fepowl/XC715891.ogg,XC715891.ogg,fepowl,Ferruginous Pygmy Owl,Glaucidium brasilianum,train,42.05715625,0.02570926,0.031059243,0.20419591277577026,0.04769627223209909,3752.3130356003257,572.8494195411715,2611.714381913208,500.96285971313927,6209.88255990871,1097.4719683499227
train_audio/fepowl/XC698604.ogg,XC698604.ogg,fepowl,Ferruginous Pygmy Owl,Glaucidium brasilianum,train,44.256,0.03501147,0.04826752,0.1407732313877846,0.053163179895383654,2663.9228714771916,547.3013150160812,1865.3401672269397,274.65456255797375,4777.150343332129,943.4144350531197
train_audio/fepowl/iNat1224500.ogg,iNat1224500.ogg,fepowl,Ferruginous Pygmy Owl,Glaucidium brasilianum,train,5.99365625,0.00091250794,0.0004548136,0.14364583333333333,0.08846783456613584,4404.028076486812,882.5861659486932,4515.31782688948,83.47265851364774,10475.208333333334,804.7033507068855
train_audio/fepowl/iNat905413.ogg,iNat905413.ogg,fepowl,Ferruginous Pygmy Owl,Glaucidium brasilianum,train,9.49753125,0.10240953,0.015029044,0.3273218842066498,0.03007706681997141,5516.824141589884,181.84009936481218,2947.2059890250066,169.15408575248858,7675.61026936027,107.09284458296085
train_audio/fepowl/iNat165773.ogg,iNat165773.ogg,fepowl,Ferruginous Pygmy Owl,Glaucidium brasilianum,train,31.9,0.0022183508,0.002091796,0.05961487979563691,0.022067098625503594,1954.4288774989682,265.97230079269985,2466.770148211055,127.28509043108673,4839.322655466399,345.1215761082876
train_audio/fepowl/iNat610890.ogg,iNat610890.ogg,fepowl,Ferruginous Pygmy Owl,Glaucidium brasilianum,train,34.24803125,0.0050564357,0.0026903755,0.04925368913475012,0.024161503824528748,1987.5965355801957,445.3600201590133,2827.5451137890436,358.4803274934239,4168.386560018683,1533.7938911128756
train_audio/fepowl/iNat1722228.ogg,iNat1722228.ogg,fepowl,Ferruginous Pygmy Owl,Glaucidium brasilianum,train,11.54034375,0.017911874,0.008427402,0.05260182219529086,0.01808075610247431,2102.6623976371748,403.23220022835255,2813.3877455849133,439.17707606838076,5057.847126038781,1134.9174308362758
train_audio/fepowl/XC925404.ogg,XC925404.ogg,fepowl,Ferruginous Pygmy Owl,Glaucidium brasilianum,train,13.32,0.021962592,0.005997429,0.02966968037214886,0.02330084354827986,1167.3575018783506,373.15271361572104,1544.6618890201366,183.83515421625506,2506.527611044418,656.5903642210951
train_audio/fepowl/iNat1224410.ogg,iNat1224410.ogg,fepowl,Ferruginous Pygmy Owl,Glaucidium brasilianum,train,9.61015625,0.0014964406,0.00093545555,0.19236493864392679,0.0688115942659373,4598.623713487837,702.6141550478524,4379.447277018401,149.03098191724794,9177.984608985025,955.464559854259
train_audio/fepowl/XC301243.ogg,XC301243.ogg,fepowl,Ferruginous Pygmy Owl,Glaucidium brasilianum,train,86.88325,0.009207097,0.010333048,0.18031720389891365,0.09152940170698157,4411.49783149841,1327.3880784332182,3781.405422863659,730.6399969398354,8550.65825814767,2842.3146822574663
train_audio/fepowl/iNat380252.ogg,iNat380252.ogg,fepowl,Ferruginous Pygmy Owl,Glaucidium brasilianum,train,11.968,0.010939994,0.006836756,0.14100571595460615,0.08440680576899995,3207.5970910175156,1237.3030762323315,2828.7582543139733,620.2833453901725,5534.254005340454,1910.7531100320912
train_audio/fepowl/XC743178.ogg,XC743178.ogg,fepowl,Ferruginous Pygmy Owl,Glaucidium brasilianum,train,60.696,0.0030103852,0.0021133039,0.10135452358987876,0.04329750955353811,2243.4140407311684,541.6731032152812,2288.99901549237,292.72029007953876,4493.278861360042,836.8400268680848
train_audio/fepowl/XC877131.ogg,XC877131.ogg,fepowl,Ferruginous Pygmy Owl,Glaucidium brasilianum,train,12.33584375,0.011288265,0.0022396084,0.3264904294341764,0.009311676286570963,5333.878999646499,184.23457308450358,1749.0560140421344,299.92492009923666,6042.659695201038,598.6241752400093
train_audio/fepowl/XC51744.ogg,XC51744.ogg,fepowl,Ferruginous Pygmy Owl,Glaucidium brasilianum,train,52.06203125,0.059643745,0.10383925,0.09507003999884757,0.018449085045745068,1796.695969766407,358.8675094200219,1000.8566048706289,409.9414152741797,2425.889290104487,771.6439053572693
train_audio/fepowl/iNat588186.ogg,iNat588186.ogg,fepowl,Ferruginous Pygmy Owl,Glaucidium brasilianum,train,19.565,0.034321778,0.03444805,0.09823076898507768,0.03038775406552938,2166.070538901505,652.1511465563801,2153.5535427908385,660.9365872825636,3750.459934587081,1691.2534333300405
train_audio/fepowl/XC707560.ogg,XC707560.ogg,fepowl,Ferruginous Pygmy Owl,Glaucidium brasilianum,train,14.448,0.006378983,0.0019101391,0.3027408566095133,0.032942271351239866,5292.411830265378,391.1057558249922,2344.6754207079052,165.75613946911568,6141.52378318584,482.4176438566079
train_audio/fepowl/iNat1731856.ogg,iNat1731856.ogg,fepowl,Ferruginous Pygmy Owl,Glaucidium brasilianum,train,7.86284375,0.17299624,0.087630704,0.07354289729420732,0.025453228106997745,2978.0954464886263,571.7697037192058,3748.3151410641103,323.23007159515583,7037.823932926829,1300.736074188478
train_audio/fepowl/XC694513.ogg,XC694513.ogg,fepowl,Ferruginous Pygmy Owl,Glaucidium brasilianum,train,29.016,0.0055013644,0.010137332,0.13579010043412348,0.06033507127656672,3000.8003824654425,686.5418771988403,2717.55251604185,284.195925137291,5946.13078831312,923.0636733733788
train_audio/fepowl/iNat1668995.ogg,iNat1668995.ogg,fepowl,Ferruginous Pygmy Owl,Glaucidium brasilianum,train,72.27778125,0.02201392,0.0056309323,0.21112382068946436,0.04891686343112998,4385.318884222315,870.0543886662906,3916.6256626887025,515.9515055494697,8551.574950199203,2316.060850102237
train_audio/fepowl/XC749740.ogg,XC749740.ogg,fepowl,Ferruginous Pygmy Owl,Glaucidium brasilianum,train,26.376,0.0303197,0.04201928,0.09210601121892056,0.01244540388709709,1716.9407222283578,244.46253567368876,1508.8255510822971,379.9534788868766,2358.3706033959975,542.8166613458658
train_audio/fepowl/iNat380288.ogg,iNat380288.ogg,fepowl,Ferruginous Pygmy Owl,Glaucidium brasilianum,train,14.26284375,0.019333363,0.0097431,0.055699096132287,0.07442321668609407,1977.178100176713,982.717696578351,2452.6377884209483,355.5020011434051,4433.558716367713,1532.8144753738063
train_audio/fepowl/XC181065.ogg,XC181065.ogg,fepowl,Ferruginous Pygmy Owl,Glaucidium brasilianum,train,3.7355,0.018982667,0.00840103,0.21630859375,0.04771648340358031,4526.353830161355,495.643726702937,3638.625531444347,225.9463985178379,8694.444444444445,914.1088851653029
train_audio/fepowl/XC959010.ogg,XC959010.ogg,fepowl,Ferruginous Pygmy Owl,Glaucidium brasilianum,train,18.86,0.029357651,0.053125195,0.18893171185856658,0.06974443880188526,3250.1838039201753,671.4277839410455,1942.8897293761331,292.8597285096897,5357.002756573367,854.7417344683086
train_audio/fepowl/iNat1308138.ogg,iNat1308138.ogg,fepowl,Ferruginous Pygmy Owl,Glaucidium brasilianum,train,0.00871875,0.1516982,0.0,0.08349609375,0.0,8743.801996973247,0.0,4523.513012575685,0.0,13875.0,0.0
train_audio/fepowl/iNat1727033.ogg,iNat1727033.ogg,fepowl,Ferruginous Pygmy Owl,Glaucidium brasilianum,train,11.122375,0.0480785,0.020044632,0.021875841864224137,0.015380153773378258,1203.8266223119995,422.5304275135846,1938.00043317659,354.2709195628765,2739.0220905172414,1211.8046804791118
train_audio/fepowl/iNat563218.ogg,iNat563218.ogg,fepowl,Ferruginous Pygmy Owl,Glaucidium brasilianum,train,7.36075,0.0032002653,0.0041873786,0.13618916079175705,0.05622722241171893,3912.2703239725233,904.6170574389788,3747.2602891879947,378.1085636126275,8366.085954446855,1692.3090292742922
train_audio/fepowl/iNat703023.ogg,iNat703023.ogg,fepowl,Ferruginous Pygmy Owl,Glaucidium brasilianum,train,13.049625,0.010268013,0.003091061,0.06830073337928921,0.01716914421066728,1841.5976544987318,249.46251187301786,2552.1553919004473,252.88409612159762,3664.5029105392155,1119.2746351455314
train_audio/fepowl/iNat547058.ogg,iNat547058.ogg,fepowl,Ferruginous Pygmy Owl,Glaucidium brasilianum,train,43.52,0.0035009535,0.0028663655,0.05191752228041161,0.028268830143848685,975.1195262955603,314.7546949078957,740.43859575775,141.92767393658656,1538.3533167952958,404.1890736569559
train_audio/fepowl/iNat1366940.ogg,iNat1366940.ogg,fepowl,Ferruginous Pygmy Owl,Glaucidium brasilianum,train,12.863875,0.004863345,0.004382008,0.07491473297574627,0.04433621160150229,2542.3098363043277,956.6057833716552,3026.568641410779,581.0963580260021,5415.3840174129355,2240.6555609494258
train_audio/fepowl/iNat782799.ogg,iNat782799.ogg,fepowl,Ferruginous Pygmy Owl,Glaucidium brasilianum,train,4.91103125,0.026855096,0.01199265,0.05925062347312703,0.01307340104331592,1326.721758957179,124.8745313334914,1490.8151465663334,190.59340305735682,2250.7634364820847,372.7050721670605
train_audio/fepowl/iNat348395.ogg,iNat348395.ogg,fepowl,Ferruginous Pygmy Owl,Glaucidium brasilianum,train,14.4,0.005336663,0.0014693256,0.25655413256104326,0.06532789867889724,4250.242239284816,632.083054463792,3437.4235822496025,200.46270534486624,7124.791897891232,879.2273665262435
train_audio/fepowl/iNat342713.ogg,iNat342713.ogg,fepowl,Ferruginous Pygmy Owl,Glaucidium brasilianum,train,12.608,0.0028817188,0.003949016,0.1596586858365019,0.05386758107779525,4090.966027946858,644.6059836375558,4091.5401283207443,181.6716464568891,9414.706115335868,730.9957576361344
train_audio/fepowl/iNat594426.ogg,iNat594426.ogg,fepowl,Ferruginous Pygmy Owl,Glaucidium brasilianum,train,20.87475,0.0061682253,0.0133801885,0.25368512033045976,0.11828147657880589,5297.006649565119,1605.0177449315547,4156.234241140986,646.3668891597864,10364.48754789272,2836.4988656756136
train_audio/fepowl/XC389603.ogg,XC389603.ogg,fepowl,Ferruginous Pygmy Owl,Glaucidium brasilianum,train,39.41878125,0.0048272084,0.0031816512,0.15448116946530033,0.05320479374746501,3833.5117688870628,585.8880723509924,3394.4596069012896,491.9914486100609,7552.607548701299,1227.8406929487614
train_audio/fepowl/XC830262.ogg,XC830262.ogg,fepowl,Ferruginous Pygmy Owl,Glaucidium brasilianum,train,62.40365625,0.013646171,0.0077092038,0.07086561839111766,0.014456873337437727,2646.920925931275,319.5960065074152,3440.3354375136464,284.09220779812733,5975.7113560625485,1119.6693252400053
train_audio/fepowl/XC401021.ogg,XC401021.ogg,fepowl,Ferruginous Pygmy Owl,Glaucidium brasilianum,train,125.62284375,0.023567379,0.026822774,0.23538912259615385,0.08474244760089339,4161.666046910861,1038.0384755393477,2076.744936249297,688.5121030539505,6095.578753820682,1543.1218789281947
train_audio/fepowl/XC447869.ogg,XC447869.ogg,fepowl,Ferruginous Pygmy Owl,Glaucidium brasilianum,train,96.39184375,0.010022503,0.019505274,0.15841002658195022,0.057348663740265704,3661.2261477831375,1027.666911997612,2771.660617187783,711.9985348374895,6472.7282157676345,2462.2253733835046
train_audio/fepowl/XC662458.ogg,XC662458.ogg,fepowl,Ferruginous Pygmy Owl,Glaucidium brasilianum,train,11.0236875,0.01735362,0.0028805018,0.31188415615928883,0.03565755683220941,5308.448912460485,397.9508552365154,3452.765094642134,221.5760717235866,8419.629898403484,1188.8290068079298
train_audio/fepowl/XC120541.ogg,XC120541.ogg,fepowl,Ferruginous Pygmy Owl,Glaucidium brasilianum,train,54.5175625,0.051631283,0.013709147,0.34803879428917256,0.057154529701558016,5992.523122974741,406.28237652849964,3210.0738452812166,156.70006826553464,9247.139084507042,965.7316695984845
train_audio/fepowl/XC533594.ogg,XC533594.ogg,fepowl,Ferruginous Pygmy Owl,Glaucidium brasilianum,train,8.933,0.01570798,0.012766488,0.13775470986135957,0.0768818212509187,3917.0544828870175,905.4479085174743,3680.1549620725154,468.8286624700254,7854.595259391771,1614.259906008225
train_audio/fepowl/iNat200784.ogg,iNat200784.ogg,fepowl,Ferruginous Pygmy Owl,Glaucidium brasilianum,train,9.26475,0.00076155434,0.0009396545,0.18241093076508622,0.08982770169347458,3762.1092937860717,1140.4779298914755,3510.714002072484,532.4725084240055,7101.023706896552,1844.1479231549665
train_audio/fepowl/XC364735.ogg,XC364735.ogg,fepowl,Ferruginous Pygmy Owl,Glaucidium brasilianum,train,11.424,0.04805477,0.022218816,0.41150499890734266,0.11538583187376272,8003.779174351209,557.0964285260526,4424.207097613293,181.5807725894107,13353.19055944056,219.62470862393548
train_audio/fepowl/iNat381455.ogg,iNat381455.ogg,fepowl,Ferruginous Pygmy Owl,Glaucidium brasilianum,train,15.595,0.003443647,0.009333246,0.15080228365384615,0.051145994496863446,4152.876583028542,786.3383225063689,3922.0394292643964,472.19257192568534,8709.63141025641,1561.0920689938744
train_audio/fepowl/XC405408.ogg,XC405408.ogg,fepowl,Ferruginous Pygmy Owl,Glaucidium brasilianum,train,126.0408125,0.006431509,0.0035211882,0.31635437244145087,0.07267084385714641,5453.172944031402,658.384682112769,3103.1470703177506,237.16422123937076,8090.638090251333,798.7961367145217
train_audio/fepowl/iNat1260031.ogg,iNat1260031.ogg,fepowl,Ferruginous Pygmy Owl,Glaucidium brasilianum,train,15.09878125,0.00164482,0.0033654277,0.17469503111758475,0.0588612080315726,4880.520148191515,1123.2911933149585,4730.389066548828,636.4733846701296,11084.232653601695,2748.193968301302
train_audio/fepowl/iNat842943.ogg,iNat842943.ogg,fepowl,Ferruginous Pygmy Owl,Glaucidium brasilianum,train,4.64396875,0.0049181883,0.0022479217,0.02572117966065292,0.018603320210595232,1336.241151787409,585.7486365284802,2794.6681368402224,621.9912252852109,2020.0816151202748,2305.884946591471
train_audio/fepowl/iNat1236626.ogg,iNat1236626.ogg,fepowl,Ferruginous Pygmy Owl,Glaucidium brasilianum,train,16.25,0.021145392,0.0077584437,0.21466641163262795,0.07007412118785097,4920.709144704964,405.4754423900209,3933.336053433244,173.57060644476675,7613.250492125984,570.8889180139389
train_audio/fepowl/XC474869.ogg,XC474869.ogg,fepowl,Ferruginous Pygmy Owl,Glaucidium brasilianum,train,60.312,0.050120298,0.041956473,0.23245529053381964,0.09843743933480029,4417.017339009823,790.7786268573517,3035.4876522811187,259.0978669177925,7458.993700265252,765.3492166121302
train_audio/fepowl/XC800248.ogg,XC800248.ogg,fepowl,Ferruginous Pygmy Owl,Glaucidium brasilianum,train,8.90775,0.016969178,0.009237551,0.3098709955677738,0.08028583479212824,5351.683041755658,1168.1737738148088,2957.7706303853865,384.8830767392681,8054.841786355476,1309.3951042199608
train_audio/fepowl/XC336337.ogg,XC336337.ogg,fepowl,Ferruginous Pygmy Owl,Glaucidium brasilianum,train,138.72,0.028999034,0.04319223,0.25771564338023295,0.07863811542909813,4574.585967724757,825.5922306660777,2809.223459124908,967.2260416670015,6965.073953407911,1858.8722471612004
train_audio/fepowl/XC957357.ogg,XC957357.ogg,fepowl,Ferruginous Pygmy Owl,Glaucidium brasilianum,train,6.974,0.007666085,0.0058821524,0.3132592997419725,0.09185491236614308,6298.203319396973,657.87888462715,4361.986711467958,188.56711010688045,11045.513188073395,681.1061956616862
train_audio/fepowl/iNat1113128.ogg,iNat1113128.ogg,fepowl,Ferruginous Pygmy Owl,Glaucidium brasilianum,train,9.1835,0.00286559,0.001459152,0.16767782284407665,0.07272127747411022,3185.449262951352,895.551244966278,3171.65344732478,406.8581993290274,5115.9353222996515,1787.4682543089812
train_audio/fepowl/iNat399490.ogg,iNat399490.ogg,fepowl,Ferruginous Pygmy Owl,Glaucidium brasilianum,train,5.82821875,0.000760034,0.00038883687,0.1316754066780822,0.030491617788931828,4405.451023732867,523.8051217760578,4320.0873687564435,411.5615587801146,10047.089041095891,1103.3867695504343
train_audio/fepowl/XC308565.ogg,XC308565.ogg,fepowl,Ferruginous Pygmy Owl,Glaucidium brasilianum,train,98.40325,0.0832023,0.12332283,0.23391863048183223,0.08438432735198206,4119.866402830282,861.2866851885957,2600.155421037235,392.0897779912467,6140.929828483174,1034.5236281053467
train_audio/fepowl/iNat187086.ogg,iNat187086.ogg,fepowl,Ferruginous Pygmy Owl,Glaucidium brasilianum,train,27.53884375,0.010610024,0.0073570097,0.10607839267566783,0.03297472341065272,2982.593356415373,588.3234227806627,3193.988889375592,445.37152810879695,6128.683943089431,1118.8243843204027
train_audio/fepowl/XC592536.ogg,XC592536.ogg,fepowl,Ferruginous Pygmy Owl,Glaucidium brasilianum,train,17.3453125,0.0054509244,0.0030839003,0.2961338025633641,0.07888456891609909,5097.440109351678,571.772951978895,3151.1259573638463,210.30143334065332,7941.921082949309,438.1095918117083
train_audio/fepowl/iNat1363030.ogg,iNat1363030.ogg,fepowl,Ferruginous Pygmy Owl,Glaucidium brasilianum,train,74.8146875,0.027441487,0.0079821125,0.01632338002566296,0.026153231327636518,1074.591240650557,579.43939077914,2331.9397539367915,521.0987110775771,2040.0415686484175,1781.5215027632837
train_audio/fepowl/iNat611842.ogg,iNat611842.ogg,fepowl,Ferruginous Pygmy Owl,Glaucidium brasilianum,train,2.847,0.008004912,0.00440717,0.27360757549157305,0.11219507727288594,5500.8003978910865,1261.7962760850116,3945.6044810590583,265.6148278649071,10093.135533707866,926.7175503706749
train_audio/fepowl/iNat810405.ogg,iNat810405.ogg,fepowl,Ferruginous Pygmy Owl,Glaucidium brasilianum,train,13.512,0.0030553993,0.003038924,0.08166836168639054,0.0907418641879719,2967.4898240865678,1793.538706555637,3812.07009652062,1025.2999419614023,6537.315088757397,3746.2351155122237
train_audio/fepowl/iNat592969.ogg,iNat592969.ogg,fepowl,Ferruginous Pygmy Owl,Glaucidium brasilianum,train,16.6255,0.00965347,0.02658918,0.2652630145733173,0.10141689474593224,4187.473626214649,1128.9692885141421,2028.6729704330523,397.3288677943482,5461.328125,1008.3131012500502
train_audio/fepowl/XC197712.ogg,XC197712.ogg,fepowl,Ferruginous Pygmy Owl,Glaucidium brasilianum,train,65.904,0.01858713,0.02496296,0.08950219015473301,0.02549033042933066,2423.1128063457895,710.4600713584119,2929.673646883266,892.3622903786259,3998.175819174757,2680.1468349730703
train_audio/fepowl/XC347736.ogg,XC347736.ogg,fepowl,Ferruginous Pygmy Owl,Glaucidium brasilianum,train,55.24896875,0.014940292,0.023430524,0.15515327564056167,0.06637435517818722,3138.3227242884836,965.6379564413443,2327.877295683515,630.5951368073554,4825.184568616097,1796.9201518327034
train_audio/fepowl/iNat365512.ogg,iNat365512.ogg,fepowl,Ferruginous Pygmy Owl,Glaucidium brasilianum,train,9.5085625,0.0025866413,0.00076020067,0.047642299107142856,0.08249329258780516,1351.9394190585983,1181.720324502748,1920.2980384727048,517.9299592741472,2253.676470588235,2073.2528082799995
train_audio/fepowl/iNat1721602.ogg,iNat1721602.ogg,fepowl,Ferruginous Pygmy Owl,Glaucidium brasilianum,train,11.54034375,0.017911874,0.008427402,0.05260182219529086,0.01808075610247431,2102.6623976371748,403.23220022835255,2813.3877455849133,439.17707606838076,5057.847126038781,1134.9174308362758
train_audio/fepowl/XC893843.ogg,XC893843.ogg,fepowl,Ferruginous Pygmy Owl,Glaucidium brasilianum,train,24.91703125,0.016466632,0.008856968,0.3450703651516367,0.06801033682750722,5792.239144595567,818.8646862197769,3171.747600152338,307.00513924258485,8793.565468549423,1243.2025004490326
train_audio/fepowl/XC390938.ogg,XC390938.ogg,fepowl,Ferruginous Pygmy Owl,Glaucidium brasilianum,train,134.87021875,0.014736398,0.021263799,0.20465349987025505,0.06769773720274301,4519.466203931487,998.6220532729255,3712.8849171816405,738.7013559660546,8526.649614472124,2852.42211860949
train_audio/fepowl/XC327710.ogg,XC327710.ogg,fepowl,Ferruginous Pygmy Owl,Glaucidium brasilianum,train,27.072,0.02319107,0.028439563,0.1549313810543414,0.07534638328699644,3523.2721060615786,783.1985190067425,3261.477087042601,262.29534213863604,6084.031674542232,1239.0648563253237
train_audio/fepowl/XC294186.ogg,XC294186.ogg,fepowl,Ferruginous Pygmy Owl,Glaucidium brasilianum,train,15.64734375,0.009306478,0.005150994,0.080810546875,0.0319713065314069,2660.4375016263652,366.9671869015206,3342.942376515349,258.63213708472136,5245.414749488753,623.2759119973173
train_audio/fepowl/XC378359.ogg,XC378359.ogg,fepowl,Ferruginous Pygmy Owl,Glaucidium brasilianum,train,10.370625,0.08968185,0.094758734,0.021149575067411403,0.019101301818127178,1460.26447200418,448.8568804256762,2551.4774400816373,375.776031820294,3056.5052003081664,1107.9224772814061
train_audio/fepowl/iNat1655040.ogg,iNat1655040.ogg,fepowl,Ferruginous Pygmy Owl,Glaucidium brasilianum,train,33.78465625,0.01306789,0.0061838347,0.30338634144176135,0.07922982290621232,5525.766649007903,859.4996936444098,3882.2300370300345,378.17572754489345,9538.448449337122,1826.6148504803648
train_audio/fepowl/iNat918523.ogg,iNat918523.ogg,fepowl,Ferruginous Pygmy Owl,Glaucidium brasilianum,train,9.0395,0.0053351405,0.001085398,0.05220547566371681,0.022395171148822418,2961.2053976790426,669.5135282531154,3934.5884966352246,480.74903475593095,7751.327433628318,2270.8502190102304
train_audio/fepowl/iNat67946.ogg,iNat67946.ogg,fepowl,Ferruginous Pygmy Owl,Glaucidium brasilianum,train,32.83234375,0.009108174,0.0038403969,0.07834119466938626,0.03726274599334282,3550.761140383954,562.7700765909048,4554.216402129205,382.986709008352,10059.212128592304,1361.8415568984487
train_audio/fepowl/iNat140544.ogg,iNat140544.ogg,fepowl,Ferruginous Pygmy Owl,Glaucidium brasilianum,train,21.7505625,0.0014099207,0.001006715,0.10963673311121323,0.03049061376128175,3407.7860865627167,480.2475232136663,3797.619404968306,355.0092643184444,7582.950367647059,1559.547549157609
train_audio/fepowl/iNat1374284.ogg,iNat1374284.ogg,fepowl,Ferruginous Pygmy Owl,Glaucidium brasilianum,train,43.99021875,0.0012616777,0.00015333458,0.31105397727272727,0.03345325330832255,4740.800906222105,622.7222640691103,3325.401000930248,421.5585845561223,7219.960227272727,1448.3998353131556
train_audio/fepowl/iNat863290.ogg,iNat863290.ogg,fepowl,Ferruginous Pygmy Owl,Glaucidium brasilianum,train,3.83115625,0.0015240676,0.00084391545,0.07739664713541666,0.05684685691413011,2999.3318597200177,915.4545902150993,3726.0147697850675,406.16600314862586,6691.40625,1549.8744462548075
train_audio/fepowl/XC589577.ogg,XC589577.ogg,fepowl,Ferruginous Pygmy Owl,Glaucidium brasilianum,train,27.95103125,0.011668021,0.013073576,0.07638345422510018,0.022808718988215,2836.13117406104,400.4908017175059,3287.236207962936,449.9012198832418,6469.528119633657,1033.1479297013116
train_audio/fepowl/iNat723602.ogg,iNat723602.ogg,fepowl,Ferruginous Pygmy Owl,Glaucidium brasilianum,train,12.0725625,0.013267737,0.0076427464,0.06266620964403974,0.07881923105734942,2546.960516139369,1070.4299246030498,3463.267010224412,335.07502097308105,5601.862582781457,1605.3455584114001
train_audio/fepowl/iNat129019.ogg,iNat129019.ogg,fepowl,Ferruginous Pygmy Owl,Glaucidium brasilianum,train,92.917,0.018832238,0.016163006,0.08213986903839532,0.011564972027037015,1473.892573487519,212.8626356362835,916.0403110291559,358.133789103259,1735.1121298209366,516.3040897264518
train_audio/fepowl/XC822809.ogg,XC822809.ogg,fepowl,Ferruginous Pygmy Owl,Glaucidium brasilianum,train,161.175,0.009350023,0.019734576,0.32745660626985307,0.12649426776616096,6398.933231135159,1728.5042955606796,4178.931986211414,599.4456105463839,11337.947625074448,3244.5748340993973
train_audio/fepowl/XC396067.ogg,XC396067.ogg,fepowl,Ferruginous Pygmy Owl,Glaucidium brasilianum,train,26.784,0.046573732,0.049361356,0.2690251865671642,0.09819637593209544,5246.58838489639,1159.4175340723996,3320.438949624725,311.3575552905895,8596.138059701492,1416.8634965913623
train_audio/fepowl/iNat214130.ogg,iNat214130.ogg,fepowl,Ferruginous Pygmy Owl,Glaucidium brasilianum,train,48.51775,0.031052392,0.04199011,0.2323003279034784,0.11785936586577307,6085.875368593156,1593.1210721718965,4740.513631862503,418.7657840143965,12099.968059676887,2155.732170611637
train_audio/fepowl/iNat1232755.ogg,iNat1232755.ogg,fepowl,Ferruginous Pygmy Owl,Glaucidium brasilianum,train,30.78821875,0.077543326,0.053378288,0.3516500101461039,0.023549203382565095,5605.575907817518,431.504210018736,3456.9994920156764,541.0567218158262,8445.60064935065,2158.9849078680877
train_audio/fepowl/iNat212095.ogg,iNat212095.ogg,fepowl,Ferruginous Pygmy Owl,Glaucidium brasilianum,train,7.9146875,0.008593064,0.0014881224,0.07420888573232323,0.025502620069618506,1635.733282988717,274.7730723559209,2035.5292762535898,181.14727786179478,2920.675505050505,710.5965552303927
train_audio/fepowl/iNat364755.ogg,iNat364755.ogg,fepowl,Ferruginous Pygmy Owl,Glaucidium brasilianum,train,15.80409375,0.00541105,0.007676902,0.18273036200025303,0.0623476045448247,4084.6990790941113,918.8953675864124,3473.2427855086644,483.0656310103909,7377.277327935222,1856.5252933035292
train_audio/fepowl/XC447867.ogg,XC447867.ogg,fepowl,Ferruginous Pygmy Owl,Glaucidium brasilianum,train,115.43509375,0.0048286538,0.012294864,0.14842552137474013,0.04566449593664326,3402.9406578774933,820.1744929333124,2725.320316013003,635.1866718436829,5918.908090783091,2050.9743193520635
train_audio/fepowl/XC283193.ogg,XC283193.ogg,fepowl,Ferruginous Pygmy Owl,Glaucidium brasilianum,train,7.656,0.011328326,0.0018240788,0.043229710334029225,0.026212384222697283,1177.7251802742767,539.3324171723045,1638.630796193819,257.3808469214041,1889.776878914405,955.7538624312828
train_audio/fepowl/iNat1102819.ogg,iNat1102819.ogg,fepowl,Ferruginous Pygmy Owl,Glaucidium brasilianum,train,8.614625,0.0032254753,0.0011302042,0.12770955328153988,0.05633077680872153,3765.443410686669,725.0894765484518,3776.4303986995214,365.346004671087,7658.163265306122,1335.5830035934723
train_audio/fepowl/iNat748757.ogg,iNat748757.ogg,fepowl,Ferruginous Pygmy Owl,Glaucidium brasilianum,train,7.3386875,0.002760159,0.003835967,0.2956388718681917,0.08604319268398772,5045.933759183339,861.198486792876,3501.0969330363578,298.4071731077843,7828.431372549019,898.070391729433
train_audio/fepowl/iNat375890.ogg,iNat375890.ogg,fepowl,Ferruginous Pygmy Owl,Glaucidium brasilianum,train,18.48259375,0.0014540267,0.0007606971,0.0999768531033737,0.02849535139237526,3386.205971351957,579.2565507764874,4129.549481697197,382.95197554160234,7427.038278546713,1379.3842980889629
train_audio/fepowl/iNat1006174.ogg,iNat1006174.ogg,fepowl,Ferruginous Pygmy Owl,Glaucidium brasilianum,train,5.228125,0.0008627985,0.00024152535,0.08295554998088685,0.014219868457570206,3383.43474056211,252.4335105302498,4215.871567075313,240.12798178822666,8776.423929663608,972.2410325026037
train_audio/fepowl/iNat863289.ogg,iNat863289.ogg,fepowl,Ferruginous Pygmy Owl,Glaucidium brasilianum,train,6.663875,0.0051412755,0.003028055,0.04769699865107914,0.027699329185754698,2302.9542226508147,662.2740817096802,3545.5829880479655,564.2582020543886,5483.250899280575,2312.4670668710937
train_audio/fepowl/iNat898730.ogg,iNat898730.ogg,fepowl,Ferruginous Pygmy Owl,Glaucidium brasilianum,train,34.44,0.00055001397,0.00025857272,0.17475547383012077,0.04793263080959966,3850.1280646340274,426.97331807820035,3231.4889308260726,262.4118946758552,7463.902113330237,811.7625414189166
train_audio/fepowl/iNat163638.ogg,iNat163638.ogg,fepowl,Ferruginous Pygmy Owl,Glaucidium brasilianum,train,11.424,0.02008821,0.013491266,0.2887886527534965,0.06927910300642919,4799.074835953028,647.3325995028723,3109.749845343543,205.2119153349413,6654.763986013986,429.3411997987163
train_audio/fepowl/iNat508794.ogg,iNat508794.ogg,fepowl,Ferruginous Pygmy Owl,Glaucidium brasilianum,train,8.8468125,0.010390243,0.0049920366,0.06106341122287522,0.016773784768797945,1747.2093894156487,246.7811449551976,2489.560095616901,294.4546146657117,4153.2549728752265,1402.0052978893516
train_audio/fepowl/XC330526.ogg,XC330526.ogg,fepowl,Ferruginous Pygmy Owl,Glaucidium brasilianum,train,15.456,0.03126684,0.016095508,0.1443045299573423,0.038159169871713125,3091.5809201161774,467.4024858090779,3146.074616360478,230.15475876559364,5922.876809720786,765.0541422538104
train_audio/fepowl/XC863159.ogg,XC863159.ogg,fepowl,Ferruginous Pygmy Owl,Glaucidium brasilianum,train,35.96771875,0.015305315,0.008212144,0.24161190155137902,0.05141579675922888,3767.1035580542834,286.36141534555844,2724.3982041630234,98.11692253011023,6639.49899911032,193.07051900895206
train_audio/fepowl/XC466539.ogg,XC466539.ogg,fepowl,Ferruginous Pygmy Owl,Glaucidium brasilianum,train,188.2645,0.02105713,0.019297192,0.2584765160246877,0.06735624434849327,4482.1023753760055,592.3834248731387,2470.3300655147864,410.28001383853706,6421.11944420838,726.947218523644
train_audio/fepowl/XC238329.ogg,XC238329.ogg,fepowl,Ferruginous Pygmy Owl,Glaucidium brasilianum,train,32.0,0.09830244,0.04986919,0.09373511486444278,0.0346752544154105,2781.973616753596,470.3336448659925,2973.9870550407713,184.2013469980884,5915.04247876062,844.0104183274517
train_audio/fepowl/iNat353988.ogg,iNat353988.ogg,fepowl,Ferruginous Pygmy Owl,Glaucidium brasilianum,train,22.3608125,0.0034487562,0.002227464,0.26443014294974965,0.08247815349860972,5335.278572937345,917.3488594583968,4094.068216121268,450.56046726117705,10418.555525751073,1711.965466427074
train_audio/fepowl/iNat1344951.ogg,iNat1344951.ogg,fepowl,Ferruginous Pygmy Owl,Glaucidium brasilianum,train,58.07384375,0.016743407,0.012485718,0.14566304020316803,0.05327963393908075,4109.160940070948,699.8479176284707,4107.882681638355,488.55808823403265,8763.580406336088,1417.0940562565922
train_audio/fepowl/iNat790466.ogg,iNat790466.ogg,fepowl,Ferruginous Pygmy Owl,Glaucidium brasilianum,train,35.712,0.004158404,0.0036631864,0.0932597507557098,0.07706487771417599,2454.143448871135,971.3949094294409,3178.27914698899,270.2302563994301,4806.377351097179,1695.8948176862652
train_audio/fepowl/iNat16743.ogg,iNat16743.ogg,fepowl,Ferruginous Pygmy Owl,Glaucidium brasilianum,train,29.248,0.00031174265,0.00031342424,0.08656300189652816,0.044933717964329566,2755.9055675295417,662.7103649082837,3394.3867708338644,480.38672055837714,5230.5734007654455,1319.6394840975215
train_audio/fepowl/iNat776638.ogg,iNat776638.ogg,fepowl,Ferruginous Pygmy Owl,Glaucidium brasilianum,train,47.7244375,0.0060177254,0.011737362,0.1622931966036708,0.09955207022139088,4634.894054564731,1534.6832357760375,4555.354829504052,683.1651992448836,10429.223935635266,3430.964161380247
train_audio/fepowl/XC789018.ogg,XC789018.ogg,fepowl,Ferruginous Pygmy Owl,Glaucidium brasilianum,train,13.84490625,0.01209216,0.0037182502,0.2586080714131062,0.044272913855230175,4312.90121106274,373.90760333520393,2480.8097648626285,321.9122859179801,6603.781755196304,814.9316140303852
train_audio/fepowl/iNat1007409.ogg,iNat1007409.ogg,fepowl,Ferruginous Pygmy Owl,Glaucidium brasilianum,train,39.209,0.0054297927,0.00514968,0.35386923545236637,0.052866367850340615,5774.456718296429,387.5902940866573,2881.7031070976714,315.3645740406601,7718.686250509996,505.48858503312744
train_audio/fepowl/XC531209.ogg,XC531209.ogg,fepowl,Ferruginous Pygmy Owl,Glaucidium brasilianum,train,47.046,0.010163259,0.006220509,0.1697907147866372,0.1189630091407435,5392.745666282656,1104.3557098545568,4362.997755323545,498.19697396914927,10276.595970758246,886.3196025973464
train_audio/fepowl/iNat1631059.ogg,iNat1631059.ogg,fepowl,Ferruginous Pygmy Owl,Glaucidium brasilianum,val,33.78465625,0.0130688,0.0061870953,0.3032499371152936,0.07936887133925913,5525.466989438551,860.3486245096992,3881.944484746565,377.88336755829283,9536.339962121212,1824.678168854094
train_audio/fepowl/iNat58979.ogg,iNat58979.ogg,fepowl,Ferruginous Pygmy Owl,Glaucidium brasilianum,val,12.92190625,0.0018043282,0.00038891294,0.48844743483137376,0.02085346615302835,7573.438581692331,344.669366475042,3105.7343813410503,255.76289534808095,9899.38505569307,554.4605818055992
train_audio/fepowl/XC694338.ogg,XC694338.ogg,fepowl,Ferruginous Pygmy Owl,Glaucidium brasilianum,val,36.6236875,0.0006436405,0.000610373,0.13357126645096112,0.04662511995804596,3462.336942653667,803.8156359691832,3533.3482175612567,374.23123093435527,6715.753331148973,1893.9020228970508
train_audio/fepowl/XC987965.ogg,XC987965.ogg,fepowl,Ferruginous Pygmy Owl,Glaucidium brasilianum,val,26.232,0.06096572,0.033537112,0.2558739638910061,0.11292134311308456,5538.167219758308,2121.61065525937,3830.488753108284,650.389574419503,9721.160442073171,2460.4654372697078
train_audio/fepowl/XC772424.ogg,XC772424.ogg,fepowl,Ferruginous Pygmy Owl,Glaucidium brasilianum,val,9.11675,0.047854226,0.038664147,0.1474609375,0.042777215909480165,3522.4271808305575,623.1642074375964,3256.521058995142,269.2858216424785,6840.734649122807,1050.7902474933187
train_audio/fepowl/XC498503.ogg,XC498503.ogg,fepowl,Ferruginous Pygmy Owl,Glaucidium brasilianum,val,63.744,0.052217185,0.044092827,0.16336346749529485,0.04699207627584954,3233.8255079249775,510.62226692468494,2936.613430980651,297.7579581933484,6568.526505646173,860.5058141457989
train_audio/fepowl/XC713208.ogg,XC713208.ogg,fepowl,Ferruginous Pygmy Owl,Glaucidium brasilianum,val,42.024,0.11540749,0.08021155,0.03492093821374191,0.031290676058376,2345.38940946593,578.7944199559124,3344.7689370584008,292.00173218101,5756.661591168633,1104.2814769805652
train_audio/fepowl/iNat1356362.ogg,iNat1356362.ogg,fepowl,Ferruginous Pygmy Owl,Glaucidium brasilianum,val,9.15996875,0.003577722,0.0021031592,0.048260593913612565,0.032259133666983505,1525.7554054491384,635.1110511121256,2087.1894359187713,466.6545750032598,2702.7705061082024,1589.5360445235378
train_audio/fepowl/iNat1053840.ogg,iNat1053840.ogg,fepowl,Ferruginous Pygmy Owl,Glaucidium brasilianum,val,4.34271875,0.071784645,0.013047869,0.05303775562959559,0.02062692955164877,2309.501174450367,317.03628473226865,3466.8642756370523,376.1539146281471,4946.863511029412,1598.866015937525
train_audio/fepowl/iNat927976.ogg,iNat927976.ogg,fepowl,Ferruginous Pygmy Owl,Glaucidium brasilianum,val,15.68509375,0.00050015235,0.00030739536,0.11644885639653414,0.049986107406719556,4260.012471878076,779.2509523578381,4726.714398539244,339.89912159907675,10914.53236493374,1685.7602167230366
train_audio/fepowl/iNat284598.ogg,iNat284598.ogg,fepowl,Ferruginous Pygmy Owl,Glaucidium brasilianum,val,17.79809375,0.002906072,0.0029997576,0.06676949966307277,0.06039665786498158,2548.704730361185,901.910929091124,3454.2719031104316,681.0549075753809,5477.987421383647,2255.1731875351197
train_audio/fepowl/iNat858455.ogg,iNat858455.ogg,fepowl,Ferruginous Pygmy Owl,Glaucidium brasilianum,val,7.96446875,0.0022130618,0.0010305871,0.11422251506024096,0.040664870817031185,3252.1821161689345,464.79132085362653,3503.3738191106822,293.1484419640433,6878.670933734939,351.89075207779064
train_audio/fepowl/iNat661249.ogg,iNat661249.ogg,fepowl,Ferruginous Pygmy Owl,Glaucidium brasilianum,val,6.1533125,0.009655678,0.009127921,0.02062322443181818,0.010164694185406217,1180.9248819888687,390.65700286020234,2701.4632766471536,424.96029774570644,1687.6217532467533,1094.9879869422768
train_audio/fepowl/XC325660.ogg,XC325660.ogg,fepowl,Ferruginous Pygmy Owl,Glaucidium brasilianum,val,77.74040625,0.054285113,0.09666459,0.10676386602181519,0.033444203214642816,2850.5072694449273,530.6148319980866,2888.66313684629,391.6396760688917,5759.325478493517,1191.7288184135368
train_audio/fepowl/iNat522311.ogg,iNat522311.ogg,fepowl,Ferruginous Pygmy Owl,Glaucidium brasilianum,val,7.424,0.014874051,0.013036813,0.13473412298387097,0.02925011025015366,2988.2847301776137,439.2396742533904,3067.964518867227,429.60169501198556,5792.674731182796,1142.019878667958
train_audio/fepowl/iNat541700.ogg,iNat541700.ogg,fepowl,Ferruginous Pygmy Owl,Glaucidium brasilianum,val,25.488,0.0127758905,0.007332406,0.09855960094494981,0.0411695834956468,2769.976512588918,447.59652417116166,3318.407991502393,340.8652392107895,5417.052227101631,1080.376922321355
train_audio/fepowl/iNat124261.ogg,iNat124261.ogg,fepowl,Ferruginous Pygmy Owl,Glaucidium brasilianum,val,8.2663125,0.057315405,0.053293243,0.1232990434598646,0.08957454023772807,4293.515751272971,674.0946359778327,3203.062346295296,273.81121952183247,6701.160541586073,645.8987896490539
train_audio/fepowl/XC185357.ogg,XC185357.ogg,fepowl,Ferruginous Pygmy Owl,Glaucidium brasilianum,val,38.112,0.011761737,0.008208892,0.2216221100634704,0.09011695541746703,4045.8021747531543,883.959567375659,2939.8405420885165,482.2004434006836,6676.8254301300885,677.5308690484189
train_audio/fepowl/XC774197.ogg,XC774197.ogg,fepowl,Ferruginous Pygmy Owl,Glaucidium brasilianum,val,8.96,0.078213096,0.058180485,0.1547982118983957,0.060320196987987434,3297.380558852589,609.9510992284851,3077.4370677578086,580.4007549143076,5740.11252228164,957.4526426415812
train_audio/fepowl/XC789028.ogg,XC789028.ogg,fepowl,Ferruginous Pygmy Owl,Glaucidium brasilianum,val,13.4530625,0.041985337,0.049437594,0.12874426371135553,0.04192071485819696,2994.0950661106003,757.0300227954518,2646.60272408044,487.9348909860561,5734.728002378121,1669.2689095986507
train_audio/fepowl/XC665514.ogg,XC665514.ogg,fepowl,Ferruginous Pygmy Owl,Glaucidium brasilianum,val,93.672,0.0039345296,0.0028230161,0.2762454299210077,0.07343714821141671,4575.391544293921,544.7698081346211,3151.071345983541,167.03991797411547,6732.090627668659,460.0970153379126
train_audio/fepowl/iNat1598483.ogg,iNat1598483.ogg,fepowl,Ferruginous Pygmy Owl,Glaucidium brasilianum,val,24.914,0.018729279,0.008348993,0.03141359615693196,0.017886426031847747,1491.4172305329093,574.585681672011,2426.5122990266073,559.4990551621423,2841.934772143774,1567.6653615432838
train_audio/fepowl/iNat1347765.ogg,iNat1347765.ogg,fepowl,Ferruginous Pygmy Owl,Glaucidium brasilianum,val,18.11159375,0.0015853142,0.00080423953,0.1605371266287544,0.033514730381894675,3380.4925734057992,322.0727013632398,3061.302433667698,199.40940824040447,5750.621135159011,474.8751415822125
train_audio/fepowl/iNat1223549.ogg,iNat1223549.ogg,fepowl,Ferruginous Pygmy Owl,Glaucidium brasilianum,val,35.9198125,0.0044994676,0.0012368701,0.10403522584910913,0.057035383752992,4325.975616436631,812.6245683250542,4668.506488172844,223.6049631334975,10276.53118040089,868.8512658702213
train_audio/fepowl/iNat1306495.ogg,iNat1306495.ogg,fepowl,Ferruginous Pygmy Owl,Glaucidium brasilianum,val,9.766,0.0011097352,0.000722457,0.2961997174202128,0.0581153645628027,5957.852890206578,596.2794362917292,3851.6442862621047,176.3583695745498,9594.235883797053,396.1512779671169
train_audio/fepowl/iNat768993.ogg,iNat768993.ogg,fepowl,Ferruginous Pygmy Owl,Glaucidium brasilianum,val,28.18903125,0.019726174,0.0068982346,0.1084771389046538,0.05352171100741624,2720.518061132421,642.6259708759288,2589.819408841258,257.1884239381695,5524.129185584563,764.6171257737665
train_audio/fepowl/iNat791264.ogg,iNat791264.ogg,fepowl,Ferruginous Pygmy Owl,Glaucidium brasilianum,val,37.78134375,0.0035470817,0.0034472763,0.15704071794295088,0.06333080034023744,3356.9872563208096,593.2755354636286,2858.4740317583933,467.2682190516934,5503.764024132091,813.6880740678323
train_audio/fepowl/iNat150284.ogg,iNat150284.ogg,fepowl,Ferruginous Pygmy Owl,Glaucidium brasilianum,val,5.74796875,0.054486703,0.008740368,0.00828857421875,0.006601072465012999,1382.2407738759155,173.87118092004724,2354.1316455521182,161.34071589686437,3171.0069444444443,805.847535985473
train_audio/fepowl/XC445682.ogg,XC445682.ogg,fepowl,Ferruginous Pygmy Owl,Glaucidium brasilianum,val,32.1045,0.04401084,0.033898618,0.2919970532822621,0.09816549593333987,5245.854594583038,889.1570597723621,3367.591780117973,322.5028880275316,8616.537431489785,766.2370317338923
train_audio/fepowl/XC678380.ogg,XC678380.ogg,fepowl,Ferruginous Pygmy Owl,Glaucidium brasilianum,val,32.23509375,0.002496587,0.0016901265,0.40395713787220844,0.11569697609510012,6622.546712894997,988.8974985123679,4472.174134031216,232.28936273369777,11071.115074441688,287.9215511437477
train_audio/fepowl/iNat559429.ogg,iNat559429.ogg,fepowl,Ferruginous Pygmy Owl,Glaucidium brasilianum,val,3.99384375,0.047737237,0.046468027,0.149982421875,0.05099497052244668,3201.2484204261373,843.437074991037,2718.7175831995987,427.9400851540287,6084.875,1821.4271919637633
train_audio/fepowl/XC154972.ogg,XC154972.ogg,fepowl,Ferruginous Pygmy Owl,Glaucidium brasilianum,val,141.5575625,0.02553304,0.040364478,0.23208402940636302,0.06507729510421181,4665.971720766486,933.0373166697923,3479.3632071051984,348.4379273894899,7995.007699480108,1454.6464378379903
train_audio/fepowl/iNat586780.ogg,iNat586780.ogg,fepowl,Ferruginous Pygmy Owl,Glaucidium brasilianum,val,27.2138125,0.02385803,0.017826434,0.07404020153586126,0.053077125018434514,2210.2766956248465,776.7483430990935,2567.938064482788,402.3359327055684,4855.948706643151,1310.2338165469419
train_audio/fepowl/XC154976.ogg,XC154976.ogg,fepowl,Ferruginous Pygmy Owl,Glaucidium brasilianum,val,27.97715625,0.0055725574,0.0022799699,0.20223414495783304,0.03041909934957052,5026.199828927126,430.7500188101117,4201.369345340302,142.28396533542025,10509.442895940538,653.5541720467103
train_audio/fepowl/iNat30456.ogg,iNat30456.ogg,fepowl,Ferruginous Pygmy Owl,Glaucidium brasilianum,val,7.105,0.040483445,0.024018718,0.05062653616573034,0.037252726178419474,2750.727867796086,846.7935222572763,3685.039999528114,538.4839711054063,6517.907303370786,2340.0733692407607
train_audio/fepowl/iNat894982.ogg,iNat894982.ogg,fepowl,Ferruginous Pygmy Owl,Glaucidium brasilianum,val,41.7706875,0.0070527443,0.0064549483,0.06449894227546916,0.028455811922557854,1691.8968668006669,301.2230922603255,1939.4709308942925,405.76295907619794,3295.4088471849864,878.8263931456012
train_audio/fepowl/XC872236.ogg,XC872236.ogg,fepowl,Ferruginous Pygmy Owl,Glaucidium brasilianum,val,13.12,0.0660155,0.05295315,0.051651948842874544,0.024057948517723412,2016.4439719757768,284.9160016071207,3159.623459682219,196.0419225912427,3973.3366321559074,1037.5742460432741
train_audio/fepowl/iNat270825.ogg,iNat270825.ogg,fepowl,Ferruginous Pygmy Owl,Glaucidium brasilianum,val,22.19828125,0.013692647,0.0039441804,0.15642096879502881,0.07576375641689752,4069.9118357826956,530.2190444007255,3635.1694139423566,290.28272001697206,7630.527287463977,442.5823184664488
train_audio/fepowl/XC972225.ogg,XC972225.ogg,fepowl,Ferruginous Pygmy Owl,Glaucidium brasilianum,val,55.9715,0.17092723,0.061071925,0.16360101211953415,0.05403232951926006,5962.7611310434095,884.144966609657,5748.7044298605215,299.1571709674586,13952.15597313518,601.778825807076
train_audio/fepowl/XC707563.ogg,XC707563.ogg,fepowl,Ferruginous Pygmy Owl,Glaucidium brasilianum,val,49.536,0.027092118,0.044426575,0.23984415992290928,0.0640084316968918,4463.84574863253,597.6918123994172,2256.7585451000105,484.7667296245346,6323.614586696804,901.361054118422
train_audio/fepowl/iNat1540299.ogg,iNat1540299.ogg,fepowl,Ferruginous Pygmy Owl,Glaucidium brasilianum,val,36.3856875,0.007488186,0.010356437,0.41290886847527475,0.14429501632547126,6913.919616836277,1562.4410697868668,3484.558670202078,412.33156314466817,10539.793956043955,1332.703918479871
train_audio/fepowl/iNat630708.ogg,iNat630708.ogg,fepowl,Ferruginous Pygmy Owl,Glaucidium brasilianum,val,34.88,0.015816769,0.010595481,0.06000754921767538,0.03773181607953882,2036.132032325523,519.1094384620139,2565.7224437343184,221.48209869179442,4072.393684089867,985.3379107457307
train_audio/fepowl/XC288153.ogg,XC288153.ogg,fepowl,Ferruginous Pygmy Owl,Glaucidium brasilianum,val,54.23021875,0.009636325,0.014289513,0.19995477276917403,0.07773794673156471,4594.567266702231,905.9174917351367,3616.699074306259,402.18369234426035,8452.470501474927,1668.7037450380317
train_audio/fepowl/iNat55414.ogg,iNat55414.ogg,fepowl,Ferruginous Pygmy Owl,Glaucidium brasilianum,val,12.2026875,0.0009619391,0.0006367556,0.15426359764089123,0.06253813148111963,4313.89826819406,799.8260528420406,4115.5512591124425,356.1797717152108,9370.617627785059,1370.2673988514266
train_audio/fepowl/iNat77639.ogg,iNat77639.ogg,fepowl,Ferruginous Pygmy Owl,Glaucidium brasilianum,val,41.22121875,0.010541545,0.0058228453,0.2148657292879317,0.04975190215780168,4644.7628267485625,345.1683331881912,3735.6486433421724,117.14877658336675,8715.51828676756,660.6966769273454
train_audio/fepowl/XC298942.ogg,XC298942.ogg,fepowl,Ferruginous Pygmy Owl,Glaucidium brasilianum,val,36.4930625,0.0035825768,0.0048189294,0.2617241016138755,0.0605827518841328,5345.063785721021,634.0383481661992,4010.8563803795655,229.27725700441843,10191.671690048224,1074.767479051514
train_audio/fepowl/XC457513.ogg,XC457513.ogg,fepowl,Ferruginous Pygmy Owl,Glaucidium brasilianum,val,138.8930625,0.0012929334,0.00043579986,0.06507504940747033,0.022857928021814834,3589.3473701562016,390.1968160309267,4219.946207629853,251.74700182147072,8886.749798410321,966.6572195190707
train_audio/fepowl/XC964933.ogg,XC964933.ogg,fepowl,Ferruginous Pygmy Owl,Glaucidium brasilianum,val,51.84,0.011960592,0.016909534,0.15262472640581612,0.07623896428320706,3019.600938659734,1011.5440218197828,2320.549440342668,601.2111798842012,4950.270942610306,2152.4342245136077
train_audio/fepowl/XC389410.ogg,XC389410.ogg,fepowl,Ferruginous Pygmy Owl,Glaucidium brasilianum,val,60.672,0.004137459,0.0063842996,0.17748244607665437,0.03567375231475942,4246.5786484988585,828.6702629553232,3881.1268681706288,697.633687192061,8871.531439493805,2566.1887200982437
train_audio/fepowl/XC1034537.ogg,XC1034537.ogg,fepowl,Ferruginous Pygmy Owl,Glaucidium brasilianum,val,16.535,0.009778946,0.013572365,0.18565595910904256,0.053689883690035745,4103.057276539135,719.2980015903092,3522.038699785826,382.9139448556188,8035.586919729207,1548.0283146066645
train_audio/fepowl/iNat1738605.ogg,iNat1738605.ogg,fepowl,Ferruginous Pygmy Owl,Glaucidium brasilianum,val,0.288,0.51027495,0.11474086,0.14013671875,0.029185300147608614,2728.6902096188023,195.83552957836596,2318.921064825142,323.466278990985,3588.815789473684,177.21610157823486
train_audio/fepowl/iNat1254911.ogg,iNat1254911.ogg,fepowl,Ferruginous Pygmy Owl,Glaucidium brasilianum,val,9.31121875,0.0053141364,0.004994252,0.5099451648410653,0.1700005312160961,9229.445625291712,2176.2777059508826,4177.904228712338,1296.3694258317396,12986.093213058419,2438.6798640419847
train_audio/fepowl/iNat311853.ogg,iNat311853.ogg,fepowl,Ferruginous Pygmy Owl,Glaucidium brasilianum,val,14.976,0.0016739442,0.001682222,0.14167920807764142,0.08945636258162461,3290.5249870484477,927.7027446977135,2911.3175296654035,431.4487904390711,6192.736125933831,931.8319036424027
train_audio/fepowl/iNat562444.ogg,iNat562444.ogg,fepowl,Ferruginous Pygmy Owl,Glaucidium brasilianum,val,27.1716875,0.0010771329,0.00036922196,0.1398958831481754,0.10451251972204853,4513.049759519406,1094.0800195831782,4532.9041512611175,240.66938913557732,10592.876324308416,689.2488566589659
train_audio/fepowl/iNat367044.ogg,iNat367044.ogg,fepowl,Ferruginous Pygmy Owl,Glaucidium brasilianum,val,37.95375,0.0054009985,0.0054827784,0.10750150620259166,0.04362022379434607,3536.603700383287,915.8499193784851,4190.447103186078,800.2472577964277,8723.615939738727,2963.7493867013186
train_audio/fepowl/XC925406.ogg,XC925406.ogg,fepowl,Ferruginous Pygmy Owl,Glaucidium brasilianum,val,12.744,0.029839931,0.008354204,0.034641624843161856,0.023904339430128724,1236.4279960980728,378.3274183996158,1570.0342674151684,214.1526540075898,2614.5114491844415,685.7154036564077
train_audio/fepowl/iNat191834.ogg,iNat191834.ogg,fepowl,Ferruginous Pygmy Owl,Glaucidium brasilianum,val,12.8,0.0029214604,0.0008369637,0.06671043519818977,0.020537400788405484,2254.1335938416373,296.52763639483976,2748.2388436986184,216.37029562864296,5636.313982521848,814.6810959627674
train_audio/fepowl/iNat1228967.ogg,iNat1228967.ogg,fepowl,Ferruginous Pygmy Owl,Glaucidium brasilianum,val,6.30565625,0.0162291,0.0029487223,0.5127212717563291,0.02517650782279121,7614.7609846416835,255.06194600914802,2518.446463331313,232.48433497326377,9309.493670886075,134.06918305866665
train_audio/fepowl/iNat380251.ogg,iNat380251.ogg,fepowl,Ferruginous Pygmy Owl,Glaucidium brasilianum,val,8.34134375,0.007768745,0.005125841,0.049267765205938695,0.032708566302476365,1914.279153817631,776.450985498699,2992.160367606748,851.3696044539165,3685.9734195402298,2145.3799338918566
train_audio/fepowl/XC335889.ogg,XC335889.ogg,fepowl,Ferruginous Pygmy Owl,Glaucidium brasilianum,val,15.56896875,0.008734525,0.0020895023,0.3359129355428645,0.037088170339314136,5265.34047677891,323.88983292119576,3298.3450513749654,188.45475624099336,7718.012063655031,944.4824978272514
train_audio/fepowl/XC837948.ogg,XC837948.ogg,fepowl,Ferruginous Pygmy Owl,Glaucidium brasilianum,val,15.75184375,0.008245824,0.0010335452,0.2868178934010152,0.016084308264734337,4723.378886624189,234.76732627813664,2593.0008391699625,160.94905748648648,6145.494923857868,422.6921243102694
train_audio/fepowl/iNat943669.ogg,iNat943669.ogg,fepowl,Ferruginous Pygmy Owl,Glaucidium brasilianum,val,3.92,0.0015710442,0.0018353898,0.12148477197662602,0.0651577952738621,3143.615704458703,1017.6928766665576,3354.7790471405606,610.6017020733515,5846.417682926829,1714.1889168020866
train_audio/fepowl/XC338179.ogg,XC338179.ogg,fepowl,Ferruginous Pygmy Owl,Glaucidium brasilianum,val,8.64653125,0.038717754,0.05962469,0.17327034715804066,0.059317274896302855,3936.777116116198,945.4176046925728,3513.522042489181,594.3339865124719,7388.054528650647,2000.6811264572625
train_audio/fepowl/XC993149.ogg,XC993149.ogg,fepowl,Ferruginous Pygmy Owl,Glaucidium brasilianum,val,17.9178125,0.02044838,0.006885471,0.177783203125,0.03544164439307829,4419.738869425951,226.95958712668875,3519.267444506708,73.4964793137962,8675.82310267857,342.09584882245565
train_audio/fepowl/iNat312427.ogg,iNat312427.ogg,fepowl,Ferruginous Pygmy Owl,Glaucidium brasilianum,val,46.95075,0.018087238,0.009302499,0.0443108163862862,0.055623982149564585,2039.6325854715203,894.5613136272827,3054.465237373841,428.8915611119654,4160.274701873936,1701.2095048568742
train_audio/fepowl/XC539274.ogg,XC539274.ogg,fepowl,Ferruginous Pygmy Owl,Glaucidium brasilianum,val,44.472,0.001702279,0.0018420593,0.13625909819019785,0.06286446179935488,3740.5184693062047,747.169607415573,3478.4196028369674,473.72133266332537,7771.279226618705,1267.1003188414936
train_audio/fepowl/iNat655375.ogg,iNat655375.ogg,fepowl,Ferruginous Pygmy Owl,Glaucidium brasilianum,val,25.573,0.045464482,0.034869038,0.2041989744566917,0.06613773596277199,3706.156392900678,695.0854149527917,2862.534634376127,436.6426160919833,5994.977329580988,1738.637270730095
train_audio/fepowl/XC513565.ogg,XC513565.ogg,fepowl,Ferruginous Pygmy Owl,Glaucidium brasilianum,val,6.672,0.012174242,0.013158373,0.10024951405502393,0.06026689014826329,2709.082943420907,1032.3792714804995,2641.3220184033553,883.4318333187946,4712.208433014354,2225.694743297038
train_audio/fepowl/XC974326.ogg,XC974326.ogg,fepowl,Ferruginous Pygmy Owl,Glaucidium brasilianum,val,16.431,0.0163846,0.013780377,0.21901767511562803,0.06277556316315815,3983.899064952109,663.8452001498292,2927.7296370187214,390.1081658348332,7414.617818889971,976.3242409905026
train_audio/fepowl/XC704508.ogg,XC704508.ogg,fepowl,Ferruginous Pygmy Owl,Glaucidium brasilianum,val,8.69878125,0.010297044,0.02388436,0.2543397791245404,0.1469905592029286,6134.156530028036,1678.6030338847345,4329.36766823776,411.8178909603552,10780.014935661764,1936.8042365636031
train_audio/fepowl/iNat865584.ogg,iNat865584.ogg,fepowl,Ferruginous Pygmy Owl,Glaucidium brasilianum,val,26.88,0.0037126464,0.0013158339,0.17982866876115408,0.007543650025667116,2491.232465256618,151.3701644021546,938.6060688606469,95.45810265599684,3045.332019631172,35.188344372332786
train_audio/fepowl/iNat1658258.ogg,iNat1658258.ogg,fepowl,Ferruginous Pygmy Owl,Glaucidium brasilianum,val,19.9466875,0.008807174,0.009532221,0.07002665772854852,0.0271265148762966,2036.459267022744,661.7556389559163,2441.794021191139,624.1526160221108,3671.925120288693,1798.4195113187152
train_audio/fepowl/XC522122.ogg,XC522122.ogg,fepowl,Ferruginous Pygmy Owl,Glaucidium brasilianum,val,19.40896875,0.06777378,0.05925273,0.15597730256383854,0.04955075786975872,3434.2884742431297,486.42513047300463,2851.320353212533,448.9361784179878,5479.599979406919,880.2599744161976
train_audio/fepowl/XC206793.ogg,XC206793.ogg,fepowl,Ferruginous Pygmy Owl,Glaucidium brasilianum,val,61.128,0.023930773,0.029355003,0.16267292389099713,0.04632199036763698,3493.8442477351437,485.84780712066475,3181.7646596608965,251.0921949063008,6952.777414289453,985.5777396677773
train_audio/fepowl/iNat1266790.ogg,iNat1266790.ogg,fepowl,Ferruginous Pygmy Owl,Glaucidium brasilianum,val,31.76484375,0.026174936,0.0139291985,0.09065115968026183,0.04683065690443598,2813.0195550925137,704.8365817845456,3250.177851492048,280.6277737557339,6090.673778952669,1154.2941054722373
train_audio/fepowl/XC289241.ogg,XC289241.ogg,fepowl,Ferruginous Pygmy Owl,Glaucidium brasilianum,test,32.20896875,0.104109615,0.020252317,0.22180139414721947,0.029963748581906324,4988.42441247231,273.497279096301,3570.882899188088,93.74746151524472,9431.642564548163,433.57419244394106
train_audio/fepowl/XC334747.ogg,XC334747.ogg,fepowl,Ferruginous Pygmy Owl,Glaucidium brasilianum,test,28.9436875,0.0132190995,0.021908274,0.2039798295847153,0.08136970884930575,3913.2886941414927,989.8871923828319,2248.2171261949306,422.598250805428,6041.252072968491,1103.8318807814092
train_audio/fepowl/XC85152.ogg,XC85152.ogg,fepowl,Ferruginous Pygmy Owl,Glaucidium brasilianum,test,36.10121875,0.05553948,0.03469122,0.3179751536885246,0.08411400304186706,4996.9651271481935,555.4362385517876,2423.2905495282866,220.88623929924543,7928.569450598139,529.9343108780133
train_audio/fepowl/iNat308577.ogg,iNat308577.ogg,fepowl,Ferruginous Pygmy Owl,Glaucidium brasilianum,test,43.7928125,0.0007052811,0.00039878156,0.1210438161979547,0.04937715226436245,3930.3297541505017,799.4378290756525,4386.904522924095,522.9145378894062,9594.149470416362,1700.8343897023078
train_audio/fepowl/XC329992.ogg,XC329992.ogg,fepowl,Ferruginous Pygmy Owl,Glaucidium brasilianum,test,14.208,0.051567335,0.017586324,0.09734427727784027,0.040677882608815566,2657.4853877433466,674.8295316238905,3106.4510610941684,158.46958376175502,6631.30975815523,701.0720692065595
train_audio/fepowl/iNat1734616.ogg,iNat1734616.ogg,fepowl,Ferruginous Pygmy Owl,Glaucidium brasilianum,test,40.1493125,0.0015299647,0.0016852985,0.18391336995766933,0.07330169183045468,3558.515665600336,904.176094189246,3218.1193015660315,454.9402360179071,5832.924551792828,1330.5279911561606
train_audio/fepowl/iNat450214.ogg,iNat450214.ogg,fepowl,Ferruginous Pygmy Owl,Glaucidium brasilianum,test,13.568,0.0011624227,0.001024298,0.07055980381330977,0.01136416735541016,1284.5482413052193,116.04450483935892,925.8168031088684,197.17825849808628,2247.6074793875146,523.0071210049774
train_audio/fepowl/iNat507595.ogg,iNat507595.ogg,fepowl,Ferruginous Pygmy Owl,Glaucidium brasilianum,test,7.15,0.005501156,0.0024174282,0.14676401705816555,0.044468873432609975,3608.2582134199974,613.0325273584319,3423.9250599979755,451.80779027347404,7531.564597315436,1138.8619448463405
train_audio/fepowl/iNat1645527.ogg,iNat1645527.ogg,fepowl,Ferruginous Pygmy Owl,Glaucidium brasilianum,test,20.31746875,0.005806414,0.0039222254,0.26975616695374016,0.04889982189182406,4765.169760165095,387.96395426567517,3379.3053134718843,420.3948783260992,7640.403543307087,1502.1165544840924
train_audio/fepowl/iNat474410.ogg,iNat474410.ogg,fepowl,Ferruginous Pygmy Owl,Glaucidium brasilianum,test,15.1466875,0.013780777,0.018127775,0.09632804250263992,0.025533950534220095,3096.4621899942763,818.6423238231172,3705.9853963342143,659.6974234102231,6921.61100844773,2814.9653032021843
train_audio/fepowl/XC278260.ogg,XC278260.ogg,fepowl,Ferruginous Pygmy Owl,Glaucidium brasilianum,test,85.681625,0.022427728,0.049103186,0.2230544599514563,0.06894879344980978,4710.6884128303545,996.9604232990883,3510.4775660390387,485.4171202796403,8727.102198469007,2234.407381775192
train_audio/fepowl/iNat620100.ogg,iNat620100.ogg,fepowl,Ferruginous Pygmy Owl,Glaucidium brasilianum,test,25.103,0.02402366,0.008636487,0.04250661000239006,0.021009588861695103,1552.5588259315819,308.64503949110843,2361.5066150212197,196.14692728225543,2765.376035691523,587.4270491478491
train_audio/fepowl/XC769543.ogg,XC769543.ogg,fepowl,Ferruginous Pygmy Owl,Glaucidium brasilianum,test,47.490625,0.009783465,0.012362991,0.20458655455330077,0.079016134236804,4386.590474292794,967.9576867159276,3434.889218451397,562.5337362984327,8214.008294038396,1834.4020112059309
train_audio/fepowl/XC727674.ogg,XC727674.ogg,fepowl,Ferruginous Pygmy Owl,Glaucidium brasilianum,test,12.288,0.046713516,0.06402042,0.11878187479681404,0.06584620523899977,2618.640680603957,1060.6089513866943,2012.3453651948146,653.1695829604712,4248.374512353706,2152.927239781343
train_audio/fepowl/iNat133178.ogg,iNat133178.ogg,fepowl,Ferruginous Pygmy Owl,Glaucidium brasilianum,test,19.1796875,0.0015875589,0.00031100353,0.06345579323915763,0.016860965251849117,2911.084651043476,239.24694946126212,3838.11540042773,145.27450811152892,6971.838511259383,777.4163332676594
train_audio/fepowl/XC896915.ogg,XC896915.ogg,fepowl,Ferruginous Pygmy Owl,Glaucidium brasilianum,test,9.0395,0.005336298,0.0010861189,0.05204905282079646,0.021713622170690127,2962.0268324713784,671.2149046098971,3935.705670368668,483.41753060431034,7757.826327433629,2269.086294978217
train_audio/fepowl/XC695940.ogg,XC695940.ogg,fepowl,Ferruginous Pygmy Owl,Glaucidium brasilianum,test,33.358375,0.05166865,0.07633477,0.1327712829736211,0.04208349377467115,3108.1949128746146,835.0670965338513,2784.7591185847264,751.009434919622,5650.756894484412,2377.1532373994455
train_audio/fepowl/iNat349682.ogg,iNat349682.ogg,fepowl,Ferruginous Pygmy Owl,Glaucidium brasilianum,test,7.27778125,0.054895665,0.017323049,0.047967462225274725,0.014934084705958863,1457.131284061284,154.34116201733116,2026.43748003306,189.98869970318123,2822.561813186813,577.6334972995261
train_audio/fepowl/XC461377.ogg,XC461377.ogg,fepowl,Ferruginous Pygmy Owl,Glaucidium brasilianum,test,61.8,0.056228526,0.044789623,0.2471810384578048,0.0719465241438549,4040.077702182338,570.8936418091085,2248.3327372675894,207.10938650970962,6201.418101216671,305.0517432407262
train_audio/fepowl/iNat187679.ogg,iNat187679.ogg,fepowl,Ferruginous Pygmy Owl,Glaucidium brasilianum,test,19.416,0.000847548,0.00048543184,0.06785460319707579,0.04515427420641272,2134.921836016196,633.0458730973974,2701.8385227593376,350.9868722168812,4756.010605436573,1341.219828889035
train_audio/fepowl/XC306539.ogg,XC306539.ogg,fepowl,Ferruginous Pygmy Owl,Glaucidium brasilianum,test,29.152,0.06014117,0.072333954,0.22719916732377948,0.11323767851943635,4657.380858342324,1439.599610470824,3715.719241923429,452.5475140281995,8528.010148107514,1960.8913958685011
train_audio/fepowl/iNat1221865.ogg,iNat1221865.ogg,fepowl,Ferruginous Pygmy Owl,Glaucidium brasilianum,test,6.27778125,0.025829628,0.014026428,0.2816078244274809,0.04147316952108494,5049.234215084837,266.4980940544815,3093.984888975096,300.08784153628903,6465.688613231552,250.21101926067055
train_audio/fepowl/iNat1266742.ogg,iNat1266742.ogg,fepowl,Ferruginous Pygmy Owl,Glaucidium brasilianum,test,7.543625,0.13631795,0.06742084,0.08501680018538135,0.051809344776962064,4498.808822651836,561.8104000331996,4090.398593171155,223.698790233785,9401.019597457627,1110.0390013690173
train_audio/fepowl/XC373636.ogg,XC373636.ogg,fepowl,Ferruginous Pygmy Owl,Glaucidium brasilianum,test,40.48978125,0.0036714962,0.00512476,0.15839334440438563,0.053154218364422016,2854.4175428141066,692.4202471863329,2024.1312901713043,554.8955092806699,4360.183721849072,1342.5467233051681
train_audio/fepowl/iNat1702669.ogg,iNat1702669.ogg,fepowl,Ferruginous Pygmy Owl,Glaucidium brasilianum,test,19.52459375,0.009172393,0.008612117,0.1803137476965602,0.08908641263842267,3283.696282062759,1111.5867366283526,2121.0592678213447,301.28629651852424,5488.623566748567,1349.4537679727973
train_audio/fepowl/XC131328.ogg,XC131328.ogg,fepowl,Ferruginous Pygmy Owl,Glaucidium brasilianum,test,89.808,0.024549143,0.00936264,0.1492655950803794,0.027710871363941184,2709.1992579302187,270.6615137837507,1957.8185092092915,243.89667992516527,4216.097590844318,666.6812821046634
train_audio/fepowl/iNat474409.ogg,iNat474409.ogg,fepowl,Ferruginous Pygmy Owl,Glaucidium brasilianum,test,5.312,0.011666762,0.0074852942,0.07836107591966968,0.043945207896241595,2421.623520603097,679.9158636931916,2983.539614102147,459.8759449417936,4048.9395645645645,1554.603777763058
train_audio/fepowl/XC2220.ogg,XC2220.ogg,fepowl,Ferruginous Pygmy Owl,Glaucidium brasilianum,test,21.47265625,0.04809884,0.030723928,0.1569437011355175,0.04219922203425313,3809.4667598919696,626.211105040755,3383.285409210556,462.22697108402156,6545.9791511541325,1516.9987710503237
train_audio/fepowl/XC257751.ogg,XC257751.ogg,fepowl,Ferruginous Pygmy Owl,Glaucidium brasilianum,test,36.28409375,0.036863934,0.035972405,0.20109286299878748,0.07096976876096245,4007.373571040388,743.0808712055806,3120.1230648570495,275.2539643623047,7650.028935185185,1214.6427564360056
train_audio/fepowl/XC621028.ogg,XC621028.ogg,fepowl,Ferruginous Pygmy Owl,Glaucidium brasilianum,test,28.56,0.024107352,0.012124069,0.2723351763717805,0.0815878253396831,4726.372224815732,828.4587364737054,3220.925336100483,257.69284155274033,6803.987611982083,877.0562324210972
train_audio/fepowl/iNat353491.ogg,iNat353491.ogg,fepowl,Ferruginous Pygmy Owl,Glaucidium brasilianum,test,15.768,0.0013534796,0.0018699546,0.1483894642177992,0.07616918215730943,3679.22854970513,1133.6123881777398,3645.7660861001596,529.3958397848168,7131.703220081136,2043.1121790356085
train_audio/fepowl/iNat918734.ogg,iNat918734.ogg,fepowl,Ferruginous Pygmy Owl,Glaucidium brasilianum,test,8.77765625,0.01964596,0.010622441,0.15882036942167577,0.062156388290748786,4151.66748973572,500.4621133517523,3740.1147175234187,141.95061508938772,8493.482468123862,667.1519293540695
train_audio/fepowl/iNat1276296.ogg,iNat1276296.ogg,fepowl,Ferruginous Pygmy Owl,Glaucidium brasilianum,test,5.92109375,0.0074043996,0.0014784063,0.04416905323450135,0.027090327968791218,1898.7332827946386,561.9527170452911,2800.2369784198663,344.14956712026134,4032.6398247978436,1689.894241051568
train_audio/fepowl/iNat51539.ogg,iNat51539.ogg,fepowl,Ferruginous Pygmy Owl,Glaucidium brasilianum,test,36.696,0.07220568,0.067351826,0.05744839629195728,0.04501608660937874,3340.800407517745,939.739651985904,3845.723838023423,449.8567428315171,7326.020324760244,1813.074677651821
train_audio/fepowl/iNat1373382.ogg,iNat1373382.ogg,fepowl,Ferruginous Pygmy Owl,Glaucidium brasilianum,test,21.194,0.0025063928,0.001461192,0.04013082252358491,0.01845415118855928,2362.7974522986033,432.2794975369152,3688.689209299515,358.26254735841485,5761.426886792453,1896.1358047967685
train_audio/fepowl/iNat874919.ogg,iNat874919.ogg,fepowl,Ferruginous Pygmy Owl,Glaucidium brasilianum,test,8.82359375,0.0037530402,0.0021093052,0.20378754104393115,0.06932787218573866,3477.1510716770276,681.9062219782842,3108.062443875633,376.1948843923915,6330.899003623188,963.9903146295824
train_audio/fepowl/iNat636504.ogg,iNat636504.ogg,fepowl,Ferruginous Pygmy Owl,Glaucidium brasilianum,test,4.64396875,0.0049181883,0.0022479217,0.02572117966065292,0.018603320210595232,1336.241151787409,585.7486365284802,2794.6681368402224,621.9912252852109,2020.0816151202748,2305.884946591471
train_audio/fepowl/XC401020.ogg,XC401020.ogg,fepowl,Ferruginous Pygmy Owl,Glaucidium brasilianum,test,53.55103125,0.0041549667,0.0065489644,0.168394446052435,0.06929421587224832,3939.555117335129,1234.2306369580842,3052.4105169717154,793.8558485522757,7366.265498954287,2831.3503655837
train_audio/fepowl/iNat1221767.ogg,iNat1221767.ogg,fepowl,Ferruginous Pygmy Owl,Glaucidium brasilianum,test,6.16534375,0.018013647,0.007866783,0.029304464863989636,0.019023203872833162,1325.8756255033732,505.4052287384443,2378.9050135367634,545.7121136618953,2623.461787564767,2070.916356460026
train_audio/fepowl/XC547130.ogg,XC547130.ogg,fepowl,Ferruginous Pygmy Owl,Glaucidium brasilianum,test,21.629375,0.050625198,0.07342324,0.21413119163738906,0.08252495027694742,4789.07815342889,1119.861918606632,4597.222147563112,651.5711716053597,11016.480214497042,2912.80719877797
train_audio/fepowl/iNat306689.ogg,iNat306689.ogg,fepowl,Ferruginous Pygmy Owl,Glaucidium brasilianum,test,5.664,0.00067764276,0.00050704385,0.03785898987676056,0.03698641606404577,1752.2930797751685,627.1370617877858,2725.72830246766,290.76635786442733,3413.68838028169,1136.2457978573266
train_audio/fepowl/XC1950.ogg,XC1950.ogg,fepowl,Ferruginous Pygmy Owl,Glaucidium brasilianum,test,20.68896875,0.029456947,0.025798624,0.18389939745942813,0.032359401921193076,3947.315919005169,477.24360494314266,3592.3787590976835,256.13816206498683,7653.991982225657,1057.1863354815255
train_audio/fepowl/iNat412172.ogg,iNat412172.ogg,fepowl,Ferruginous Pygmy Owl,Glaucidium brasilianum,test,17.544,0.0067595476,0.00785099,0.19604692485186873,0.07918200092526657,4198.400796164907,862.4990730048619,3097.691499889989,703.5528283665941,6926.860186873291,1592.6018995254142
train_audio/fepowl/XC699107.ogg,XC699107.ogg,fepowl,Ferruginous Pygmy Owl,Glaucidium brasilianum,test,19.032,0.0032473695,0.0027270517,0.33158482142857143,0.09363114894286899,6218.518111935601,944.1554748618928,3122.243889245135,244.5029361864669,9698.72636554622,551.9498725400522
train_audio/fepowl/iNat474405.ogg,iNat474405.ogg,fepowl,Ferruginous Pygmy Owl,Glaucidium brasilianum,test,33.42934375,0.010843374,0.017040847,0.14474478543660288,0.05854577472470234,4078.150450358119,1230.305523134932,4080.129886922547,830.048587016599,9052.474581339713,3486.9270379164113
train_audio/fepowl/iNat1315123.ogg,iNat1315123.ogg,fepowl,Ferruginous Pygmy Owl,Glaucidium brasilianum,test,19.87546875,0.016482683,0.0056984075,0.08630636250502816,0.019082646288584793,2086.9491924741833,310.23357560890815,2640.38929995252,239.55780126290188,5726.782481898633,1109.1536242135844
train_audio/fepowl/iNat516281.ogg,iNat516281.ogg,fepowl,Ferruginous Pygmy Owl,Glaucidium brasilianum,test,3.68,0.0053244247,0.002994126,0.08687812838203464,0.07900627936667193,2853.329450347093,1211.2223106870185,3360.3726192171225,386.2948079013477,6267.180735930736,1769.3543816410433
train_audio/fepowl/XC901517.ogg,XC901517.ogg,fepowl,Ferruginous Pygmy Owl,Glaucidium brasilianum,test,9.769,0.049553502,0.059685472,0.10584674841448445,0.05048720567493151,3577.243272066422,774.0928485521358,3600.8326780673387,806.1114956180679,7189.494680851064,2862.1914484542585
train_audio/fepowl/XC964453.ogg,XC964453.ogg,fepowl,Ferruginous Pygmy Owl,Glaucidium brasilianum,test,125.99471875,0.044887174,0.055578172,0.23258289930555556,0.06086807974832841,4143.26673451382,775.9110149926477,2719.5607742041398,288.3242323465882,5922.7182539682535,891.0342811935076
train_audio/fepowl/iNat399173.ogg,iNat399173.ogg,fepowl,Ferruginous Pygmy Owl,Glaucidium brasilianum,test,20.68896875,0.01190223,0.006022392,0.08814872729907264,0.07231133329611292,2787.404432832416,989.9634810803653,3075.168191057495,332.17844529899014,6032.8318199381765,1583.3014352684265
train_audio/fepowl/XC453557.ogg,XC453557.ogg,fepowl,Ferruginous Pygmy Owl,Glaucidium brasilianum,test,55.51021875,0.02316312,0.0032700426,0.1101181162193804,0.027094637412107547,3622.2699515339386,342.5832860230081,3211.0691587129904,202.4476563604721,6636.279719020173,614.9413844342164
train_audio/fepowl/iNat179597.ogg,iNat179597.ogg,fepowl,Ferruginous Pygmy Owl,Glaucidium brasilianum,test,11.0526875,0.0045757247,0.0058616493,0.35644107272069464,0.14490677750883663,5777.024270289952,1687.069407344675,3401.8500445027285,603.5067712094287,8583.303183791606,1846.3182465492005
train_audio/fepowl/iNat1615389.ogg,iNat1615389.ogg,fepowl,Ferruginous Pygmy Owl,Glaucidium brasilianum,test,12.72,0.009376345,0.007372211,0.12239174387562814,0.053638189912938394,3150.0129134746494,688.8039271811145,3154.474999901428,355.97117026833735,6353.466551507538,1354.1198650574574
train_audio/fepowl/XC827048.ogg,XC827048.ogg,fepowl,Ferruginous Pygmy Owl,Glaucidium brasilianum,test,40.777,0.0051056077,0.005200149,0.1365480718541585,0.04268074997430982,2513.01407636244,417.28016973997245,1545.1717936066655,171.3609865398959,3852.4114848960376,449.76891799589265
train_audio/fepowl/iNat400148.ogg,iNat400148.ogg,fepowl,Ferruginous Pygmy Owl,Glaucidium brasilianum,test,28.699875,0.0017668294,0.001936713,0.18174377917711818,0.05508384323233262,4422.5094578542785,563.742784418017,3732.7737479749217,386.58850493607287,8781.058389074693,1133.894328688632
train_audio/fepowl/XC927195.ogg,XC927195.ogg,fepowl,Ferruginous Pygmy Owl,Glaucidium brasilianum,test,61.896,0.0058091874,0.007581809,0.1599172206157922,0.04456523687380252,3925.6799386725534,858.7377979586098,3382.7058997705058,607.9182647026714,7449.813420780563,2385.724737381756
train_audio/fepowl/XC361343.ogg,XC361343.ogg,fepowl,Ferruginous Pygmy Owl,Glaucidium brasilianum,test,36.20571875,0.061550625,0.03162443,0.12235793022260275,0.05778881225878836,3869.643618070261,827.0906506873168,3635.654399385397,284.0377655239876,7827.268835616438,286.46808007835915
train_audio/fepowl/iNat163637.ogg,iNat163637.ogg,fepowl,Ferruginous Pygmy Owl,Glaucidium brasilianum,test,28.536,0.024100853,0.012135484,0.2723396882882567,0.08142547406418046,4727.148021270001,820.7991087984657,3221.273706908667,256.6873822658455,6805.563340807175,870.8906643727521
train_audio/fepowl/XC540656.ogg,XC540656.ogg,fepowl,Ferruginous Pygmy Owl,Glaucidium brasilianum,test,27.552,0.004724157,0.0066317813,0.2693252253518572,0.08937572904386272,4985.771337795097,1259.6915880519737,2328.0923199812273,751.4031146235949,6785.394297736506,1687.9562085682696
train_audio/fepowl/XC447872.ogg,XC447872.ogg,fepowl,Ferruginous Pygmy Owl,Glaucidium brasilianum,test,88.9730625,0.0047991346,0.008550816,0.16111735889453335,0.03594566982988474,3392.242191762114,734.2402956866251,2469.0130278303604,737.2616293268376,5403.0131720913505,2105.3494370977546
train_audio/fepowl/iNat1034869.ogg,iNat1034869.ogg,fepowl,Ferruginous Pygmy Owl,Glaucidium brasilianum,test,22.45371875,0.004699088,0.0057072584,0.0998340400195869,0.04288638339498655,3205.855154876765,727.5778133598163,3454.2011273959965,443.69323647433276,6873.66452991453,1604.4327491321035
train_audio/fepowl/XC738931.ogg,XC738931.ogg,fepowl,Ferruginous Pygmy Owl,Glaucidium brasilianum,test,15.09878125,0.006499094,0.01534155,0.2450023586467161,0.0931343236805625,5017.191428001354,1159.0978019711965,3777.878700253416,697.4275573897974,9296.84189618644,2143.8404204699295
train_audio/fepowl/XC549579.ogg,XC549579.ogg,fepowl,Ferruginous Pygmy Owl,Glaucidium brasilianum,test,15.49,0.0072106156,0.0071782977,0.31062145252837975,0.10728258559507264,5918.154482118189,1558.6042543246106,3827.6411819430637,439.82752175205127,9763.238519091847,2691.368937059126
train_audio/fepowl/iNat329872.ogg,iNat329872.ogg,fepowl,Ferruginous Pygmy Owl,Glaucidium brasilianum,test,39.98475,0.0041095843,0.0024329317,0.0863609375,0.021122385236545957,3320.380903079493,443.75781141021224,4169.980971481312,283.8391935042096,8308.2,1307.4007589010341
train_audio/fepowl/XC168393.ogg,XC168393.ogg,fepowl,Ferruginous Pygmy Owl,Glaucidium brasilianum,test,37.30284375,0.0031722556,0.0077282838,0.12085379703580618,0.05527666059941656,3166.8936168250234,706.3016266073837,3310.069716714039,552.1886345949334,6194.280660377359,1602.6946665490698
train_audio/fepowl/iNat60700.ogg,iNat60700.ogg,fepowl,Ferruginous Pygmy Owl,Glaucidium brasilianum,test,11.441625,0.008014288,0.010283922,0.08939093051675978,0.015263845328718521,2957.811755118609,429.9405594111311,3417.1871886054014,433.4279826739406,6497.293994413408,1452.70098378553
train_audio/fepowl/iNat182842.ogg,iNat182842.ogg,fepowl,Ferruginous Pygmy Owl,Glaucidium brasilianum,test,6.0604375,0.004988895,0.0051429174,0.10014918989116095,0.03255122658093994,2697.715242740519,717.6485992211498,2935.003165564739,712.3139342887831,5064.355211081795,1315.520728253743
train_audio/fepowl/iNat581441.ogg,iNat581441.ogg,fepowl,Ferruginous Pygmy Owl,Glaucidium brasilianum,test,23.744,0.004104894,0.0013158986,0.09685757312710437,0.06588419130806707,2080.9315615393148,748.9207452355647,1954.3311170171726,385.8381342746874,4285.069444444444,1280.2928095579027
train_audio/fepowl/XC933715.ogg,XC933715.ogg,fepowl,Ferruginous Pygmy Owl,Glaucidium brasilianum,test,10.318,0.007703892,0.0021642135,0.021706940406976745,0.014508552535136339,1141.221020174515,344.5654785250822,1859.9617177780804,232.1283273768379,2347.7228682170544,858.5203865423508
train_audio/fepowl/XC368927.ogg,XC368927.ogg,fepowl,Ferruginous Pygmy Owl,Glaucidium brasilianum,test,10.752,0.002191913,0.0017869156,0.24689473439821694,0.1045057733076806,5350.1324850866,977.9427176744168,4339.069929146826,315.9218099618797,10585.113298662704,1868.2720792879697
train_audio/fepowl/XC289243.ogg,XC289243.ogg,fepowl,Ferruginous Pygmy Owl,Glaucidium brasilianum,test,46.001625,0.08694915,0.023494594,0.15621095108223226,0.01781748005137207,3595.081910163578,208.89938490424873,2721.7596453839788,104.6928582400502,5754.042072322671,444.69811473471395
train_audio/fepowl/XC389256.ogg,XC389256.ogg,fepowl,Ferruginous Pygmy Owl,Glaucidium brasilianum,test,10.464,0.038958468,0.033021007,0.034190124045801525,0.03809989669269055,2353.2223284334436,848.0904863614685,3486.92032427787,487.2900717463379,5507.609732824428,2262.821264622041
train_audio/fepowl/iNat171418.ogg,iNat171418.ogg,fepowl,Ferruginous Pygmy Owl,Glaucidium brasilianum,test,10.0298125,0.004783337,0.002530404,0.10609876520135567,0.1503870158314992,3095.0083528077075,1740.2317121681047,3588.5647669182854,424.519737665889,6858.253588516746,2353.606150870225
train_audio/fepowl/iNat987352.ogg,iNat987352.ogg,fepowl,Ferruginous Pygmy Owl,Glaucidium brasilianum,test,9.26440625,0.0035767425,0.0008518366,0.08960045123922414,0.06400936672259139,3040.6131609242184,937.2578320346472,3555.8857811744692,352.42598196251316,6868.372844827586,1475.4640741478454
train_audio/fepowl/iNat1145109.ogg,iNat1145109.ogg,fepowl,Ferruginous Pygmy Owl,Glaucidium brasilianum,test,20.401625,0.009546255,0.013653102,0.15493363048589343,0.05646733573530045,4162.512328356036,896.272650212094,3951.298940548628,513.3445549977168,8929.79770768025,2026.0901983279316
train_audio/fepowl/XC192201.ogg,XC192201.ogg,fepowl,Ferruginous Pygmy Owl,Glaucidium brasilianum,test,40.416,0.003906515,0.002225564,0.21128047555154333,0.05513046337524215,4065.7429687431004,542.3318142915944,3317.438336547024,229.1922099714313,7059.6928175702415,1077.1275808798332
train_audio/fepowl/iNat786478.ogg,iNat786478.ogg,fepowl,Ferruginous Pygmy Owl,Glaucidium brasilianum,test,32.32653125,0.018988935,0.009820346,0.04808060288842157,0.05187344268236905,2011.0155060440406,778.0104647334177,3064.636314530007,371.28009784609026,3710.500680356259,1502.8552808976945
train_audio/fepowl/iNat19410.ogg,iNat19410.ogg,fepowl,Ferruginous Pygmy Owl,Glaucidium brasilianum,test,21.952,0.002944499,0.0008817825,0.028707594569373635,0.015073089151058518,2528.7141057468884,371.5139277733195,3813.0192393998377,183.10955753288184,6745.7438091769845,933.3352850078181
train_audio/fepowl/iNat179616.ogg,iNat179616.ogg,fepowl,Ferruginous Pygmy Owl,Glaucidium brasilianum,test,22.656,0.0004395149,0.00013873099,0.0319326289034933,0.011815919505577694,910.7758279835875,161.29209665320133,998.1896324211872,90.17533142740726,2023.4430134086097,380.3571221557674
train_audio/fepowl/iNat1307393.ogg,iNat1307393.ogg,fepowl,Ferruginous Pygmy Owl,Glaucidium brasilianum,test,12.58521875,0.05759219,0.022889981,0.054037285578144856,0.030697438889081035,2806.201944446586,812.0689194332418,3693.0146177626307,466.44416705712604,7147.831956797967,1854.4562923085134
train_audio/fepowl/iNat1163918.ogg,iNat1163918.ogg,fepowl,Ferruginous Pygmy Owl,Glaucidium brasilianum,test,18.36465625,0.022458043,0.008930822,0.05211934478440767,0.02304073896858312,2683.59975209687,468.9999094304053,3916.889222986714,226.80815019685508,7828.288327526132,1044.2171347030871
train_audio/fepowl/iNat1182636.ogg,iNat1182636.ogg,fepowl,Ferruginous Pygmy Owl,Glaucidium brasilianum,test,25.7034375,0.0075115473,0.0019092141,0.22683839257934038,0.04003315364849858,5029.580862998195,437.09513200950346,4033.367303194925,209.69242634776103,8917.732965152458,608.413160130953
train_audio/fepowl/iNat582450.ogg,iNat582450.ogg,fepowl,Ferruginous Pygmy Owl,Glaucidium brasilianum,test,19.3886875,0.00281751,0.0016059122,0.21181535878197194,0.045594741669485565,3735.359802509396,450.54124515514025,2379.784497500455,248.70438590325634,6117.226175742574,556.5661735272903
train_audio/fepowl/XC174033.ogg,XC174033.ogg,fepowl,Ferruginous Pygmy Owl,Glaucidium brasilianum,test,17.188,0.0870325,0.113246284,0.1710115370639535,0.08000564672348587,4619.25967654135,1316.4224419265888,4225.620625681999,686.7223657528774,9699.040697674418,3195.7393065830965
train_audio/fepowl/iNat129435.ogg,iNat129435.ogg,fepowl,Ferruginous Pygmy Owl,Glaucidium brasilianum,test,62.4616875,0.019774456,0.022894412,0.2381010211882044,0.08805020862315563,4637.0968609938955,604.4261136971996,3510.006891402433,142.80037457648749,7378.06176357582,419.4857580955224
train_audio/fepowl/iNat905443.ogg,iNat905443.ogg,fepowl,Ferruginous Pygmy Owl,Glaucidium brasilianum,test,29.048,0.0106402505,0.006131013,0.08682183757227423,0.04016981884290061,1988.3336155830648,539.0281433275482,2252.369815730109,387.9520406125411,3566.2341685022025,1286.51036613586
train_audio/fepowl/XC797408.ogg,XC797408.ogg,fepowl,Ferruginous Pygmy Owl,Glaucidium brasilianum,test,37.46478125,0.054193184,0.019155493,0.06687430781650298,0.03711354315036708,2416.819662687626,358.7297292775859,2624.86263833219,191.87131408168554,4612.617421007686,253.96429137256035
train_audio/fepowl/XC974574.ogg,XC974574.ogg,fepowl,Ferruginous Pygmy Owl,Glaucidium brasilianum,test,160.679,0.010943117,0.00646673,0.2449859646488848,0.061746803127955045,3989.6414053856165,433.04990128362,2358.9330684951174,252.723574122324,5963.710731355172,451.2766128477091
train_audio/fepowl/XC334737.ogg,XC334737.ogg,fepowl,Ferruginous Pygmy Owl,Glaucidium brasilianum,test,25.54775,0.0035606252,0.0025402363,0.2085340066335316,0.054424222868960016,4296.714934773464,595.6981454480733,2492.021940786992,328.29418083230064,6652.512523481528,895.0276862060282
train_audio/fepowl/iNat1335628.ogg,iNat1335628.ogg,fepowl,Ferruginous Pygmy Owl,Glaucidium brasilianum,test,0.20896875,0.5104736,0.085254714,0.13326590401785715,0.03538822445541242,2626.3385948745818,403.85539769675194,2482.3993395862058,226.2171382523424,4387.276785714285,181.3710505783176
train_audio/fepowl/XC403225.ogg,XC403225.ogg,fepowl,Ferruginous Pygmy Owl,Glaucidium brasilianum,test,16.30040625,0.0792286,0.075943865,0.34412519550417076,0.10795966093390479,6011.3007659261,1201.3370756660343,1917.6190376521633,821.0117031860058,7664.990186457311,1372.9996941627896
train_audio/fepowl/iNat1526654.ogg,iNat1526654.ogg,fepowl,Ferruginous Pygmy Owl,Glaucidium brasilianum,test,70.135875,0.0019357422,0.0017306,0.2203018299854585,0.07090372795295721,4008.5482810360572,685.0009275508501,2822.2716715275915,248.69937269520037,6312.7031535127735,392.57725677060984
train_audio/fepowl/iNat18466.ogg,iNat18466.ogg,fepowl,Ferruginous Pygmy Owl,Glaucidium brasilianum,test,18.41303125,0.0032470126,0.0032782226,0.16571782010208513,0.07544190520282197,4017.978685921,977.5899704064582,3467.6802814253997,471.9039381400889,7682.938748913988,1797.1282422484883
train_audio/fepowl/iNat255879.ogg,iNat255879.ogg,fepowl,Ferruginous Pygmy Owl,Glaucidium brasilianum,test,7.625,0.020300603,0.011564283,0.07635510842505241,0.03170664908366701,2293.641265010549,436.15746072005953,3155.832816228459,424.0327588621006,4039.668501048218,1765.1668571785383
train_audio/fepowl/iNat31839.ogg,iNat31839.ogg,fepowl,Ferruginous Pygmy Owl,Glaucidium brasilianum,test,8.928,0.0069623026,0.0038798642,0.1847843176990161,0.05569253415671259,3128.367966175748,729.6265733735485,2041.1146997185115,357.41858645926675,5457.485465116279,1088.6574167929255
train_audio/fepowl/XC410051.ogg,XC410051.ogg,fepowl,Ferruginous Pygmy Owl,Glaucidium brasilianum,test,15.69959375,0.055171963,0.08665279,0.10607288616980652,0.03211292450639523,2513.5704276514166,738.215182532414,2403.64542018258,792.4053913964161,4537.407713849288,2161.480726582101
train_audio/fepowl/iNat1136500.ogg,iNat1136500.ogg,fepowl,Ferruginous Pygmy Owl,Glaucidium brasilianum,test,97.17375,0.0062561803,0.026594507,0.20714081986232302,0.09565679246453596,5485.202679621642,1471.0489590077914,4760.518867835403,805.9150726434474,11622.702811162331,3136.0296517944275
train_audio/fepowl/iNat134995.ogg,iNat134995.ogg,fepowl,Ferruginous Pygmy Owl,Glaucidium brasilianum,test,16.9963125,0.032667782,0.011834176,0.08937567982714018,0.028716785940762667,2116.9108630118603,452.56274040636686,2133.935483826646,324.29393052254665,4312.455903104422,980.8364543165485
train_audio/fepowl/XC283612.ogg,XC283612.ogg,fepowl,Ferruginous Pygmy Owl,Glaucidium brasilianum,test,8.59428125,0.004564312,0.0004697267,0.29006356732109667,0.016555875354924827,4721.742771911757,232.41389952506805,3020.651216942946,114.88398123321579,8476.765799256505,346.21272217420307
train_audio/soulap1/iNat603543.ogg,iNat603543.ogg,soulap1,Southern Lapwing,Vanellus chilensis,train,6.64,0.0073427777,0.0054451525,0.1219623272235577,0.07712795967825202,2985.353771004489,977.4507699790884,2847.9574104782773,513.3459718428137,5291.391225961538,1567.0581725219545
train_audio/soulap1/XC528238.ogg,XC528238.ogg,soulap1,Southern Lapwing,Vanellus chilensis,train,79.75184375,0.010058942,0.023776427,0.23615112916875627,0.04150183483322296,4407.046735602898,478.6437417312423,2968.7754078177886,530.0379043690467,7878.197091273822,1456.5492323537765
train_audio/soulap1/iNat1415325.ogg,iNat1415325.ogg,soulap1,Southern Lapwing,Vanellus chilensis,train,16.60228125,0.00367185,0.0020901174,0.22685979648362234,0.08261630184015072,4814.598293653523,786.9097015816827,3684.5775077959324,430.85460955690286,8889.887403660887,1059.4809835866895
train_audio/soulap1/iNat583458.ogg,iNat583458.ogg,soulap1,Southern Lapwing,Vanellus chilensis,train,21.82678125,0.0057222983,0.009199089,0.40795594379578753,0.09221917698102894,6998.7502420294495,1021.35109200235,4117.142670911109,429.02347208268543,11711.755952380952,1101.593207652185
train_audio/soulap1/iNat1440240.ogg,iNat1440240.ogg,soulap1,Southern Lapwing,Vanellus chilensis,train,12.863875,0.011305843,0.008490341,0.10683277946206468,0.05371666728407613,2977.792898037611,869.3098449373401,2949.6565584295854,371.81153883042754,5714.979788557214,1596.4177800582424
train_audio/soulap1/iNat1555132.ogg,iNat1555132.ogg,soulap1,Southern Lapwing,Vanellus chilensis,train,11.0345625,0.009639757,0.0061954297,0.015754500679347826,0.039516871245765355,1371.9511805554018,628.6005000712839,3248.4896166377453,400.2441099625025,1881.544384057971,1595.3128387947465
train_audio/soulap1/XC784101.ogg,XC784101.ogg,soulap1,Southern Lapwing,Vanellus chilensis,train,69.69996875,0.036311526,0.034396015,0.1644384888900046,0.02416949659532665,3286.464338586064,273.1134946925544,2344.4819534903845,345.93768052267376,4962.237491393161,716.2924239396262
train_audio/soulap1/iNat790581.ogg,iNat790581.ogg,soulap1,Southern Lapwing,Vanellus chilensis,train,27.264,0.006365966,0.001883765,0.09364146123533724,0.05096100381490901,2291.1450007945527,592.2579370483603,2413.924917293754,258.1764402230186,4328.005865102639,955.3518513038259
train_audio/soulap1/iNat158027.ogg,iNat158027.ogg,soulap1,Southern Lapwing,Vanellus chilensis,train,13.568,0.004236696,0.0023646206,0.08522607019287397,0.05961268387336357,1618.118144979808,644.7363856581043,1114.9226577447728,156.076536735465,2856.559187279152,582.9408248331663
train_audio/soulap1/XC396559.ogg,XC396559.ogg,soulap1,Southern Lapwing,Vanellus chilensis,train,18.72978125,0.004348481,0.013382719,0.11133271175811273,0.03736207808196516,2955.4612809533673,449.47903223827103,3388.8652752353264,325.2897469344751,5421.007685738685,865.5229962881465
train_audio/soulap1/XC452630.ogg,XC452630.ogg,soulap1,Southern Lapwing,Vanellus chilensis,train,2.690625,0.027063014,0.033496894,0.30428011741863903,0.06771039865396654,5970.580042802456,974.3046683823403,3761.3068010714196,451.1474061058578,10581.360946745563,1936.9182443286059
train_audio/soulap1/XC9625.ogg,XC9625.ogg,soulap1,Southern Lapwing,Vanellus chilensis,train,3.657,0.0245527,0.0131999515,0.3269522721069869,0.059419598806912687,6077.524479745576,700.1878329298711,3837.7826601623265,345.7908895781572,10400.655021834062,1143.734935645132
train_audio/soulap1/iNat166334.ogg,iNat166334.ogg,soulap1,Southern Lapwing,Vanellus chilensis,train,9.752375,0.006814019,0.0041619837,0.10228851818647541,0.05210773149026145,2654.3740278814707,598.0941894141596,2719.1291833172545,255.5533512411001,5437.6536885245905,741.3898973994068
train_audio/soulap1/iNat835856.ogg,iNat835856.ogg,soulap1,Southern Lapwing,Vanellus chilensis,train,17.48465625,0.036746196,0.043491036,0.13604284009034767,0.08881983891642255,3798.2050060750657,1553.0263634202258,3459.3799832857385,938.0222417141222,7544.559126258006,3280.8591641465155
train_audio/soulap1/XC924825.ogg,XC924825.ogg,soulap1,Southern Lapwing,Vanellus chilensis,train,20.89796875,0.04077786,0.032058336,0.08015844670524101,0.06464869612367315,3204.7076447245577,971.4879529864008,3506.761369453479,432.90303038412117,6682.562643458302,1481.8546320152238
train_audio/soulap1/iNat147754.ogg,iNat147754.ogg,soulap1,Southern Lapwing,Vanellus chilensis,train,12.3298125,0.010368282,0.011150972,0.11934771704766536,0.0625352977801533,3202.4629294709866,1001.0754005314383,3391.3877276875555,745.3819473611205,6125.911964980544,2365.346776998569
train_audio/soulap1/XC539586.ogg,XC539586.ogg,soulap1,Southern Lapwing,Vanellus chilensis,train,7.512,0.04461235,0.057838313,0.2087433510638298,0.04121044685770132,4001.74768006341,589.5422679579531,2836.097296602172,442.16773019439466,6442.652925531915,1109.5285430385463
train_audio/soulap1/iNat599361.ogg,iNat599361.ogg,soulap1,Southern Lapwing,Vanellus chilensis,train,7.9876875,0.008239742,0.0022986534,0.0417802734375,0.018692319803424184,1679.3308768547643,304.2585279446722,2182.075378075447,223.6813054886905,3314.25,547.9470420921168
train_audio/soulap1/iNat792243.ogg,iNat792243.ogg,soulap1,Southern Lapwing,Vanellus chilensis,train,12.024,0.010969983,0.004840096,0.16999070187832446,0.11106525563263651,4555.128518270992,1400.6226075815546,4150.891385012135,398.377375535522,9130.31914893617,1528.8392252352846
train_audio/soulap1/iNat88215.ogg,iNat88215.ogg,soulap1,Southern Lapwing,Vanellus chilensis,train,12.0279375,0.011454463,0.0035885423,0.11202418550531915,0.06408617898917114,2401.353416652668,670.6368253344032,2326.318590925341,178.99396862744294,4331.179355053191,686.7180844980071
train_audio/soulap1/XC789522.ogg,XC789522.ogg,soulap1,Southern Lapwing,Vanellus chilensis,train,5.929,0.009659646,0.009710921,0.3250439584737197,0.04650263062440075,4633.0525185359575,474.2998517898971,2908.73094414167,338.54585532516666,7339.7489892183285,940.079095691593
train_audio/soulap1/XC375518.ogg,XC375518.ogg,soulap1,Southern Lapwing,Vanellus chilensis,train,11.07590625,0.14519913,0.09960752,0.05478050595238095,0.06626942587786722,1958.328118763043,1292.2605532749164,2459.8308958370017,636.4876237090328,3484.0818903318905,2386.9005163609
train_audio/soulap1/iNat895040.ogg,iNat895040.ogg,soulap1,Southern Lapwing,Vanellus chilensis,train,18.73775,0.0046812505,0.002477397,0.2162386012158703,0.07981863657296175,5330.377467502777,1492.0204009895995,4345.1696245473095,970.3020716106581,10401.890465017064,3434.981278039259
train_audio/soulap1/XC662666.ogg,XC662666.ogg,soulap1,Southern Lapwing,Vanellus chilensis,train,12.56490625,0.012692861,0.02116722,0.2984063146071883,0.09147254316063987,5657.7852544443485,1345.5640368384095,3872.7378427881117,839.8095525310861,10259.164281170484,2933.8407328004937
train_audio/soulap1/iNat1182101.ogg,iNat1182101.ogg,soulap1,Southern Lapwing,Vanellus chilensis,train,27.01,0.018107623,0.02029138,0.083342873464328,0.059169796776529886,3078.2568387740184,1117.582638337148,3584.88812831167,738.2116445924771,6992.1088661930135,2828.8101378616575
train_audio/soulap1/XC798874.ogg,XC798874.ogg,soulap1,Southern Lapwing,Vanellus chilensis,train,4.704,0.076716565,0.040229492,0.17287970074152542,0.033316167332525716,3380.9766608181844,404.24151258110766,2007.1468001213134,376.7032544306406,5059.8516949152545,835.8472920912526
train_audio/soulap1/XC492892.ogg,XC492892.ogg,soulap1,Southern Lapwing,Vanellus chilensis,train,6.71346875,0.029466212,0.019364122,0.13093145461309524,0.09128303482163154,2968.864599579249,1376.4875248559679,2761.3246853405553,550.425613714477,5261.644345238095,2155.1198487118468
train_audio/soulap1/iNat869424.ogg,iNat869424.ogg,soulap1,Southern Lapwing,Vanellus chilensis,train,4.963,0.17748736,0.03795716,0.09170895297427653,0.03247464764732058,2771.1873244376147,368.7175121287427,2989.5898131717113,207.69421666483234,6333.400321543409,753.3188047403697
train_audio/soulap1/iNat979340.ogg,iNat979340.ogg,soulap1,Southern Lapwing,Vanellus chilensis,train,16.98146875,0.04007541,0.02191499,0.13500884607462335,0.07061204961358244,3251.617294228554,1128.8480030248638,2767.4016164836385,379.2145139819068,5570.930437853107,1813.446942728296
train_audio/soulap1/iNat797918.ogg,iNat797918.ogg,soulap1,Southern Lapwing,Vanellus chilensis,train,8.01090625,0.010528312,0.010374482,0.12753399451097805,0.06353178026092011,3121.529075492924,1083.1951588275144,3034.9435166917556,765.768376556894,6097.52370259481,2388.296492196172
train_audio/soulap1/iNat398053.ogg,iNat398053.ogg,soulap1,Southern Lapwing,Vanellus chilensis,train,4.056,0.032053605,0.038018323,0.16978346456692914,0.07478035675604049,3967.8359546288834,838.2001904800289,3330.9196528235734,565.3888893628359,7434.547244094489,1388.7793150223474
train_audio/soulap1/iNat59859.ogg,iNat59859.ogg,soulap1,Southern Lapwing,Vanellus chilensis,train,13.536,0.010688027,0.008452233,0.20348530198494688,0.027636751818619985,3979.9911688781117,535.7109558013517,2567.7043144870217,474.87747934505643,5879.187573789846,1498.4090391751924
train_audio/soulap1/XC385647.ogg,XC385647.ogg,soulap1,Southern Lapwing,Vanellus chilensis,train,6.11265625,0.10848581,0.050917085,0.03382016971279373,0.0343822527330998,1610.857045456891,763.8000509185398,2776.681122805768,574.4474688389529,2799.8123368146216,2047.2834621921538
train_audio/soulap1/iNat1396296.ogg,iNat1396296.ogg,soulap1,Southern Lapwing,Vanellus chilensis,train,36.50134375,0.029260894,0.009887928,0.03024005806310254,0.011326389378285314,1948.428502399175,350.7557684095117,3089.0567324623585,311.22612840203226,4477.747042068361,1038.8217893121132
train_audio/soulap1/XC157884.ogg,XC157884.ogg,soulap1,Southern Lapwing,Vanellus chilensis,train,48.264,0.0071645146,0.008132779,0.09266063271668877,0.06664272588184383,2723.577248685975,779.9148325518161,2281.839557999824,353.65633265620085,5161.387553861452,895.8332251508585
train_audio/soulap1/iNat1242337.ogg,iNat1242337.ogg,soulap1,Southern Lapwing,Vanellus chilensis,train,22.754625,0.017525563,0.017330728,0.16820173873418834,0.07434648162353795,3535.9333597615164,1199.3298618754432,2648.9957355718975,506.23861254310117,6164.68288826423,2114.5394546773277
train_audio/soulap1/XC731330.ogg,XC731330.ogg,soulap1,Southern Lapwing,Vanellus chilensis,train,36.44,0.048654232,0.047085002,0.08303160495774803,0.09245329204816798,2788.5457177498542,1672.9792990410372,3226.896988557454,761.7725192292211,5543.8844381036,3242.407463478345
train_audio/soulap1/iNat152118.ogg,iNat152118.ogg,soulap1,Southern Lapwing,Vanellus chilensis,train,9.7436875,0.021403909,0.045138866,0.11823381696428571,0.0810475981701868,2486.3969429250974,1040.502290601642,2100.1154488831053,403.3217039811215,4773.527298850575,1566.1382915451286
train_audio/soulap1/iNat869423.ogg,iNat869423.ogg,soulap1,Southern Lapwing,Vanellus chilensis,train,6.582,0.12511308,0.048210885,0.1528225500606796,0.02550173849632619,2950.2516525556757,286.5614898600003,2270.3411184081815,435.8920090580813,4788.038531553398,1089.6989685576912
train_audio/soulap1/iNat565415.ogg,iNat565415.ogg,soulap1,Southern Lapwing,Vanellus chilensis,train,42.3764375,0.032839432,0.029707678,0.037055367296621365,0.02218612145341748,1445.3302141950724,655.4005906510554,2125.0113895107775,628.4654628684896,2800.5379388448473,1699.4345344327696
train_audio/soulap1/XC896063.ogg,XC896063.ogg,soulap1,Southern Lapwing,Vanellus chilensis,train,21.672,0.05346878,0.056882944,0.07580791628228782,0.0822122629870637,2341.9073411246172,1369.7996263065456,2690.93090977027,517.2741841267573,4227.133302583025,2330.3451587138397
train_audio/soulap1/iNat837366.ogg,iNat837366.ogg,soulap1,Southern Lapwing,Vanellus chilensis,train,10.8205,0.034876082,0.04319692,0.06416534919682422,0.060707481186874496,2428.330130016741,1246.946761576446,3033.477938097014,782.8865910142366,5230.474519940916,2684.62535488853
train_audio/soulap1/iNat575926.ogg,iNat575926.ogg,soulap1,Southern Lapwing,Vanellus chilensis,train,9.35765625,0.0193128,0.014750201,0.09665548210470086,0.06264015056579168,2839.0550943138333,827.3313357974328,2848.4804234247513,496.717411156606,5543.29594017094,1331.0115542843466
train_audio/soulap1/iNat648245.ogg,iNat648245.ogg,soulap1,Southern Lapwing,Vanellus chilensis,train,6.17653125,0.018378753,0.009016623,0.048549287386950905,0.03883805009634772,2018.9366017757238,778.9477062560967,2586.5956386813855,407.0388444236326,4136.062661498708,1515.5798390371974
train_audio/soulap1/XC562682.ogg,XC562682.ogg,soulap1,Southern Lapwing,Vanellus chilensis,train,45.975,0.03565306,0.023412107,0.21127508345294016,0.05031546195383598,3710.9671188352013,611.8547778736414,2291.9284074150983,208.55329655593152,5940.1857167710505,644.2789695065524
train_audio/soulap1/iNat50784.ogg,iNat50784.ogg,soulap1,Southern Lapwing,Vanellus chilensis,train,40.84390625,0.074184805,0.09045038,0.17317918716950648,0.07470495902342768,4570.018884607004,1317.7101661503377,3511.69145284792,432.8790889133384,8572.537211124167,2189.840716113876
train_audio/soulap1/iNat515894.ogg,iNat515894.ogg,soulap1,Southern Lapwing,Vanellus chilensis,train,18.18125,0.011009042,0.014044563,0.23936689204045736,0.07152422229324054,4711.0302400775145,739.0423501876421,2964.2802027212088,541.5890594385301,8264.429419525066,1396.6670839841381
train_audio/soulap1/XC475626.ogg,XC475626.ogg,soulap1,Southern Lapwing,Vanellus chilensis,train,7.41878125,0.053466108,0.059030563,0.1979022848195043,0.0265196479047289,4357.561250271241,786.1429643875877,3118.866473305637,1152.3853255677302,7714.742726293103,2941.2011974276134
train_audio/soulap1/iNat648242.ogg,iNat648242.ogg,soulap1,Southern Lapwing,Vanellus chilensis,train,12.35303125,0.08036251,0.075025894,0.01030949324870634,0.006905339255547614,819.4967557223257,491.647052878742,1914.1786609795095,580.8975760911736,1218.184023285899,1137.590882746235
train_audio/soulap1/iNat614475.ogg,iNat614475.ogg,soulap1,Southern Lapwing,Vanellus chilensis,train,3.888,0.043434232,0.03626558,0.14602811219262296,0.06435140247685563,2543.87263145568,915.4709207970086,2071.2301638736835,433.20717140966,4296.298668032787,1497.5381188447946
train_audio/soulap1/iNat1653553.ogg,iNat1653553.ogg,soulap1,Southern Lapwing,Vanellus chilensis,train,7.1053125,0.0134131815,0.01134122,0.12040357268258427,0.09919364027360054,3995.222475194907,1180.4126351145803,3791.7711630293816,331.4006782648112,8300.245786516854,1156.4249056063627
train_audio/soulap1/iNat1683591.ogg,iNat1683591.ogg,soulap1,Southern Lapwing,Vanellus chilensis,train,11.49390625,0.017979901,0.02337537,0.25554834188108483,0.07961317438867663,5554.02050674778,987.278329479731,3933.390177615821,664.6309081191455,10465.751043115439,1385.074878098833
train_audio/soulap1/XC769555.ogg,XC769555.ogg,soulap1,Southern Lapwing,Vanellus chilensis,train,67.2391875,0.049281962,0.036171827,0.24290418023584345,0.04130250780726524,4817.028992931906,741.4228394727234,3089.303736526919,478.34244379722156,8068.503896026647,1780.7281320819177
train_audio/soulap1/XC946288.ogg,XC946288.ogg,soulap1,Southern Lapwing,Vanellus chilensis,train,9.62078125,0.06919284,0.044878058,0.1354802027097176,0.056545253563935624,3822.7748894176602,554.2530949793237,3839.045925480861,304.0512278425266,8224.53799833887,963.2045074149657
train_audio/soulap1/iNat142521.ogg,iNat142521.ogg,soulap1,Southern Lapwing,Vanellus chilensis,train,5.472,0.040715892,0.014579443,0.032329058855685135,0.06005465791778578,1027.8828923286273,923.1672131427348,1606.0631866737313,642.6023881672097,2062.5,1774.8325172236976
train_audio/soulap1/iNat747408.ogg,iNat747408.ogg,soulap1,Southern Lapwing,Vanellus chilensis,train,5.90071875,0.03365303,0.008551932,0.10143017445799458,0.03556571857680377,2336.0332355008886,396.0392878770487,2406.6598190159243,175.79341303570544,4728.616192411924,678.3026638736504
train_audio/soulap1/XC244850.ogg,XC244850.ogg,soulap1,Southern Lapwing,Vanellus chilensis,train,28.2645,0.054090176,0.07065439,0.30803887238256933,0.0880996760615043,5490.739712029455,1248.5413512825949,3460.952207016096,648.8306633966167,8820.299235993209,1863.0942954744278
train_audio/soulap1/iNat41106.ogg,iNat41106.ogg,soulap1,Southern Lapwing,Vanellus chilensis,train,16.58775,0.05441084,0.030134326,0.189677724957811,0.023880172947173494,3387.58302050064,372.9124179558569,1770.277440093439,179.61085783796062,5059.124879459981,608.5938122374737
train_audio/soulap1/iNat329840.ogg,iNat329840.ogg,soulap1,Southern Lapwing,Vanellus chilensis,train,18.83140625,0.008310833,0.001497274,0.1768254334377655,0.04464911666431832,3971.156474022307,466.1848930610536,3110.77807980431,214.3969819642332,6887.638062871708,793.6134081436722
train_audio/soulap1/XC456659.ogg,XC456659.ogg,soulap1,Southern Lapwing,Vanellus chilensis,train,11.57225,0.027768318,0.024547242,0.3203003604109116,0.04756487817041546,5349.604362814216,499.3375238803218,2808.543143822767,281.97692324193804,7783.08442679558,731.1386856108329
train_audio/soulap1/iNat661722.ogg,iNat661722.ogg,soulap1,Southern Lapwing,Vanellus chilensis,train,14.3035,0.02297538,0.0133973025,0.02725199244966443,0.019701572572422364,1892.259041156055,1011.9702111535275,2997.926380744077,977.0817544835827,4464.922399328859,3076.7516507853775
train_audio/soulap1/iNat280977.ogg,iNat280977.ogg,soulap1,Southern Lapwing,Vanellus chilensis,train,15.74315625,0.01121044,0.003413099,0.016594119188262195,0.011659184150176354,1610.128861787722,436.3842196525912,2958.584975301463,335.306759943655,3203.1885162601625,1336.3983761791055
train_audio/soulap1/iNat138771.ogg,iNat138771.ogg,soulap1,Southern Lapwing,Vanellus chilensis,train,11.19203125,0.0060325894,0.0039176997,0.19193568638392858,0.06328724565885914,3827.8904145153224,815.550092892028,2763.938079605157,334.8205090872106,6395.848214285715,1359.041391887268
train_audio/soulap1/iNat587222.ogg,iNat587222.ogg,soulap1,Southern Lapwing,Vanellus chilensis,train,5.39734375,0.010795519,0.0080908025,0.14403141179733728,0.08650916088763352,3041.9790622706505,1052.0233922274886,2279.6194872107462,191.80902201243865,5641.087278106509,1007.5921606691863
train_audio/soulap1/iNat1143923.ogg,iNat1143923.ogg,soulap1,Southern Lapwing,Vanellus chilensis,train,11.95778125,0.009552144,0.0023865115,0.07618688899565508,0.06406863738519365,2553.463978320279,891.7608448760282,3049.278634074291,238.18895312015118,4855.00919117647,1136.8508031030092
train_audio/soulap1/iNat166878.ogg,iNat166878.ogg,soulap1,Southern Lapwing,Vanellus chilensis,train,6.09525,0.004040734,0.0010651305,0.14619730150918636,0.03419998811693159,3036.109262612392,317.99121247899905,2687.2859110347304,216.76664895579637,5586.245078740158,333.03116272828964
train_audio/soulap1/XC328927.ogg,XC328927.ogg,soulap1,Southern Lapwing,Vanellus chilensis,train,8.3853125,0.028490357,0.030436201,0.1703413318452381,0.06687100600821921,4191.408984541231,885.0844037848876,3056.370295380245,486.23641056347975,7383.422619047619,1491.7114204892785
train_audio/soulap1/iNat694118.ogg,iNat694118.ogg,soulap1,Southern Lapwing,Vanellus chilensis,train,5.41025,0.014722874,0.015432498,0.05712890625,0.07606391015685512,1940.2991500707408,1075.6457426906227,2566.600504750904,410.6142595833484,3840.5696902654868,1690.1036423502328
train_audio/soulap1/iNat871545.ogg,iNat871545.ogg,soulap1,Southern Lapwing,Vanellus chilensis,train,5.97334375,0.013654381,0.0022123973,0.08876665900735294,0.02749741157570718,2234.3218817923953,161.38491596288995,2472.706382406543,187.71494258020493,4078.3756684491977,497.5433568659636
train_audio/soulap1/XC817124.ogg,XC817124.ogg,soulap1,Southern Lapwing,Vanellus chilensis,train,20.28428125,0.026353968,0.01989871,0.20572890994676657,0.027900833464678122,5059.738183322862,472.6827345581048,4154.186722446628,362.2468819819092,10458.10331230284,1304.2312850473888
train_audio/soulap1/iNat166879.ogg,iNat166879.ogg,soulap1,Southern Lapwing,Vanellus chilensis,train,9.752375,0.0068138693,0.00416351,0.10217485271516394,0.05206244900794642,2653.9388369976145,594.2728001480357,2719.6011274224566,254.95249879524042,5437.884221311476,740.0706251895498
train_audio/soulap1/XC870900.ogg,XC870900.ogg,soulap1,Southern Lapwing,Vanellus chilensis,train,25.0,0.025396185,0.0015772221,0.00010996481126039668,0.0010537031256912155,1684.410550846365,383.63782225392276,3265.2497729181646,309.1662885165917,4076.235604606526,1728.7910899904016
train_audio/soulap1/XC346204.ogg,XC346204.ogg,soulap1,Southern Lapwing,Vanellus chilensis,train,15.07265625,0.011526473,0.003465855,0.12877369432661717,0.037932295383905495,3191.748680013552,399.18611842622227,3269.892966857975,384.4344112636819,6945.072242841994,676.1265515909415
train_audio/soulap1/XC420448.ogg,XC420448.ogg,soulap1,Southern Lapwing,Vanellus chilensis,train,31.776,0.006355785,0.013262654,0.20681524636701057,0.017094249445552448,4337.909417317429,420.3316299097673,3484.101289355247,682.1121547422805,8086.578384499245,1761.9789351294446
train_audio/soulap1/XC592819.ogg,XC592819.ogg,soulap1,Southern Lapwing,Vanellus chilensis,train,9.92653125,0.043694463,0.049448557,0.22978075306964574,0.028885514128187843,4446.174382099924,502.9231304962207,2877.132923848189,477.24238842395147,7073.948268921095,1283.175462624055
train_audio/soulap1/XC595941.ogg,XC595941.ogg,soulap1,Southern Lapwing,Vanellus chilensis,train,121.128,0.0073624514,0.009097994,0.08477461541160349,0.052438114399561364,2531.826073364826,798.127725932652,2813.8108543342887,398.221832249621,4146.114697530049,1219.8698282574262
train_audio/soulap1/iNat694117.ogg,iNat694117.ogg,soulap1,Southern Lapwing,Vanellus chilensis,train,7.639375,0.008485028,0.005377462,0.05572331001569038,0.06861036943405104,2004.9431017923864,979.6841282686315,2713.4872046811283,324.0377838515142,4032.197960251046,1492.2401666717485
train_audio/soulap1/XC568152.ogg,XC568152.ogg,soulap1,Southern Lapwing,Vanellus chilensis,train,21.624,0.018495405,0.007924253,0.23244896160780326,0.05203746106480542,4625.685527207476,681.6663975883008,3375.5203843169525,458.20107920602516,7858.623798076923,1638.0886478766822
train_audio/soulap1/iNat817769.ogg,iNat817769.ogg,soulap1,Southern Lapwing,Vanellus chilensis,train,9.3055625,0.08621874,0.020576145,0.0214977985395189,0.01934932716808883,1287.5976005628709,558.873486043718,2450.923622020054,326.38156564847156,2333.8702749140894,1622.4445899189898
train_audio/soulap1/iNat376976.ogg,iNat376976.ogg,soulap1,Southern Lapwing,Vanellus chilensis,train,8.24309375,0.03550541,0.028027054,0.06535966266957365,0.024222248962627632,1903.8701522437045,588.7671107433522,2325.745401294,715.303109502946,3369.06492248062,1419.7416749732013
train_audio/soulap1/iNat1192016.ogg,iNat1192016.ogg,soulap1,Southern Lapwing,Vanellus chilensis,train,14.49796875,0.009152618,0.0035853505,0.25366830037210586,0.07609826285384465,5426.688836972492,1031.9282705131325,4208.175988661149,325.35604700156716,9939.929024255789,1116.4401386934726
train_audio/soulap1/iNat1164497.ogg,iNat1164497.ogg,soulap1,Southern Lapwing,Vanellus chilensis,train,8.32,0.001459013,0.00070421456,0.26285838531669864,0.06013314589599973,4761.867824441045,680.3272530180246,3557.6037719274464,354.00292459513105,6572.966650671785,1290.1611286507375
train_audio/soulap1/XC1883.ogg,XC1883.ogg,soulap1,Southern Lapwing,Vanellus chilensis,train,13.03509375,0.054857153,0.057759523,0.11372519651073619,0.0634148493312785,3040.904394199679,681.4877530043531,3020.3558449355337,497.83669278078906,5778.872699386503,1024.681209915583
train_audio/soulap1/iNat995673.ogg,iNat995673.ogg,soulap1,Southern Lapwing,Vanellus chilensis,train,16.60228125,0.00907975,0.007428617,0.11714610428709056,0.0611344187335145,3941.5445405934543,638.2311735133841,3912.5281814268774,385.9125299984149,8974.259393063583,1336.9180884950642
train_audio/soulap1/XC254096.ogg,XC254096.ogg,soulap1,Southern Lapwing,Vanellus chilensis,train,10.8146875,0.03627064,0.041749805,0.14060188609467456,0.07907264362028338,2732.442023110181,1070.5616287971675,1946.929052542283,346.7287963805275,4159.116124260355,1404.5320053143275
train_audio/soulap1/XC697474.ogg,XC697474.ogg,soulap1,Southern Lapwing,Vanellus chilensis,train,3.60490625,0.027505595,0.031757515,0.1661992706028761,0.032994502557154366,3291.547743390671,585.5273992824867,2508.8794790883653,697.2767281691307,5851.5625,1443.0939232718451
train_audio/soulap1/XC433638.ogg,XC433638.ogg,soulap1,Southern Lapwing,Vanellus chilensis,train,21.70775,0.030481799,0.04383264,0.20004994357958733,0.033079458438700526,4307.008007798208,421.8350558247291,3220.5322434051045,591.0425629442245,7873.468588798821,1361.6989800286653
train_audio/soulap1/iNat1659917.ogg,iNat1659917.ogg,soulap1,Southern Lapwing,Vanellus chilensis,train,15.49,0.008280158,0.011794789,0.15793303341073273,0.11077213203216907,3394.514107788419,1357.607973793606,2897.994705093986,396.7141501081212,6081.075851393189,1906.427526538764
train_audio/soulap1/XC270226.ogg,XC270226.ogg,soulap1,Southern Lapwing,Vanellus chilensis,train,10.44896875,0.04307363,0.06497596,0.45652505017201833,0.1187947145925543,6770.055426375005,1307.0760133311455,2776.363582820162,416.0996015970325,9340.59633027523,1006.3085986840532
train_audio/soulap1/iNat1284337.ogg,iNat1284337.ogg,soulap1,Southern Lapwing,Vanellus chilensis,train,16.46934375,0.082326636,0.09735996,0.22276955021237865,0.05101542315843443,4360.914840875796,558.6963480737663,2858.9924644599796,381.92668872345007,7232.736650485437,839.020686486412
train_audio/soulap1/iNat1580592.ogg,iNat1580592.ogg,soulap1,Southern Lapwing,Vanellus chilensis,train,15.524125,0.015765747,0.022934178,0.3067256090692585,0.047184641601213426,5998.1583380206885,497.8754034211701,4269.3386939770235,429.45213290524435,11396.385813594232,1003.4883209700718
train_audio/soulap1/iNat67671.ogg,iNat67671.ogg,soulap1,Southern Lapwing,Vanellus chilensis,train,39.7205,0.001077455,0.0005536381,0.12733501875251713,0.03787339021396525,2601.635060376314,424.5631990351148,2144.328313599578,135.68548207806,5087.19920459122,635.7134162734067
train_audio/soulap1/XC116245.ogg,XC116245.ogg,soulap1,Southern Lapwing,Vanellus chilensis,train,103.128,0.010477057,0.03513612,0.16927459555829197,0.03177546616611085,3499.0348013811335,442.743546485017,2911.8233239738465,507.9131173842568,5481.660138070121,866.0441523152838
train_audio/soulap1/iNat789205.ogg,iNat789205.ogg,soulap1,Southern Lapwing,Vanellus chilensis,train,13.6,0.033307616,0.03446454,0.16968031635575792,0.06169133025999732,3179.7184364352274,708.7569373911188,1805.4350104419707,250.22059766234048,5104.784811985899,674.5366393486858
train_audio/soulap1/iNat673802.ogg,iNat673802.ogg,soulap1,Southern Lapwing,Vanellus chilensis,train,14.47184375,0.0022001846,0.0016995819,0.07402775379834255,0.02583171238827275,2622.1310751855794,401.7353016486031,3296.0530067045534,305.3335259184095,5960.238259668508,1103.8860979347842
train_audio/soulap1/iNat1676193.ogg,iNat1676193.ogg,soulap1,Southern Lapwing,Vanellus chilensis,train,8.4753125,0.007935565,0.015894549,0.27841704746462265,0.049944653549787006,4883.5155592025385,608.277751675926,3168.1661463304335,412.1625428126648,7940.683962264151,1069.9258383595982
train_audio/soulap1/iNat183236.ogg,iNat183236.ogg,soulap1,Southern Lapwing,Vanellus chilensis,train,11.09915625,0.006476008,0.003303901,0.07129680182817003,0.036333311538320895,2794.032551530295,816.9640273815297,3595.697284999199,530.42406823031,6421.965057636888,2169.2632140304067
train_audio/soulap1/XC492891.ogg,XC492891.ogg,soulap1,Southern Lapwing,Vanellus chilensis,train,3.918375,0.024564754,0.026224978,0.1693618463010204,0.039699038682405804,3654.2787881740787,664.8701646915441,3076.1896955061484,406.47036567776627,6799.489795918367,1031.9272179079016
train_audio/soulap1/XC550002.ogg,XC550002.ogg,soulap1,Southern Lapwing,Vanellus chilensis,train,12.576,0.005384884,0.012131087,0.4451635959339263,0.13475764321196482,7696.982457204448,1872.3183101718694,3811.891116083557,646.6015929480529,12035.955368487928,1869.954266530534
train_audio/soulap1/iNat579087.ogg,iNat579087.ogg,soulap1,Southern Lapwing,Vanellus chilensis,train,16.23075,0.0028968723,0.0030348317,0.2787830972906404,0.10123925815455792,5484.2992453699535,1220.2245101319004,4077.940727489629,410.8793350287416,10454.910714285714,1398.6768182867218
train_audio/soulap1/XC863810.ogg,XC863810.ogg,soulap1,Southern Lapwing,Vanellus chilensis,train,10.318,0.021044033,0.035216153,0.25165031492248063,0.0316896017767808,5019.635341596062,343.77407003071494,3513.609242642161,763.8484021149559,9093.095930232557,1337.963851457897
train_audio/soulap1/XC199139.ogg,XC199139.ogg,soulap1,Southern Lapwing,Vanellus chilensis,train,11.0236875,0.025124803,0.04702119,0.20456007914550073,0.053314706615252644,4444.783424438666,688.0752234921711,3113.52989966051,817.1978929863834,7868.378084179971,1656.1550339766327
train_audio/soulap1/XC549501.ogg,XC549501.ogg,soulap1,Southern Lapwing,Vanellus chilensis,train,11.112,0.06180764,0.03428741,0.06860878484712231,0.05309550376274499,2433.571664855765,713.7298440311974,2660.539710747992,331.4286500379687,4462.050359712231,1126.5028282318065
train_audio/soulap1/XC530724.ogg,XC530724.ogg,soulap1,Southern Lapwing,Vanellus chilensis,train,12.12,0.014621825,0.009769605,0.10462939581959103,0.060119353717776124,3560.675716119043,717.0619148894897,3714.261411473889,405.7403265537756,7217.719327176781,1142.418189762087
train_audio/soulap1/iNat1637169.ogg,iNat1637169.ogg,soulap1,Southern Lapwing,Vanellus chilensis,train,0.072,0.3696654,0.06679664,0.1912109375,0.043501009173032595,3995.6755268957013,60.918602447081,2780.755967321328,187.07256300997602,6443.75,124.05895775799505
train_audio/soulap1/XC591188.ogg,XC591188.ogg,soulap1,Southern Lapwing,Vanellus chilensis,train,9.35184375,0.011672431,0.009791463,0.17669521233974358,0.09573983781679515,3724.168402005405,1174.8636010880464,3297.2410158186535,598.0515896372386,6597.489316239316,2175.4608510418598
train_audio/soulap1/iNat616065.ogg,iNat616065.ogg,soulap1,Southern Lapwing,Vanellus chilensis,train,3.8079375,0.004764018,0.00438259,0.058901490283613446,0.03989875056079795,2410.633976586666,850.3089167829999,3045.5863144460727,430.3963989110187,4316.767331932773,1635.9236510679368
train_audio/soulap1/XC816991.ogg,XC816991.ogg,soulap1,Southern Lapwing,Vanellus chilensis,train,4.96325,0.016616141,0.009563612,0.1760999673432476,0.05383276613089098,4465.967093155838,708.9287866226789,3855.2238286049883,253.06677097092694,8254.270498392283,1056.543679863563
train_audio/soulap1/iNat570317.ogg,iNat570317.ogg,soulap1,Southern Lapwing,Vanellus chilensis,train,4.632,0.004583667,0.0011361523,0.1603650323275862,0.034642928822662705,3117.965661817963,430.42540654819413,2611.138689020665,254.85868631235928,5906.681034482759,770.4226984275439
train_audio/soulap1/XC361137.ogg,XC361137.ogg,soulap1,Southern Lapwing,Vanellus chilensis,train,47.386125,0.05097805,0.040068027,0.1661453607676401,0.03534120646533738,3607.178176565241,745.2214998590498,2949.100971197943,801.1525849769768,6244.782874746793,2391.2264774365726
train_audio/soulap1/iNat138984.ogg,iNat138984.ogg,soulap1,Southern Lapwing,Vanellus chilensis,train,27.56209375,0.0067880494,0.010072649,0.12650990278583865,0.052231179640681476,3004.82897761154,781.0193232596959,2945.5841474730837,460.36479054155785,5875.471561230412,1297.4858005923718
train_audio/soulap1/XC752860.ogg,XC752860.ogg,soulap1,Southern Lapwing,Vanellus chilensis,train,13.87103125,0.031106949,0.009790769,0.15646457342128028,0.07600556035339352,4144.78380064458,1029.4909490455527,3333.483262808406,333.31105757152585,7340.650230680508,1586.0546050731923
train_audio/soulap1/iNat1522169.ogg,iNat1522169.ogg,soulap1,Southern Lapwing,Vanellus chilensis,train,3.45228125,0.052584287,0.047010776,0.14881953486689814,0.05411813197004295,2739.538363876663,509.33589885111996,2252.851630855829,409.24139707471704,4213.107638888889,822.4466790731782
train_audio/soulap1/iNat256193.ogg,iNat256193.ogg,soulap1,Southern Lapwing,Vanellus chilensis,train,32.832,0.035651177,0.030113507,0.028430907132854358,0.025264577462549436,1321.5783353901952,738.322741251257,2213.0900885428746,635.9120017072374,2638.2808694593277,1853.9967629092546
train_audio/soulap1/XC437635.ogg,XC437635.ogg,soulap1,Southern Lapwing,Vanellus chilensis,train,53.88,0.054246835,0.07270734,0.03826034437165974,0.037765112883333174,1818.9876423576209,777.5879110355562,2769.2746438534173,558.3923161034076,3647.876150534442,1544.361145831644
train_audio/soulap1/XC1000536.ogg,XC1000536.ogg,soulap1,Southern Lapwing,Vanellus chilensis,train,36.7809375,0.02378352,0.029147204,0.16857851749401914,0.14108590938670745,4829.656264869184,1756.7936275842915,4109.515836142781,643.7557810546159,9729.332046541975,2154.5010441876198
train_audio/soulap1/XC913100.ogg,XC913100.ogg,soulap1,Southern Lapwing,Vanellus chilensis,train,95.86521875,0.023247214,0.025569461,0.11915203344042057,0.056839046596157794,2797.272532118085,761.9550788472118,2759.573967375451,561.0575492886238,4849.875354639519,1645.4298132625995
train_audio/soulap1/iNat586191.ogg,iNat586191.ogg,soulap1,Southern Lapwing,Vanellus chilensis,train,26.906,0.0038920129,0.0071331854,0.10814036257060047,0.03414336670602822,4326.564637207101,441.67579196676377,4429.99579911424,432.63459738907795,10040.325876932224,1392.259702302953
train_audio/soulap1/iNat133818.ogg,iNat133818.ogg,soulap1,Southern Lapwing,Vanellus chilensis,train,6.03428125,0.33656463,0.24635065,0.06414310515873016,0.056353147255053436,2081.838453774557,1082.746385191821,2259.398396136295,670.4367232143585,3958.0439814814813,1805.5274515082717
train_audio/soulap1/XC232487.ogg,XC232487.ogg,soulap1,Southern Lapwing,Vanellus chilensis,train,6.744,0.031233106,0.025635902,0.17546999962973933,0.05073415303476529,2924.170377962635,706.1682134439702,1720.6758203420716,466.2702044212357,4225.896030805688,1080.78243203591
train_audio/soulap1/iNat1190246.ogg,iNat1190246.ogg,soulap1,Southern Lapwing,Vanellus chilensis,train,7.59090625,0.011563257,0.0051130103,0.3109878700657895,0.041840021939581154,4799.8092008571675,610.398967540642,3165.1021062517975,290.01892534680314,7942.6973684210525,1311.359044382029
train_audio/soulap1/XC130867.ogg,XC130867.ogg,soulap1,Southern Lapwing,Vanellus chilensis,train,7.512,0.017515803,0.020321213,0.2688507729388298,0.05014101080677878,5233.087399773718,349.590108110299,2599.594219471719,215.67645606429298,7910.139627659574,351.3942966917189
train_audio/soulap1/XC955571.ogg,XC955571.ogg,soulap1,Southern Lapwing,Vanellus chilensis,train,26.253,0.034207046,0.024042347,0.4715044299398233,0.02774724254240849,7328.948667495805,441.7975981224035,3270.0543417480867,260.3148329456233,9977.186166971358,728.380943468797
train_audio/soulap1/XC384670.ogg,XC384670.ogg,soulap1,Southern Lapwing,Vanellus chilensis,train,10.55346875,0.021244092,0.016404495,0.18133138020833334,0.057413946760507234,3807.858805054291,693.9789219271324,2662.2360978464594,489.55448415296127,5898.674242424242,1157.6358479985818
train_audio/soulap1/XC571087.ogg,XC571087.ogg,soulap1,Southern Lapwing,Vanellus chilensis,train,47.424,0.03217248,0.03189695,0.27144979184232715,0.05610721437486451,4944.843767868657,751.0882787804816,3277.8185455781313,701.794830723626,8103.08284148398,1891.9906556275416
train_audio/soulap1/XC395335.ogg,XC395335.ogg,soulap1,Southern Lapwing,Vanellus chilensis,train,17.188,0.033830643,0.059269357,0.15154569404069768,0.034983721164871744,3164.598478395304,572.2091814118199,2829.0929908300886,287.37525524845694,5141.104651162791,1055.1987065330702
train_audio/soulap1/XC287588.ogg,XC287588.ogg,soulap1,Southern Lapwing,Vanellus chilensis,train,146.5208125,0.0495714,0.06423577,0.1682121441806344,0.06870260200678224,3645.106721409945,744.1142345325906,2997.7819115989037,587.102549518275,6681.719534832933,1376.9899825305708
train_audio/soulap1/iNat746038.ogg,iNat746038.ogg,soulap1,Southern Lapwing,Vanellus chilensis,train,9.54340625,0.027146753,0.031390075,0.03931113902847571,0.03959039481688168,1656.3928229665762,1016.0395260799562,2434.639042493116,792.4020909093088,3457.600502512563,2312.8145812562498
train_audio/soulap1/iNat446017.ogg,iNat446017.ogg,soulap1,Southern Lapwing,Vanellus chilensis,train,5.4305625,0.051871065,0.0077063744,0.08530991498161765,0.02944960722681108,2704.7992575047692,399.24699720368,3456.7005455220947,150.2097489258867,5981.847426470588,679.9046216244192
train_audio/soulap1/iNat850833.ogg,iNat850833.ogg,soulap1,Southern Lapwing,Vanellus chilensis,train,12.35303125,0.005206488,0.0060849157,0.163850890402652,0.08469139621798742,3857.401352575181,999.7246604046767,3984.760070727803,469.0398825787638,8132.863033635188,2379.834820855777
train_audio/soulap1/XC384415.ogg,XC384415.ogg,soulap1,Southern Lapwing,Vanellus chilensis,train,14.76,0.08960326,0.08645773,0.0430671468716143,0.05756977744169627,2077.138117396034,1067.0840441847233,2587.3646369186995,446.4777645442481,4176.242551462622,2064.751791930115
train_audio/soulap1/iNat1137284.ogg,iNat1137284.ogg,soulap1,Southern Lapwing,Vanellus chilensis,train,14.95365625,0.012547508,0.013414578,0.15639726771390375,0.06186268872383834,3080.033114432518,814.1449529547199,2358.1953199245913,665.2678041285683,4886.747994652406,1468.4532954080544
train_audio/soulap1/iNat1220389.ogg,iNat1220389.ogg,soulap1,Southern Lapwing,Vanellus chilensis,train,9.856,0.021217665,0.009243049,0.08191887408833064,0.06238696952074037,2969.92360571401,850.9188696960349,3201.640926850333,275.21693403668854,6459.683954619125,1176.9869726622699
train_audio/soulap1/XC51499.ogg,XC51499.ogg,soulap1,Southern Lapwing,Vanellus chilensis,train,23.7714375,0.032957517,0.04360531,0.2688678315317968,0.06314221073698705,5338.385445185363,865.7777894815338,3583.974430890855,590.7584144250059,9452.452052489905,2094.8818107148404
train_audio/soulap1/XC118896.ogg,XC118896.ogg,soulap1,Southern Lapwing,Vanellus chilensis,train,32.86203125,0.17703854,0.0800693,0.05092792455270204,0.05779148409366821,2806.7099897564194,1306.9433147073107,3236.804733154396,447.7706404627764,6164.412426971762,2117.292732877656
train_audio/soulap1/iNat1580458.ogg,iNat1580458.ogg,soulap1,Southern Lapwing,Vanellus chilensis,train,13.63178125,0.028083941,0.010677452,0.08333333333333333,0.08494337269268243,3253.8993491845476,1335.7708229866596,3771.811965007124,407.5327617226124,7135.875146713615,2587.752458826744
train_audio/soulap1/XC439642.ogg,XC439642.ogg,soulap1,Southern Lapwing,Vanellus chilensis,train,17.3975625,0.022510247,0.029423596,0.17022166532628677,0.0414735250388392,4084.0197515778505,617.2148209466532,3155.3144560367764,696.8988475763276,7387.049057904412,1772.6025825418055
train_audio/soulap1/XC359463.ogg,XC359463.ogg,soulap1,Southern Lapwing,Vanellus chilensis,train,10.9453125,0.0031118644,0.0017504086,0.14471088047445255,0.054924581813517934,3517.9863416061607,557.7370108484982,3472.6237373306503,413.870148649401,7408.006386861314,963.0964994837146
train_audio/soulap1/XC1034704.ogg,XC1034704.ogg,soulap1,Southern Lapwing,Vanellus chilensis,train,25.286,0.015613602,0.014833977,0.22016759072580644,0.023543342869186797,3871.7790214354955,288.6324693832909,2393.773392537543,491.5819384257064,6153.1368595825425,801.6771526455832
train_audio/soulap1/XC560824.ogg,XC560824.ogg,soulap1,Southern Lapwing,Vanellus chilensis,train,18.912,0.04122794,0.046470843,0.09067626334002536,0.05703390050446732,1648.5481695533858,664.8111539028962,1265.953862807709,287.15426212565336,2951.8570371935757,822.3420581535604
train_audio/soulap1/iNat516958.ogg,iNat516958.ogg,soulap1,Southern Lapwing,Vanellus chilensis,train,21.85,0.014216383,0.013523789,0.12361415343612737,0.05715728961716436,2585.2222683081595,713.6007847316881,2149.169399558008,365.03921422451185,4491.466874084919,888.5060138151514
train_audio/soulap1/XC806659.ogg,XC806659.ogg,soulap1,Southern Lapwing,Vanellus chilensis,train,34.298,0.015653813,0.0098458445,0.14243168617362406,0.08377784946217448,3383.175505109617,1110.1960061183222,2895.354353901273,277.47799495765776,6104.900303171642,1276.3112833642185
train_audio/soulap1/iNat1506567.ogg,iNat1506567.ogg,soulap1,Southern Lapwing,Vanellus chilensis,train,6.47809375,0.022712443,0.009831233,0.07981770833333333,0.09081036483711295,2245.254958006244,1230.5341520927716,2755.9642952609406,512.5971525522847,4500.347222222223,2102.9070074409956
train_audio/soulap1/iNat660075.ogg,iNat660075.ogg,soulap1,Southern Lapwing,Vanellus chilensis,train,16.20753125,0.010089428,0.0036971977,0.18415481552319843,0.04708816470131579,4712.717180866397,549.6944934830141,3740.8074113959124,576.5124510679613,8679.124506416585,1879.3955766978659
train_audio/soulap1/iNat451818.ogg,iNat451818.ogg,soulap1,Southern Lapwing,Vanellus chilensis,train,6.72,0.055761795,0.036154233,0.16519099799584322,0.07549269185200685,2871.959530715833,998.3377494036912,1966.4163826135598,650.4904055679475,4274.235451306413,1696.6048240127852
train_audio/soulap1/iNat532466.ogg,iNat532466.ogg,soulap1,Southern Lapwing,Vanellus chilensis,train,31.53271875,0.0058029112,0.0053606583,0.11551926766235414,0.0314708302767281,2374.073336809751,324.16338673473115,2190.92078992928,311.0311345824341,3895.341831557585,506.46042793795044
train_audio/soulap1/XC591190.ogg,XC591190.ogg,soulap1,Southern Lapwing,Vanellus chilensis,train,29.72734375,0.039317347,0.022771867,0.09227096508342303,0.10928678257861449,1926.2670872194274,1683.9246712072681,2128.926953422747,919.4048995213647,3189.6949004305707,2962.886812250952
train_audio/soulap1/XC871852.ogg,XC871852.ogg,soulap1,Southern Lapwing,Vanellus chilensis,train,74.344,0.026073202,0.0329574,0.09133948565606843,0.0637990749951034,2129.4859867690807,925.1424666446062,2199.800580869646,233.583140409631,4040.0527221863567,1115.2814321227197
train_audio/soulap1/XC131751.ogg,XC131751.ogg,soulap1,Southern Lapwing,Vanellus chilensis,train,6.9485625,0.18285938,0.09045006,0.03371048850574713,0.07495991573145074,3409.4188024596647,836.0426504156445,4185.568308898554,631.7490241706852,8517.420977011494,1277.3297040366185
train_audio/soulap1/iNat869425.ogg,iNat869425.ogg,soulap1,Southern Lapwing,Vanellus chilensis,train,9.299,0.07971899,0.03569959,0.14482572889819587,0.017402806628477003,2968.3042582272715,264.67907569759325,2465.8546130159048,418.2418117571703,5113.64368556701,1277.448044896408
train_audio/soulap1/iNat789207.ogg,iNat789207.ogg,soulap1,Southern Lapwing,Vanellus chilensis,train,35.0,0.025033105,0.05407416,0.1210147501999543,0.06233025145533371,2529.5724455292075,750.3172222644049,2037.7487099549087,364.86840165636033,4610.43904250457,1010.9807621647826
train_audio/soulap1/iNat53369.ogg,iNat53369.ogg,soulap1,Southern Lapwing,Vanellus chilensis,train,10.4838125,0.008925767,0.0060614035,0.27689194097751524,0.057425782542222345,5733.3059036683035,586.6213572168325,3652.3213049613946,223.053664601815,10248.761432926829,756.9712311578892
train_audio/soulap1/XC128035.ogg,XC128035.ogg,soulap1,Southern Lapwing,Vanellus chilensis,train,90.0963125,0.03332183,0.06066936,0.3164063366976651,0.07323764411238519,5915.827498169748,902.2195920451269,3797.077187350845,703.098529093208,10392.938787286932,2126.234710722485
train_audio/soulap1/iNat862588.ogg,iNat862588.ogg,soulap1,Southern Lapwing,Vanellus chilensis,train,4.20659375,0.03344739,0.012700259,0.05013887238593156,0.030147298495121957,1915.2650426790099,579.4203786050392,2398.053942856006,401.50597183753877,3902.68536121673,1184.9599453088179
train_audio/soulap1/XC680182.ogg,XC680182.ogg,soulap1,Southern Lapwing,Vanellus chilensis,train,19.25225,0.020233175,0.017190736,0.14368284105066445,0.042515636899282526,3243.4321077551754,418.3962486253089,3253.584613206407,479.6934132060075,5855.455772425249,1073.812734653938
train_audio/soulap1/XC296138.ogg,XC296138.ogg,soulap1,Southern Lapwing,Vanellus chilensis,train,11.67675,0.01688093,0.014091434,0.12737920055650684,0.053530020891689754,2409.4659711866025,524.8573730686571,1924.970804647258,568.9767392701102,3587.136130136986,795.779322474088
train_audio/soulap1/XC364097.ogg,XC364097.ogg,soulap1,Southern Lapwing,Vanellus chilensis,train,252.238375,0.053604502,0.027181653,0.07267009470147479,0.07107019521540348,2307.9296815893545,1063.3265691025936,2613.357250606115,411.98445323692397,4032.331311449413,1549.5685826368717
train_audio/soulap1/iNat1216593.ogg,iNat1216593.ogg,soulap1,Southern Lapwing,Vanellus chilensis,train,13.68815625,0.01596413,0.03160768,0.23564361857476634,0.09083841355577818,4929.587110630127,1195.2979848637322,3970.940694775809,440.97075981302874,9388.270297897196,2004.3569548167739
train_audio/soulap1/XC85479.ogg,XC85479.ogg,soulap1,Southern Lapwing,Vanellus chilensis,train,19.7485625,0.041264918,0.039688062,0.18856275303643724,0.022418280978712096,3596.987197040751,340.40090512259167,2585.6333035561147,199.56430454914016,5707.034412955466,542.4686361761175
train_audio/soulap1/iNat122506.ogg,iNat122506.ogg,soulap1,Southern Lapwing,Vanellus chilensis,train,41.4116875,0.032721356,0.038134184,0.20943361638180766,0.03427320735165437,4021.3861011715817,356.89234494721893,2840.8010985914334,418.8613991031173,6293.109067207416,788.5287378515368
train_audio/soulap1/iNat39863.ogg,iNat39863.ogg,soulap1,Southern Lapwing,Vanellus chilensis,train,4.83265625,0.017029932,0.0034102048,0.04147651093234323,0.027521101197851814,1568.508594426132,494.10613414268306,1973.3168624700681,228.65079930522737,3240.5631188118814,879.57868150534
train_audio/soulap1/iNat878578.ogg,iNat878578.ogg,soulap1,Southern Lapwing,Vanellus chilensis,train,29.596,0.06240628,0.05679049,0.11103964315878379,0.0809931728722278,3157.1749385267576,1049.4157992938444,2679.8491937315516,401.55301956361967,5499.966216216216,1311.703727617051
train_audio/soulap1/XC699645.ogg,XC699645.ogg,soulap1,Southern Lapwing,Vanellus chilensis,train,18.12896875,0.043664645,0.051039916,0.19589421778549382,0.07613303737068874,4332.586427290264,1187.1726400507414,3112.7731505920306,729.5737241625322,7619.295634920635,2254.1349107621736
train_audio/soulap1/XC534168.ogg,XC534168.ogg,soulap1,Southern Lapwing,Vanellus chilensis,train,14.7330625,0.038467787,0.03450354,0.1713109052660152,0.02311277139555756,3634.534040529329,509.27832749009997,2643.617961855012,615.0294209784505,6133.737106406081,1797.6285437385518
train_audio/soulap1/XC413530.ogg,XC413530.ogg,soulap1,Southern Lapwing,Vanellus chilensis,train,38.2955,0.040939074,0.07403608,0.2493189761513158,0.08830328006099568,3809.504287020973,864.1659369326397,2636.6990313717047,729.0921811538047,6412.613565162907,1632.0139013731812
train_audio/soulap1/XC458976.ogg,XC458976.ogg,soulap1,Southern Lapwing,Vanellus chilensis,train,4.91103125,0.022730617,0.02732206,0.18086605506921824,0.03853303987875578,4240.05472568613,678.5385902781554,3163.3205858882084,697.0319475605255,7408.845684039088,2145.116117445537
train_audio/soulap1/iNat563107.ogg,iNat563107.ogg,soulap1,Southern Lapwing,Vanellus chilensis,train,18.459875,0.0071010184,0.0058858437,0.15680555743609184,0.05556885518856507,3533.815552430451,673.9090460696221,2686.8821165024906,312.4429488707556,6046.888539861352,1235.5622518618839
train_audio/soulap1/iNat766947.ogg,iNat766947.ogg,soulap1,Southern Lapwing,Vanellus chilensis,train,25.9599375,0.009675696,0.007874647,0.21799486387091804,0.046759572761285596,3974.209884229624,809.8997965922772,3207.246075794623,497.1460231317617,7113.533964879852,1129.2438239718083
train_audio/soulap1/XC131754.ogg,XC131754.ogg,soulap1,Southern Lapwing,Vanellus chilensis,train,17.03184375,0.28230312,0.08557477,0.18154892899061034,0.07018162612525371,4177.156688884038,635.2503472725772,2908.526736725377,412.8466734176724,6743.603286384977,902.7892357787757
train_audio/soulap1/XC385646.ogg,XC385646.ogg,soulap1,Southern Lapwing,Vanellus chilensis,train,9.16896875,0.1222724,0.06359399,0.039595866452526135,0.034252864152169084,1698.4647420953363,796.7661648350398,2699.8259575569373,684.0405150517577,3386.623475609756,2196.522674666806
train_audio/soulap1/iNat723571.ogg,iNat723571.ogg,soulap1,Southern Lapwing,Vanellus chilensis,train,12.29165625,0.020866659,0.014592676,0.20978759448146944,0.05342728114029359,4015.827041272511,860.5814569739928,2909.106651408083,551.2892402870074,6629.632639791937,1768.1685126204516
train_audio/soulap1/iNat758894.ogg,iNat758894.ogg,soulap1,Southern Lapwing,Vanellus chilensis,train,2.48446875,0.02452155,0.004716036,0.10648287259615384,0.04590085281906464,2443.8172223500337,561.869526980271,2441.511223792066,233.40812875654768,5124.098557692308,1103.6301692517723
train_audio/soulap1/XC66050.ogg,XC66050.ogg,soulap1,Southern Lapwing,Vanellus chilensis,train,9.40409375,0.02139921,0.033782877,0.3973870309842687,0.06248935793403011,6226.889058113293,829.3709924964252,2665.8678390925857,267.6197601427615,8611.288265306122,673.7390786984553
train_audio/soulap1/iNat1203529.ogg,iNat1203529.ogg,soulap1,Southern Lapwing,Vanellus chilensis,train,0.864,0.42053622,0.15876572,0.10649857954545454,0.028639898260929126,1917.3085152950061,489.237118303178,1656.6254012923246,495.22285159549153,3043.75,419.08695737389525
train_audio/soulap1/iNat1456183.ogg,iNat1456183.ogg,soulap1,Southern Lapwing,Vanellus chilensis,train,11.98934375,0.078635424,0.025618833,0.07103450520833333,0.02872952801405929,2101.152825631757,555.5103430255174,2273.876177729221,323.4693658988193,4078.8125,1021.5920142060545
train_audio/soulap1/iNat158028.ogg,iNat158028.ogg,soulap1,Southern Lapwing,Vanellus chilensis,train,8.832,0.0041775513,0.0028255912,0.11513459962703436,0.060972818349375624,1884.3561216234139,619.7991893319131,1145.0258267110698,162.71480122590646,3106.4082278481014,389.1734237023495
train_audio/soulap1/XC893888.ogg,XC893888.ogg,soulap1,Southern Lapwing,Vanellus chilensis,train,20.41271875,0.00688911,0.009187495,0.3568562953076019,0.051678464135016935,6022.513585927621,460.3642975271138,3789.1977504136385,284.4864686735522,9918.042221786834,447.6448618963379
train_audio/soulap1/iNat139040.ogg,iNat139040.ogg,soulap1,Southern Lapwing,Vanellus chilensis,train,2.531,0.006838076,0.0015516427,0.048726783608490566,0.013025639499034842,1921.0957302251163,234.03691279143152,2674.270556520555,259.26246612992213,3827.240566037736,451.53546728123933
train_audio/soulap1/XC837994.ogg,XC837994.ogg,soulap1,Southern Lapwing,Vanellus chilensis,train,7.601625,0.022676023,0.014668078,0.22155351398371848,0.03750926162770649,3829.308822883146,492.9167320077137,2246.413427951261,413.6180989952741,5603.138130252101,880.7636505997664
train_audio/soulap1/XC361429.ogg,XC361429.ogg,soulap1,Southern Lapwing,Vanellus chilensis,train,38.16490625,0.059705026,0.03408658,0.04272481401927913,0.05187816413282041,2078.4515389578287,1140.1219232040703,2946.668864420206,527.657942019345,4208.108497485331,2414.6139573724668
train_audio/soulap1/XC375519.ogg,XC375519.ogg,soulap1,Southern Lapwing,Vanellus chilensis,train,16.22203125,0.18223183,0.07419622,0.02649479551898422,0.038851901974802226,1178.9905650709707,1089.925252862565,1890.6948314035205,629.6831196163047,2044.79474852071,2183.3747372653556
train_audio/soulap1/iNat652413.ogg,iNat652413.ogg,soulap1,Southern Lapwing,Vanellus chilensis,train,8.08021875,0.004196729,0.0026755738,0.03994352921195652,0.045025018288917945,1651.83063444145,939.4966992564496,2825.040896114043,528.8456621706657,3137.6605731225295,2395.768038961876
train_audio/soulap1/iNat816124.ogg,iNat816124.ogg,soulap1,Southern Lapwing,Vanellus chilensis,train,9.33334375,0.026971709,0.021260072,0.01191941352739726,0.024188590644826757,679.7509599990829,659.1602897048114,1903.9356231547833,791.7799174596238,795.456977739726,1591.1970615257567
train_audio/soulap1/XC475609.ogg,XC475609.ogg,soulap1,Southern Lapwing,Vanellus chilensis,train,54.67428125,0.048586182,0.028800331,0.11320953636995319,0.05697563995152496,2676.314051608308,584.9812103667065,2325.363689385327,417.29242909218885,4287.787083089526,770.4482807600123
train_audio/soulap1/XC668987.ogg,XC668987.ogg,soulap1,Southern Lapwing,Vanellus chilensis,train,25.86121875,0.009706939,0.010167813,0.10645557939084725,0.045325426142957044,2790.5975357901316,428.76632563567233,2856.6853317101622,491.7211885985633,5255.614177489178,958.8014188407797
train_audio/soulap1/iNat1506568.ogg,iNat1506568.ogg,soulap1,Southern Lapwing,Vanellus chilensis,train,2.530875,0.040517677,0.020990154,0.06724461969339622,0.0979004558283263,2099.5522299163613,1458.271930553845,2770.1095332821915,523.2465326672097,4105.247641509434,2416.9145238790225
train_audio/soulap1/iNat1718324.ogg,iNat1718324.ogg,soulap1,Southern Lapwing,Vanellus chilensis,train,6.1866875,0.124148384,0.06639658,0.0436374555878553,0.10557449990057756,1618.5236258909686,1812.8980712335124,2426.8573945097305,971.0214685399034,2910.691214470284,3170.759799952657
train_audio/soulap1/XC343265.ogg,XC343265.ogg,soulap1,Southern Lapwing,Vanellus chilensis,train,60.96978125,0.02938941,0.02926358,0.09622971537982157,0.06516651971659043,2824.344398265887,1079.0156906101263,3002.950393911279,492.1942984377282,5907.0289950144315,1912.1333650238018
train_audio/soulap1/iNat1685486.ogg,iNat1685486.ogg,soulap1,Southern Lapwing,Vanellus chilensis,train,0.20896875,0.43328103,0.118745275,0.19151088169642858,0.0515214165413992,3101.42817403589,630.1038019270488,2333.7606815119743,390.0279755282588,4830.357142857143,250.61706371983342
train_audio/soulap1/iNat737934.ogg,iNat737934.ogg,soulap1,Southern Lapwing,Vanellus chilensis,train,7.68,0.017185846,0.008124691,0.19051597420738045,0.012365119843851271,2790.603006215422,152.02397916344887,755.8908339962582,129.09156771204673,3409.920738045738,102.68624875560967
train_audio/soulap1/XC577147.ogg,XC577147.ogg,soulap1,Southern Lapwing,Vanellus chilensis,train,41.4563125,0.032472953,0.03799296,0.2091727551118827,0.03442862439946698,4011.062744240903,357.53483470323346,2829.7796664177463,419.455073890226,6261.652440200617,778.489616854909
train_audio/soulap1/XC170034.ogg,XC170034.ogg,soulap1,Southern Lapwing,Vanellus chilensis,train,19.35675,0.03827748,0.032701287,0.25968411027892563,0.04356885851946729,4562.665978339571,777.8800881180181,2483.4586302923453,779.7453949350954,6557.6575413223145,2181.123971302299
train_audio/soulap1/XC1048330.ogg,XC1048330.ogg,soulap1,Southern Lapwing,Vanellus chilensis,train,20.30784375,0.07108772,0.07238246,0.09568390132874016,0.08250408720385477,2227.3129383160954,1222.545245284554,1925.709805228922,330.24440424680233,3729.970472440945,1289.4611784663484
train_audio/soulap1/XC288203.ogg,XC288203.ogg,soulap1,Southern Lapwing,Vanellus chilensis,train,20.27103125,0.042711705,0.044919845,0.305765033050513,0.06319508527465642,5192.107193582084,691.9457109131173,2635.9311076288013,295.05054041212156,7875.209648776638,1032.0328747979438
train_audio/soulap1/iNat366763.ogg,iNat366763.ogg,soulap1,Southern Lapwing,Vanellus chilensis,train,14.28,0.0038019202,0.0008040889,0.17196576672732364,0.02712255435397465,3484.46292619323,371.2137501076995,3436.7193672289404,159.5787786769066,6666.100923852184,427.2535224180831
train_audio/soulap1/iNat889587.ogg,iNat889587.ogg,soulap1,Southern Lapwing,Vanellus chilensis,train,7.29109375,0.0040242327,0.0024052516,0.31966467070997806,0.051848136398313455,5287.0732792003555,415.4465314364867,2993.250073861481,176.2091564075804,7639.459978070176,1151.2748640876528
train_audio/soulap1/iNat1405995.ogg,iNat1405995.ogg,soulap1,Southern Lapwing,Vanellus chilensis,train,0.096,0.5161791,0.10667251,0.15122767857142858,0.03887696090970457,3599.065681078266,140.13884616733185,2855.245628698152,76.41148128972254,5377.232142857143,64.3848442047141
train_audio/soulap1/iNat1491277.ogg,iNat1491277.ogg,soulap1,Southern Lapwing,Vanellus chilensis,train,23.79175,0.0038332224,0.0011027574,0.022614284738567587,0.024851766853659377,2051.7942581734533,459.20398670866956,3964.5256151933336,299.6862399596186,4793.176277740417,2034.9066603970546
train_audio/soulap1/iNat727707.ogg,iNat727707.ogg,soulap1,Southern Lapwing,Vanellus chilensis,train,7.91665625,0.01918015,0.018195128,0.07094282670454545,0.04043642578853446,1747.7306522196816,588.3936898338958,2263.322512815303,315.09083305891875,3207.7335858585857,1375.2741880715198
train_audio/soulap1/XC681554.ogg,XC681554.ogg,soulap1,Southern Lapwing,Vanellus chilensis,train,18.75590625,0.030040594,0.033027586,0.14332907075873827,0.06068112262253046,3178.9695908595527,759.3993209297528,2794.439091624128,426.8924308499864,5227.155264279625,1189.2305468332931
train_audio/soulap1/XC130858.ogg,XC130858.ogg,soulap1,Southern Lapwing,Vanellus chilensis,train,78.552,0.015065515,0.012084349,0.21805138986125255,0.054375118065637086,4380.349125753682,378.35874263464973,2588.077591020139,192.84154111880008,7368.046715885947,446.36604884858605
train_audio/soulap1/XC1039910.ogg,XC1039910.ogg,soulap1,Southern Lapwing,Vanellus chilensis,train,61.2665625,0.024439348,0.030155776,0.1329134709530026,0.10610287129339882,3183.7389945889363,1421.5130401996098,2743.5038411671785,550.9961244914074,5487.6346279373365,2236.185115477894
train_audio/soulap1/XC530225.ogg,XC530225.ogg,soulap1,Southern Lapwing,Vanellus chilensis,train,6.48,0.020468317,0.0129425395,0.20640345982142858,0.038959663643445885,4562.457050942173,588.5456682289584,3356.9714307027234,455.21036236177025,8501.50092364532,1528.880786748912
train_audio/soulap1/XC991822.ogg,XC991822.ogg,soulap1,Southern Lapwing,Vanellus chilensis,train,7.88509375,0.05591888,0.05094868,0.2073868138311359,0.032534581225466555,4192.6560202049895,663.5247901786489,2464.8416837518243,698.523362082993,6323.656186612576,1859.321422663008
train_audio/soulap1/XC1012156.ogg,XC1012156.ogg,soulap1,Southern Lapwing,Vanellus chilensis,train,33.358375,0.0084727835,0.0065245065,0.09762229279076738,0.07254408110839734,3155.637667754663,789.4308491011842,3728.696828822656,435.4162961104081,6633.033573141487,1144.4178378424049
train_audio/soulap1/XC991812.ogg,XC991812.ogg,soulap1,Southern Lapwing,Vanellus chilensis,train,33.01521875,0.019043127,0.03534241,0.24697805005450582,0.04370924136235056,5170.079987991494,726.2411329933975,3712.4187714136547,778.3308474580094,9589.27598110465,2014.9035190179131
train_audio/soulap1/iNat303614.ogg,iNat303614.ogg,soulap1,Southern Lapwing,Vanellus chilensis,train,6.99734375,0.017161552,0.010892311,0.09178795662100457,0.04713218341558611,2674.7822586787006,742.7099113644772,2877.6709651643723,630.2111530893701,4765.589326484018,1223.0189998838944
train_audio/soulap1/iNat1221240.ogg,iNat1221240.ogg,soulap1,Southern Lapwing,Vanellus chilensis,train,7.33859375,0.027577594,0.032637507,0.09337022569444445,0.07244380400122291,2989.7563503412407,1523.0015708932538,3255.2038326081833,471.8081659317301,6023.420479302832,2933.786303016533
train_audio/soulap1/iNat84016.ogg,iNat84016.ogg,soulap1,Southern Lapwing,Vanellus chilensis,train,31.76421875,0.008081388,0.009163943,0.05001514507804632,0.09220244530813379,1747.8067644611247,1450.2292052355597,2448.9118214234168,504.4988356473149,3158.035939073515,2097.685754769996
train_audio/soulap1/iNat319976.ogg,iNat319976.ogg,soulap1,Southern Lapwing,Vanellus chilensis,train,20.48,0.0015955581,0.00093623827,0.0744417355825527,0.03003161355310584,1377.8003803511695,304.494643849402,1165.2085122868575,98.97072134905173,2855.5449843871975,314.5052491307514
train_audio/soulap1/XC47139.ogg,XC47139.ogg,soulap1,Southern Lapwing,Vanellus chilensis,train,16.19590625,0.018387718,0.018656693,0.18583222791214216,0.050204014540540354,4382.458467684,686.6392213749672,3859.9980470052647,892.8307297864205,8905.555898321816,2308.217042902645
train_audio/soulap1/XC438580.ogg,XC438580.ogg,soulap1,Southern Lapwing,Vanellus chilensis,train,12.40815625,0.039505284,0.04380553,0.1504491432425902,0.0383240092149438,3289.0221844530265,640.9114376941194,3049.486114799259,591.0149733995494,5884.383054123711,1347.1268686778076
train_audio/soulap1/XC475624.ogg,XC475624.ogg,soulap1,Southern Lapwing,Vanellus chilensis,train,53.94284375,0.034179505,0.022995356,0.10254630273205813,0.05669055638506625,2642.2010750238755,600.941710433045,2482.1499116976684,404.44991434633056,4270.11046856465,851.1828355310374
train_audio/soulap1/XC262867.ogg,XC262867.ogg,soulap1,Southern Lapwing,Vanellus chilensis,train,14.6024375,0.031536095,0.023786075,0.08433895382667032,0.05427714988729646,2968.1089408737857,681.3630385931182,3513.8837061969452,657.2386968340638,6833.892387732749,1921.975705695233
train_audio/soulap1/XC975744.ogg,XC975744.ogg,soulap1,Southern Lapwing,Vanellus chilensis,train,45.90428125,0.07245478,0.054969836,0.04582817263719512,0.08930978689613116,1536.6841509136968,1600.930861636543,2314.809603390561,1110.3113674862943,2943.494120209059,3593.611034352009
train_audio/soulap1/XC510860.ogg,XC510860.ogg,soulap1,Southern Lapwing,Vanellus chilensis,train,22.056,0.049484838,0.048640832,0.15713768752266136,0.058825146003109466,3202.1862886253057,608.253800522988,2655.725771065233,404.32345958789585,5384.461113125453,787.4596174880651
train_audio/soulap1/iNat889586.ogg,iNat889586.ogg,soulap1,Southern Lapwing,Vanellus chilensis,train,9.35765625,0.014795737,0.00883618,0.3611895699786325,0.028082258097285238,5570.249070391233,328.59869487617345,1783.4880381814385,278.17448249970516,6371.260683760684,335.91280577004164
train_audio/soulap1/XC798879.ogg,XC798879.ogg,soulap1,Southern Lapwing,Vanellus chilensis,train,11.88,0.079903536,0.030943748,0.2127434177321669,0.019062719839117705,4133.7055118946255,323.2416485144215,2526.2226406380805,177.73374406315207,5605.253196500673,686.3395952508711
train_audio/soulap1/XC737429.ogg,XC737429.ogg,soulap1,Southern Lapwing,Vanellus chilensis,train,17.63265625,0.019533318,0.013618154,0.16664645073096102,0.051283718382668604,3188.0465183279935,538.4847833169218,2148.39478440102,666.398494751952,5115.381346328196,1256.7034855864047
train_audio/soulap1/iNat1293068.ogg,iNat1293068.ogg,soulap1,Southern Lapwing,Vanellus chilensis,train,12.19228125,0.0098081725,0.008943013,0.13181097948066842,0.08040118813579945,4157.934899205807,1275.5041768310828,3853.8042692239896,440.5285601685124,8597.640891218873,1965.6194137553448
train_audio/soulap1/XC16002.ogg,XC16002.ogg,soulap1,Southern Lapwing,Vanellus chilensis,train,22.23021875,0.062086273,0.08391628,0.22316595941996403,0.03175149836289963,4248.854157000175,419.39563973250824,2862.4305715166884,649.8282838553886,6860.139388489209,1610.2832284708768
train_audio/soulap1/iNat1637171.ogg,iNat1637171.ogg,soulap1,Southern Lapwing,Vanellus chilensis,train,0.288,0.4522933,0.094592415,0.11479749177631579,0.026873869825172727,2206.0461113464603,193.23599089666564,1783.870802462001,292.4090693964609,2933.3881578947367,186.80257527534621
train_audio/soulap1/iNat870353.ogg,iNat870353.ogg,soulap1,Southern Lapwing,Vanellus chilensis,train,7.8831875,0.00693578,0.010071402,0.16946429703346855,0.061890862484680585,4463.454828555738,1026.143166339639,3976.921248602913,630.4475915103028,9216.372971602434,2149.4464301020016
train_audio/soulap1/iNat211561.ogg,iNat211561.ogg,soulap1,Southern Lapwing,Vanellus chilensis,train,64.5050625,0.016936654,0.019756338,0.13591463603670634,0.048177768868932026,3063.953574975416,672.4373082662142,2954.2497803811,504.05311777494006,5749.038938492064,1212.5008595964173
train_audio/soulap1/XC940018.ogg,XC940018.ogg,soulap1,Southern Lapwing,Vanellus chilensis,train,68.179,0.03974465,0.053916346,0.4013277767186767,0.06528985801861956,6680.461999625807,716.4114328265362,3686.911060536673,269.1482762574419,10412.174448615673,531.5757140846997
train_audio/soulap1/iNat1278617.ogg,iNat1278617.ogg,soulap1,Southern Lapwing,Vanellus chilensis,train,32.8528125,0.0011808457,0.000397797,0.09722835017039923,0.02419630445347053,3423.2456012286407,886.2237242606958,4188.522714737186,460.9290739636441,8527.796372930867,2114.713664631169
train_audio/soulap1/XC419261.ogg,XC419261.ogg,soulap1,Southern Lapwing,Vanellus chilensis,train,10.60571875,0.11201604,0.06310397,0.1792161576168929,0.023011790036821533,3271.16731062972,368.5652699999033,1736.8797107624673,277.6098830161577,4736.1425339366515,504.5733893501132
train_audio/soulap1/iNat607071.ogg,iNat607071.ogg,soulap1,Southern Lapwing,Vanellus chilensis,train,22.208,0.03458817,0.019197794,0.049108649433045354,0.029437822123158833,1683.2291102499944,444.33253475692646,2002.221234689832,185.22982134804485,4038.4044276457885,669.8675403715744
train_audio/soulap1/XC811885.ogg,XC811885.ogg,soulap1,Southern Lapwing,Vanellus chilensis,train,11.33715625,0.045758724,0.066462055,0.10975102477080395,0.07967699460266416,3175.221245212056,851.7418457137395,3367.861875911208,655.1612652690507,6390.889456981664,1696.751630645279
train_audio/soulap1/XC902305.ogg,XC902305.ogg,soulap1,Southern Lapwing,Vanellus chilensis,train,15.24,0.006727843,0.0042333435,0.12671436417890872,0.06782967032068411,3426.0835321962927,745.5552723085848,3074.577057233239,361.3955749485332,6044.333683105981,929.9475253138637
train_audio/soulap1/XC608627.ogg,XC608627.ogg,soulap1,Southern Lapwing,Vanellus chilensis,train,18.91265625,0.0012805075,0.0009094242,0.24287802792159763,0.03624349668662115,4005.624761955734,389.43757269997826,2963.28912684748,408.65667414017344,6255.534129332206,521.4562739497027
train_audio/soulap1/iNat852142.ogg,iNat852142.ogg,soulap1,Southern Lapwing,Vanellus chilensis,train,6.0,0.0046228413,0.0007338471,0.15920436128656915,0.02495461615650289,4573.496130572763,208.8982588415514,4371.014575008912,248.83776520172873,10309.050864361701,726.1256650290045
train_audio/soulap1/XC774903.ogg,XC774903.ogg,soulap1,Southern Lapwing,Vanellus chilensis,train,8.7054375,0.060380988,0.05065232,0.10174526949541285,0.05855295475880546,2948.3717011529525,256.62932561876494,2965.452511005911,991.3759081842784,5799.512614678899,1694.796395424898
train_audio/soulap1/iNat247337.ogg,iNat247337.ogg,soulap1,Southern Lapwing,Vanellus chilensis,train,18.31184375,0.0116284285,0.005747955,0.12841157205240175,0.06020351784577631,4183.679952789717,969.2165874954446,4448.503291392426,581.1275264793687,9721.219978165938,2245.1300358141743
train_audio/soulap1/XC713161.ogg,XC713161.ogg,soulap1,Southern Lapwing,Vanellus chilensis,train,22.909,0.022965234,0.027705407,0.19350463185230446,0.059095901630050844,4275.482383334885,782.1564331356994,3315.5629896358673,521.3888303262634,7684.161138268157,1842.9855230829573
train_audio/soulap1/iNat166332.ogg,iNat166332.ogg,soulap1,Southern Lapwing,Vanellus chilensis,train,5.688875,0.023295764,0.026646538,0.17936380793539325,0.049646351873170305,3666.45063309151,645.8167670440156,2678.684384746358,220.07806489402705,6186.973314606742,765.0074162960973
train_audio/soulap1/XC816998.ogg,XC816998.ogg,soulap1,Southern Lapwing,Vanellus chilensis,train,43.36325,0.029947653,0.017713992,0.11828996017382884,0.08069936360440132,4144.464770649043,956.7392058315598,4009.9081819286876,354.1893528230333,8695.897500922169,996.4099726669225
train_audio/soulap1/iNat607072.ogg,iNat607072.ogg,soulap1,Southern Lapwing,Vanellus chilensis,train,16.384,0.038243752,0.019822244,0.048526581554878045,0.03596292798440636,1597.8111928855474,517.6172693162662,1898.5762004179976,175.821083698468,3728.5518292682927,651.3119300030799
train_audio/soulap1/XC338057.ogg,XC338057.ogg,soulap1,Southern Lapwing,Vanellus chilensis,train,37.392,0.008213773,0.008686062,0.24516334240002138,0.05119083558363225,4654.517192618546,720.6619074504205,3079.0549625250733,628.4411201254786,7863.084099657827,1829.1331005729592
train_audio/soulap1/XC974242.ogg,XC974242.ogg,soulap1,Southern Lapwing,Vanellus chilensis,train,14.75928125,0.088676006,0.019965941,0.03936774190817985,0.03348909558236444,1551.9102992053229,683.8900991197886,2167.8017179846765,363.5576900919035,2972.7620530877575,1077.780136589411
train_audio/soulap1/iNat1422602.ogg,iNat1422602.ogg,soulap1,Southern Lapwing,Vanellus chilensis,train,11.26165625,0.018766759,0.013562832,0.0833344893022017,0.057926493589648714,2302.3462041806815,704.0034284001541,2391.2452030850795,203.93470962553852,4602.871981534091,802.0951871469262
train_audio/soulap1/iNat216822.ogg,iNat216822.ogg,soulap1,Southern Lapwing,Vanellus chilensis,train,4.8994375,0.03413046,0.026833719,0.04843527331026059,0.0626048613974734,1874.8406735917094,1560.2226110363345,2569.4012160328707,951.606907100379,3765.625,3195.870842473964
train_audio/soulap1/iNat786880.ogg,iNat786880.ogg,soulap1,Southern Lapwing,Vanellus chilensis,train,17.1479375,0.027815484,0.036456622,0.19112020464085822,0.052787610717304666,3938.9855951339237,788.7461966607499,2675.125444517976,804.9836030502456,6338.648554104478,1708.1836128778953
train_audio/soulap1/iNat996764.ogg,iNat996764.ogg,soulap1,Southern Lapwing,Vanellus chilensis,train,9.792,0.0066041565,0.003562326,0.20974826034869495,0.027615448934784,3846.015575490331,348.8543022264157,2601.660023484277,263.7739784798771,6181.051182707994,524.7944138424034
train_audio/soulap1/iNat74926.ogg,iNat74926.ogg,soulap1,Southern Lapwing,Vanellus chilensis,train,3.390125,0.0012743674,0.0006123293,0.08256098909198113,0.046694816771450716,3082.7116115000367,989.8410864715646,3525.0928661931107,1146.3237510068618,6784.3455188679245,2596.8520285721893
train_audio/soulap1/iNat1495215.ogg,iNat1495215.ogg,soulap1,Southern Lapwing,Vanellus chilensis,train,3.024,0.021898175,0.007350685,0.2117932771381579,0.022316035320713894,4354.527763975101,399.93616414333775,2950.8622067152364,222.29782881991505,7412.664473684211,1005.7311477397593
train_audio/soulap1/XC1052119.ogg,XC1052119.ogg,soulap1,Southern Lapwing,Vanellus chilensis,train,78.92,0.022207612,0.030179977,0.16549844082581594,0.03423607148944035,3557.0290371124174,743.0889042605316,2627.4776911362283,572.4693114861295,5569.199143523211,1873.5443403778168
train_audio/soulap1/iNat550069.ogg,iNat550069.ogg,soulap1,Southern Lapwing,Vanellus chilensis,train,3.79728125,0.18276389,0.067503,0.025216238839285716,0.029838897453852212,778.8858545555969,795.0808115322349,1268.2839160105264,903.6301557848861,1352.875525210084,1503.6139266015753
train_audio/soulap1/iNat534296.ogg,iNat534296.ogg,soulap1,Southern Lapwing,Vanellus chilensis,train,8.704,0.02435806,0.031191275,0.16371129587155964,0.03337451685149785,2494.5165540765456,417.94577401744056,891.2020834378649,219.04027251360338,3421.3016055045873,194.4355496645091
train_audio/soulap1/iNat863343.ogg,iNat863343.ogg,soulap1,Southern Lapwing,Vanellus chilensis,train,14.88153125,0.037662517,0.027137458,0.301476696764232,0.044573965656596944,4996.049719287955,608.007356957971,2753.1250941427584,441.73163269244685,7033.851369495166,931.6571295786131
train_audio/soulap1/XC486635.ogg,XC486635.ogg,soulap1,Southern Lapwing,Vanellus chilensis,train,7.7845,0.04694772,0.062794805,0.08363545944558522,0.06834600048064808,2137.7567101909794,1393.387600426555,2128.420618283947,518.888234313783,3626.9250513347024,2264.4798148174914
train_audio/soulap1/XC861228.ogg,XC861228.ogg,soulap1,Southern Lapwing,Vanellus chilensis,train,10.41453125,0.02131304,0.021264855,0.26402214741743474,0.042787914717519145,5691.120144691256,616.1743041945141,3454.088899008177,411.8049685155654,9909.442204301075,1461.578993118631
train_audio/soulap1/XC507688.ogg,XC507688.ogg,soulap1,Southern Lapwing,Vanellus chilensis,train,12.1208125,0.014473273,0.007703,0.1618491301121372,0.03028931253286088,3388.922058160171,325.0896361930225,2920.133207016632,275.28831835227595,5846.347295514512,817.7653465619221
train_audio/soulap1/XC540445.ogg,XC540445.ogg,soulap1,Southern Lapwing,Vanellus chilensis,train,51.8008125,0.095455274,0.09692678,0.20615828515866275,0.02603690216562991,3925.931394146355,383.1216768663411,2278.8797508996495,558.90643731416,5737.588789376158,1244.1847938153649
train_audio/soulap1/XC70818.ogg,XC70818.ogg,soulap1,Southern Lapwing,Vanellus chilensis,train,6.5045,0.006458914,0.0064620245,0.1925867628992629,0.03527466333861853,4525.522238399902,461.4102248114709,3663.699070973085,704.1572122213032,8834.651412776413,1903.7150015076159
train_audio/soulap1/XC269293.ogg,XC269293.ogg,soulap1,Southern Lapwing,Vanellus chilensis,train,7.5755,0.07516611,0.09140281,0.243742995121308,0.041511053897799736,4649.049758801025,741.892968253921,2640.022847909446,441.7671399519821,6838.310917721519,1576.7904593103026
train_audio/soulap1/XC625531.ogg,XC625531.ogg,soulap1,Southern Lapwing,Vanellus chilensis,train,13.3746875,0.058471452,0.06540575,0.22531609786184212,0.02368464919469379,4667.830755995382,542.7856607082059,3292.93585060637,747.5777021003337,8071.938546650717,2087.2642179060676
train_audio/soulap1/iNat347344.ogg,iNat347344.ogg,soulap1,Southern Lapwing,Vanellus chilensis,train,42.98015625,0.011705391,0.022005104,0.17581250581503535,0.07218516855632053,4339.331026259255,884.1323376992395,3545.00484574813,560.4268895713941,8520.096762188314,1433.7615358072997
train_audio/soulap1/XC460550.ogg,XC460550.ogg,soulap1,Southern Lapwing,Vanellus chilensis,train,12.56490625,0.023217604,0.022989227,0.11903812321087787,0.07172211471848886,3065.3293691377626,953.4445722743477,2794.023436756693,440.0446195147045,4875.457220101781,1371.255628186056
train_audio/soulap1/iNat613479.ogg,iNat613479.ogg,soulap1,Southern Lapwing,Vanellus chilensis,train,11.95828125,0.0049719913,0.0018553493,0.041810713987299464,0.016393739387062855,1947.2585384814313,477.9319143972684,2830.591795841659,525.0896789501502,4007.520053475936,1063.2380387387325
train_audio/soulap1/XC521724.ogg,XC521724.ogg,soulap1,Southern Lapwing,Vanellus chilensis,train,7.824,0.044297144,0.024942897,0.10441944355867347,0.043114275251675674,2087.8797251388473,477.7541138431201,2000.1022148260486,371.3264746953633,3394.7704081632655,777.1465930381164
train_audio/soulap1/iNat1376809.ogg,iNat1376809.ogg,soulap1,Southern Lapwing,Vanellus chilensis,train,12.097625,0.0032148715,0.0032380382,0.1684525160997358,0.06708200730320008,5374.321497693053,1184.4635989611172,4761.7233203526575,481.1084124850668,11606.939398943197,1687.8968667031238
train_audio/soulap1/XC131138.ogg,XC131138.ogg,soulap1,Southern Lapwing,Vanellus chilensis,train,14.16,0.027328892,0.039769962,0.10255780015519188,0.07856847250244352,3081.109648756974,835.8285365996551,2495.3029372614533,349.29475921270387,5694.289644469526,920.9335195343546
train_audio/soulap1/iNat1335722.ogg,iNat1335722.ogg,soulap1,Southern Lapwing,Vanellus chilensis,train,11.352,0.005273836,0.0043388377,0.2558476837588028,0.10276092428607028,6198.601154811435,911.6602094382702,4378.351676880666,326.94261616054155,10911.113556338029,1267.5438920388212
train_audio/soulap1/XC563293.ogg,XC563293.ogg,soulap1,Southern Lapwing,Vanellus chilensis,train,10.584,0.012251872,0.011269485,0.137091967994713,0.03382520592982228,2686.708251627399,479.1624249477451,2125.0899390763725,470.85561655753685,5071.2566087613295,1118.9313509483673
train_audio/soulap1/XC85478.ogg,XC85478.ogg,soulap1,Southern Lapwing,Vanellus chilensis,train,32.36571875,0.025776125,0.049862847,0.2607112927891745,0.0472209518519979,5377.267865938799,714.2561756021533,3875.422089248013,843.4019200955829,10072.440373208106,2227.4393165776223
train_audio/soulap1/XC442652.ogg,XC442652.ogg,soulap1,Southern Lapwing,Vanellus chilensis,train,39.549375,0.01883445,0.04550565,0.22520352953074432,0.07896751601467428,4309.907571722339,853.1356601263076,3177.1308982831097,448.6099046040781,7036.584749190939,1399.2138535187394
train_audio/soulap1/XC974094.ogg,XC974094.ogg,soulap1,Southern Lapwing,Vanellus chilensis,train,18.834,0.04153809,0.04607076,0.1945353121020798,0.03983678243076098,3624.6580064160034,535.1657081858675,2495.6509150542647,532.129958598568,5987.067593378608,1141.5501996849202
train_audio/soulap1/iNat1191138.ogg,iNat1191138.ogg,soulap1,Southern Lapwing,Vanellus chilensis,train,13.66203125,0.001220556,0.0005627449,0.05067318775614754,0.037082233552499934,2635.780118716042,537.6123423295439,3958.827711765893,327.15541279044254,6345.634514051522,1623.4418352097555
train_audio/soulap1/iNat634739.ogg,iNat634739.ogg,soulap1,Southern Lapwing,Vanellus chilensis,train,5.041,0.0022164737,0.00046648332,0.31417962569224683,0.04318128428385476,5611.119142989686,440.82459137482795,4033.892049140177,163.011523171499,10340.634889240506,765.9410069570358
train_audio/soulap1/XC421860.ogg,XC421860.ogg,soulap1,Southern Lapwing,Vanellus chilensis,train,15.386125,0.047395952,0.06934274,0.18068030470374222,0.05340043436824143,3733.1738285101437,575.0547685131426,2733.659149474287,547.6937992423461,6067.924896049896,902.6474368846555
train_audio/soulap1/iNat307834.ogg,iNat307834.ogg,soulap1,Southern Lapwing,Vanellus chilensis,train,21.43203125,0.0052137026,0.0068947193,0.12989775244869403,0.05133382770635339,3781.8132294298734,749.697221028531,3708.315245438624,582.9331243157823,7923.7173507462685,1728.5087701003113
train_audio/soulap1/XC690730.ogg,XC690730.ogg,soulap1,Southern Lapwing,Vanellus chilensis,train,25.96571875,0.06293819,0.0644135,0.26745327181531114,0.05058961495789036,4585.558072430266,609.1257320989843,2190.133939510112,429.8782543462918,6818.36298521257,1083.7657193350694
train_audio/soulap1/iNat149380.ogg,iNat149380.ogg,soulap1,Southern Lapwing,Vanellus chilensis,train,22.54659375,0.0012275708,0.0006377712,0.15009038397606383,0.054612988647995325,3619.3033655907016,668.6045303372713,3720.1446838205,462.25214540789796,7540.791223404255,1693.8371802157421
train_audio/soulap1/iNat871534.ogg,iNat871534.ogg,soulap1,Southern Lapwing,Vanellus chilensis,train,9.84534375,0.021056635,0.0021621017,0.06981232878449675,0.01917016933510433,1798.4896830707742,178.49109609503256,2212.6413126897164,127.67147618266308,3180.1440746753246,230.25624938947914
train_audio/soulap1/XC130484.ogg,XC130484.ogg,soulap1,Southern Lapwing,Vanellus chilensis,train,96.6008125,0.010197758,0.018534875,0.3152255765568069,0.07749930377872989,5905.426535887376,936.3618795536056,3812.4708277552595,689.0531631679396,10402.368333885392,2138.0175140207994
train_audio/soulap1/iNat863077.ogg,iNat863077.ogg,soulap1,Southern Lapwing,Vanellus chilensis,train,61.07428125,0.0077289036,0.004402531,0.12831936611936878,0.06431047878398755,3912.7801135590807,820.7006502727542,3955.6975670392085,450.055358812153,9120.801139339968,1268.5052950133722
train_audio/soulap1/XC355326.ogg,XC355326.ogg,soulap1,Southern Lapwing,Vanellus chilensis,train,24.71184375,0.004736462,0.0034666967,0.31080760770631066,0.07122072672507063,5363.655641776132,533.4677279102076,3316.8061486117554,257.46888484773757,8327.42718446602,284.2433076543402
train_audio/soulap1/XC446954.ogg,XC446954.ogg,soulap1,Southern Lapwing,Vanellus chilensis,train,19.3045,0.057442755,0.06674431,0.2730426677713339,0.019415993880629773,4137.541463566145,320.8778553696633,2376.205495800856,294.0775283558304,6606.695318972659,568.9048212285329
train_audio/soulap1/iNat586506.ogg,iNat586506.ogg,soulap1,Southern Lapwing,Vanellus chilensis,train,23.614,0.004990849,0.014119899,0.13876450287940378,0.0253017186152121,3933.8887553736718,355.06778075519907,4099.960980630283,385.14735072065287,9141.048441734418,1215.7871186611503
train_audio/soulap1/iNat21042.ogg,iNat21042.ogg,soulap1,Southern Lapwing,Vanellus chilensis,train,21.2695,0.002079918,0.0005291904,0.11251505227913534,0.031262428669121795,3001.341571729801,351.5290707802555,3198.727184247615,355.0016610145365,6011.043233082707,923.3794870229535
train_audio/soulap1/XC9046.ogg,XC9046.ogg,soulap1,Southern Lapwing,Vanellus chilensis,train,8.15,0.06605258,0.054476123,0.15072859221813725,0.06836670111244045,3881.883535719965,666.2137756133693,3343.6140274332847,1018.0198918791014,7525.919117647059,2341.7207959199213
train_audio/soulap1/XC489125.ogg,XC489125.ogg,soulap1,Southern Lapwing,Vanellus chilensis,train,49.841625,0.03770363,0.047520116,0.1317456775513479,0.06308960343072244,3358.8628866355243,711.9201211644262,3345.948966671507,681.4885587660773,6353.834042041079,1641.1126928366543
train_audio/soulap1/XC428133.ogg,XC428133.ogg,soulap1,Southern Lapwing,Vanellus chilensis,train,10.392,0.08452635,0.050269365,0.1946739783653846,0.03588208911503583,3620.2130302500404,215.42267383613756,2316.8203706862773,423.403795907602,5389.326923076923,506.87784320188433
train_audio/soulap1/XC415812.ogg,XC415812.ogg,soulap1,Southern Lapwing,Vanellus chilensis,train,7.368,0.020273374,0.023038458,0.18633384456344904,0.02844687086783056,4343.700094950343,460.6834345970275,3737.763639923965,529.564250518095,8814.093004338394,1859.4190339924903
train_audio/soulap1/XC47141.ogg,XC47141.ogg,soulap1,Southern Lapwing,Vanellus chilensis,train,64.6791875,0.019021256,0.022210367,0.2455782950469948,0.0286046364996372,5155.233949848369,919.732570290622,3725.9889989297512,1061.8094712954442,9217.09590650507,3055.1010837504573
train_audio/soulap1/iNat1627891.ogg,iNat1627891.ogg,soulap1,Southern Lapwing,Vanellus chilensis,train,5.20759375,0.03422866,0.04104861,0.25997980972009205,0.059492832685609495,5567.444592312439,804.9427231512502,3786.4887085181686,588.0170962021517,9870.446702453988,1306.4662253109773
train_audio/soulap1/XC171689.ogg,XC171689.ogg,soulap1,Southern Lapwing,Vanellus chilensis,train,12.048,0.06135813,0.0943849,0.13130685821452254,0.04608726096005088,3708.6252680331604,516.6827974793886,3345.412528576378,577.0927729218747,6918.497181697613,1096.2530806825657
train_audio/soulap1/iNat936262.ogg,iNat936262.ogg,soulap1,Southern Lapwing,Vanellus chilensis,train,11.81896875,0.013763993,0.009441277,0.07676323050575101,0.034409112291754036,2139.3370300876195,492.36265120843717,2220.3904312979557,277.8385759539664,3951.031799729364,645.1990494676611
train_audio/soulap1/iNat1505683.ogg,iNat1505683.ogg,soulap1,Southern Lapwing,Vanellus chilensis,train,5.58334375,0.029628858,0.0099110305,0.19909003402578795,0.08817034600645263,4698.356604232716,1082.0037511752641,3961.278587614673,427.97694845865027,9431.142550143266,1385.7432643870472
train_audio/soulap1/iNat150329.ogg,iNat150329.ogg,soulap1,Southern Lapwing,Vanellus chilensis,train,5.74796875,0.05477175,0.003661414,0.026018608940972222,0.009169839055586824,1747.2339360544397,238.2350693516366,2335.1254238887464,171.48513059752693,4402.300347222223,461.8517278472653
train_audio/soulap1/XC144878.ogg,XC144878.ogg,soulap1,Southern Lapwing,Vanellus chilensis,train,9.84815625,0.13273492,0.061819084,0.180345411424513,0.038501574679385295,4255.696621044962,467.2020362310105,3813.1836884550034,332.9208507269339,8299.487621753247,1053.1866458623147
train_audio/soulap1/XC681555.ogg,XC681555.ogg,soulap1,Southern Lapwing,Vanellus chilensis,train,15.9608125,0.015035068,0.016117651,0.16265587816257515,0.05611425964057043,3338.764583906559,734.4459514097529,2708.375598883977,335.59453102532626,5508.814504008016,1054.5207060031862
train_audio/soulap1/XC1005801.ogg,XC1005801.ogg,soulap1,Southern Lapwing,Vanellus chilensis,train,34.601375,0.14249878,0.010992978,0.054260169252773924,0.03533328231483495,3428.7078112151253,843.7472126770265,4012.5997771515035,200.24857486099216,8507.845006934813,793.8061969436186
train_audio/soulap1/iNat1408177.ogg,iNat1408177.ogg,soulap1,Southern Lapwing,Vanellus chilensis,train,19.64409375,0.012703209,0.00297077,0.0626228655588355,0.0476051222254962,1798.198373050977,565.825447034924,2216.082765154165,246.8941578082909,3545.3226791530947,944.5888384952261
train_audio/soulap1/XC855283.ogg,XC855283.ogg,soulap1,Southern Lapwing,Vanellus chilensis,train,11.664,0.042025983,0.05299714,0.159498073630137,0.044716144096303354,3904.32670469216,265.42675604778447,3600.5826854315665,803.9131882157632,8198.41609589041,1951.9628133557767
train_audio/soulap1/XC501089.ogg,XC501089.ogg,soulap1,Southern Lapwing,Vanellus chilensis,train,13.752,0.009636608,0.005436086,0.06166026980377907,0.03964795176078287,2368.3484213811907,807.5373337160789,3349.8377949659007,705.7001693738008,5148.074127906977,2444.7690958834414
train_audio/soulap1/iNat356248.ogg,iNat356248.ogg,soulap1,Southern Lapwing,Vanellus chilensis,train,11.5635625,0.06061908,0.0061463867,0.013403759292876901,0.00577613746582327,1376.4888217268494,208.43438747481363,2458.7815765264645,287.8570585667988,2420.3622060857538,361.0016700088503
train_audio/soulap1/iNat1334173.ogg,iNat1334173.ogg,soulap1,Southern Lapwing,Vanellus chilensis,train,8.82321875,0.0034100725,0.002387233,0.16663039939990942,0.030698526296753455,3182.158644954445,332.4388625435563,2494.3878008342344,438.66948288598115,4718.523550724638,691.5263037690698
train_audio/soulap1/iNat351923.ogg,iNat351923.ogg,soulap1,Southern Lapwing,Vanellus chilensis,train,24.53296875,0.020335244,0.03282639,0.16689478589471968,0.0557380989053692,3973.82782116489,650.1540846491182,3467.1102836195305,818.3952278388798,7600.095746414602,1964.2327550247383
train_audio/soulap1/iNat585902.ogg,iNat585902.ogg,soulap1,Southern Lapwing,Vanellus chilensis,train,14.08,0.02011898,0.017620068,0.07004923825908059,0.05242582791055557,2375.466424483119,953.8430605485836,3256.504888902007,581.3452742695906,5007.253830874007,2193.852959884603
train_audio/soulap1/XC534308.ogg,XC534308.ogg,soulap1,Southern Lapwing,Vanellus chilensis,train,23.1445,0.057760444,0.09372438,0.15193881738078785,0.03724613593663952,3541.3790206823423,445.58719081930934,2964.2603453466463,806.8540040762466,6467.000691085003,1669.8971970102825
train_audio/soulap1/XC393117.ogg,XC393117.ogg,soulap1,Southern Lapwing,Vanellus chilensis,train,38.60896875,0.056454904,0.04112841,0.07857282712821044,0.06938515969570287,2538.0209599278874,1293.0136681841404,2817.270903659352,591.0896101190536,4649.453707539354,2295.9245396399524
train_audio/soulap1/iNat1191137.ogg,iNat1191137.ogg,soulap1,Southern Lapwing,Vanellus chilensis,train,13.66203125,0.0012211856,0.0005639883,0.05090417794935597,0.035191232407422966,2632.042159210787,522.301313636043,3956.8152488317755,329.8560817035291,6342.68881733021,1623.5627620647247
train_audio/soulap1/XC1023404.ogg,XC1023404.ogg,soulap1,Southern Lapwing,Vanellus chilensis,train,19.27365625,0.031766057,0.022985455,0.1261236546939834,0.15735797621434464,2800.8029486862833,2212.9724118141908,2451.5208027546405,1050.113882531681,5021.148858921162,3752.819905926571
train_audio/soulap1/iNat604213.ogg,iNat604213.ogg,soulap1,Southern Lapwing,Vanellus chilensis,train,11.888625,0.038230665,0.05434325,0.16042073567708334,0.058428565571556526,3658.8631874575285,773.146931490435,2789.5123311551156,400.89702268174534,6468.497983870968,1069.7687499751312
train_audio/soulap1/iNat1001564.ogg,iNat1001564.ogg,soulap1,Southern Lapwing,Vanellus chilensis,train,44.72165625,0.012873725,0.009251774,0.0927128389328505,0.05783821186959136,2628.8562614240427,816.3208071961909,2731.304096496261,306.64989960810624,5001.223846566523,1158.6050448201302
train_audio/soulap1/XC144740.ogg,XC144740.ogg,soulap1,Southern Lapwing,Vanellus chilensis,train,55.35346875,0.12544277,0.041566327,0.17569431900289018,0.052749859747794024,3449.5860153934614,539.3593508034023,2972.6656678928925,240.48259527529203,6080.062319364162,541.9974873188088
train_audio/soulap1/XC154203.ogg,XC154203.ogg,soulap1,Southern Lapwing,Vanellus chilensis,train,20.088,0.0028484971,0.0013963896,0.10395881021098727,0.10784432269525615,3804.161576314876,1141.0642237039704,3934.0630201234653,441.7271908317479,8270.364749203822,1503.7271590489354
train_audio/soulap1/iNat1613511.ogg,iNat1613511.ogg,soulap1,Southern Lapwing,Vanellus chilensis,train,18.648,0.005289855,0.0031605163,0.175733091900729,0.02636292061782377,4158.596269515584,261.73642449223746,3694.2864357456756,524.1391487166718,8670.575150085764,1284.7873412105785
train_audio/soulap1/iNat72683.ogg,iNat72683.ogg,soulap1,Southern Lapwing,Vanellus chilensis,train,9.1946875,0.0062290006,0.0071819215,0.06917798913043478,0.05491857326097144,3114.675011407467,1327.8030549806592,3914.6288685734917,1050.2638140479028,7280.434782608696,3514.043692362639
train_audio/soulap1/XC435956.ogg,XC435956.ogg,soulap1,Southern Lapwing,Vanellus chilensis,train,17.328,0.012965081,0.0076577007,0.1597112113699262,0.05905267715837513,3524.4799051119385,717.3639065452747,3116.4360731349693,354.70729411186824,6494.335216789668,1135.5708559675818
train_audio/soulap1/XC897031.ogg,XC897031.ogg,soulap1,Southern Lapwing,Vanellus chilensis,train,109.86,0.031092597,0.019941792,0.11768658928116353,0.06484789876305708,2686.1833106905183,807.2044354876637,2666.5108047053454,479.7269002192315,4357.097349643222,1488.401743213615
train_audio/soulap1/XC562823.ogg,XC562823.ogg,soulap1,Southern Lapwing,Vanellus chilensis,train,18.546,0.01610144,0.017942758,0.17756305563038793,0.048328439394509676,3449.4850926019203,310.4930036916248,2680.8162364411933,569.3646075676878,5597.130926724138,692.2073074770881
train_audio/soulap1/XC375517.ogg,XC375517.ogg,soulap1,Southern Lapwing,Vanellus chilensis,train,13.2963125,0.25269133,0.122538045,0.012305039625901442,0.020788042125975393,880.9099902675144,786.382267276044,1867.612688409418,601.5428187983235,1608.4923377403845,1803.6592917261678
train_audio/soulap1/iNat568455.ogg,iNat568455.ogg,soulap1,Southern Lapwing,Vanellus chilensis,train,8.88,0.009481626,0.008200699,0.15883718806205036,0.049155198634627,2699.6476350464495,680.5538558875046,1659.9029228716,317.9115989260751,4192.249325539568,884.7235493302007
train_audio/soulap1/iNat1448408.ogg,iNat1448408.ogg,soulap1,Southern Lapwing,Vanellus chilensis,train,5.2779375,0.025813924,0.014285893,0.30262192234848484,0.019380531173513744,5061.47180766467,405.42946578615926,2289.4125958784985,349.3772772163517,5770.691287878788,667.565851301368
train_audio/soulap1/XC113781.ogg,XC113781.ogg,soulap1,Southern Lapwing,Vanellus chilensis,train,20.53225,0.078261636,0.018719418,0.2901143582067757,0.02439562507816852,4589.927164844161,367.7130959551252,2388.604234718033,206.53796226350627,5640.296436915888,427.3952576504906
train_audio/soulap1/iNat166333.ogg,iNat166333.ogg,soulap1,Southern Lapwing,Vanellus chilensis,train,6.09525,0.0040443186,0.0010651794,0.14613578576115485,0.034188820418879835,3036.04596444564,317.65872266852205,2686.7242120891738,216.32910150423243,5586.532152230971,333.86095619860316
train_audio/soulap1/XC1052033.ogg,XC1052033.ogg,soulap1,Southern Lapwing,Vanellus chilensis,train,25.33878125,0.024337875,0.018775957,0.10812532058869949,0.04618181695593972,2725.4857430807388,547.3068993268049,3027.3458421065757,349.02766738828643,4927.556818181818,665.5725164903523
train_audio/soulap1/XC825234.ogg,XC825234.ogg,soulap1,Southern Lapwing,Vanellus chilensis,train,5.108375,0.007835208,0.002691398,0.0766021728515625,0.035503091020864165,2754.3088571124963,298.35157723073416,3283.923856197123,147.14346541363057,5633.642578125,420.0600216756531
train_audio/soulap1/iNat1002820.ogg,iNat1002820.ogg,soulap1,Southern Lapwing,Vanellus chilensis,train,6.1995,0.00089720875,0.0007793857,0.09848934842139176,0.04780564856596039,2950.0144597896006,577.6291417375965,3277.860038125439,445.97007413224605,5384.664948453608,1545.0714410630105
train_audio/soulap1/XC620881.ogg,XC620881.ogg,soulap1,Southern Lapwing,Vanellus chilensis,train,64.33959375,0.13303874,0.13313599,0.11267520822973645,0.06569567721166494,3314.3896756288514,753.0223473012074,2878.605382443366,360.35852846196065,6153.157633018399,1033.9424898779027
train_audio/soulap1/iNat1605776.ogg,iNat1605776.ogg,soulap1,Southern Lapwing,Vanellus chilensis,val,3.024,0.0067716525,0.0028113613,0.18751027960526315,0.027069087128797457,4346.117241946192,538.1232830006489,3800.3450288496874,498.552342171647,8618.75,1980.0718728648528
train_audio/soulap1/iNat855293.ogg,iNat855293.ogg,soulap1,Southern Lapwing,Vanellus chilensis,val,12.95675,0.04152417,0.048287418,0.15516312210648148,0.03767101732283847,3843.4321341503214,447.58757107702206,3232.375500367476,879.6920844749416,7021.354166666667,2159.0380037216282
train_audio/soulap1/XC712956.ogg,XC712956.ogg,soulap1,Southern Lapwing,Vanellus chilensis,val,17.188,0.02401887,0.010580055,0.5238971656976744,0.07796130440208618,7937.51699965765,812.5336498956054,3082.4777304978784,297.8154926399057,10269.418604651162,229.93301900651056
train_audio/soulap1/XC991824.ogg,XC991824.ogg,soulap1,Southern Lapwing,Vanellus chilensis,val,18.0,0.039721698,0.026115699,0.1752535072990675,0.030205579115989943,3663.0479028452082,576.0436615873208,2614.1474876286,676.4419257718118,5846.27553285968,1886.0080220771044
train_audio/soulap1/XC819400.ogg,XC819400.ogg,soulap1,Southern Lapwing,Vanellus chilensis,val,14.94203125,0.03604443,0.026365891,0.2986545603586724,0.04499461389315564,4895.704515233578,606.3232751404724,2685.707765926618,446.4175593048595,6871.52034261242,919.889138622976
train_audio/soulap1/XC580177.ogg,XC580177.ogg,soulap1,Southern Lapwing,Vanellus chilensis,val,385.48896875,0.038852684,0.05703896,0.2339617017592554,0.04857105868356472,4509.926547782769,778.6262406646862,2968.586101475568,695.478424789067,7633.096543745331,1972.6788194320995
train_audio/soulap1/XC798870.ogg,XC798870.ogg,soulap1,Southern Lapwing,Vanellus chilensis,val,7.416,0.033174563,0.0509122,0.1676446322737069,0.04407388026440003,3875.570410400556,583.1760958695295,2950.31897226389,841.142234474549,6857.556573275862,1815.0527834695627
train_audio/soulap1/iNat147630.ogg,iNat147630.ogg,soulap1,Southern Lapwing,Vanellus chilensis,val,27.37634375,0.013607988,0.030379219,0.22582465911580024,0.0710547436174153,3868.444458614755,1081.0760720538863,2786.4573020322005,570.1617911673391,6418.726270443925,1698.4536290044182
train_audio/soulap1/iNat1151420.ogg,iNat1151420.ogg,soulap1,Southern Lapwing,Vanellus chilensis,val,39.808,0.0120059345,0.0072029587,0.17630562757382484,0.0212875662878936,3695.357058710663,433.5800672911915,2821.505726945661,379.4635934799825,6013.572217758136,950.6884861046947
train_audio/soulap1/XC1882.ogg,XC1882.ogg,soulap1,Southern Lapwing,Vanellus chilensis,val,13.66203125,0.03633864,0.033084106,0.19717757428278687,0.09321073189120924,4140.225697973769,1126.739655317051,3505.265321086971,489.28672566099766,7583.485802107728,1851.5715303166307
train_audio/soulap1/iNat387905.ogg,iNat387905.ogg,soulap1,Southern Lapwing,Vanellus chilensis,val,8.33334375,0.015894799,0.0130612645,0.07436120441458734,0.038072583989758754,3074.989081521266,888.8839049759576,3763.2869270934452,647.145318850786,7169.8056621881,2404.070800677059
train_audio/soulap1/XC134178.ogg,XC134178.ogg,soulap1,Southern Lapwing,Vanellus chilensis,val,34.224,0.087362304,0.0339142,0.06419552241530374,0.03267306451900443,3094.4424052471313,596.4670656755046,3976.525570727875,208.46994934116796,7243.282710280374,855.5272082924281
train_audio/soulap1/iNat889255.ogg,iNat889255.ogg,soulap1,Southern Lapwing,Vanellus chilensis,val,4.3286875,0.027242003,0.014266429,0.1361872261300738,0.08435458801190132,3435.5090819464685,1036.6959666015534,3779.184347710801,360.00362320649174,7102.340867158671,1645.9378694247653
train_audio/soulap1/XC423697.ogg,XC423697.ogg,soulap1,Southern Lapwing,Vanellus chilensis,val,3.68325,0.048837982,0.013665202,0.1424195921266234,0.02555687860999757,3156.6048142485706,457.01704521373307,3616.523438563168,184.02044155278477,6473.011363636364,981.8609338761056
train_audio/soulap1/iNat73791.ogg,iNat73791.ogg,soulap1,Southern Lapwing,Vanellus chilensis,val,18.92428125,0.007056578,0.009081225,0.1646568575655114,0.045324512693058344,3783.7439612418307,739.7362152813004,3389.3438931260985,775.4810530876509,7497.186707523246,1700.2279146084443
train_audio/soulap1/iNat740844.ogg,iNat740844.ogg,soulap1,Southern Lapwing,Vanellus chilensis,val,22.2679375,0.011332068,0.02383874,0.1665544181034483,0.12912400812775962,3982.8879928873507,1929.7664453870034,3556.5226977606526,843.0448236305276,7399.952855603448,3703.2441830222347
train_audio/soulap1/iNat1343819.ogg,iNat1343819.ogg,soulap1,Southern Lapwing,Vanellus chilensis,val,36.98940625,0.019854024,0.01578388,0.14369808843804066,0.08769157869545395,3502.75424019901,962.917918877339,2970.1355865535256,602.5916696429656,6328.7399978373705,1377.076715019229
train_audio/soulap1/XC338712.ogg,XC338712.ogg,soulap1,Southern Lapwing,Vanellus chilensis,val,45.74040625,0.11425302,0.08354994,0.16899227904206016,0.04137082988027534,3707.7729079166916,683.723813295224,2889.2585046469126,283.3523835909444,6315.910283315845,1200.9213876746487
train_audio/soulap1/XC824281.ogg,XC824281.ogg,soulap1,Southern Lapwing,Vanellus chilensis,val,11.598,0.054056387,0.05176155,0.1785553609913793,0.03474202302760863,3959.5745884806624,500.0458234158167,2610.740871130293,524.6037686570239,6156.939655172414,1262.2648012483635
train_audio/soulap1/XC834382.ogg,XC834382.ogg,soulap1,Southern Lapwing,Vanellus chilensis,val,12.225,0.06588164,0.093082346,0.19379084967320262,0.054831659124218224,4493.718260150136,739.2242837926087,3337.74872072902,807.8342024212251,8337.418300653595,2091.0258088498567
train_audio/soulap1/XC709441.ogg,XC709441.ogg,soulap1,Southern Lapwing,Vanellus chilensis,val,19.8008125,0.037914123,0.03709856,0.24256889577443458,0.02409354106650001,4790.948118958595,409.670017318203,3179.169477114622,773.8840625725855,8151.151050080775,1743.1208007515224
train_audio/soulap1/iNat1589243.ogg,iNat1589243.ogg,soulap1,Southern Lapwing,Vanellus chilensis,val,8.59428125,0.002563159,0.0032137989,0.10083461605483271,0.07592065999219293,3426.83693465865,800.0393288272859,3547.1140709304636,212.05311149576426,7425.824814126394,1116.7436712666392
train_audio/soulap1/iNat1463581.ogg,iNat1463581.ogg,soulap1,Southern Lapwing,Vanellus chilensis,val,15.68,0.057120085,0.059701983,0.029384476936799183,0.04899622652874038,1780.671395440207,1237.3599577158745,2787.423118710687,775.10538161309,3939.013124362895,2833.3803165182444
train_audio/soulap1/iNat1269554.ogg,iNat1269554.ogg,soulap1,Southern Lapwing,Vanellus chilensis,val,57.678375,0.020502277,0.022085592,0.32650561286407764,0.15281278916750962,5243.074139181222,1612.4523515584287,3444.7897969257665,417.7044111145459,8805.326803051317,975.5901006503912
train_audio/soulap1/iNat1422060.ogg,iNat1422060.ogg,soulap1,Southern Lapwing,Vanellus chilensis,val,7.05884375,0.004380996,0.003250591,0.13933359551753394,0.06116356169707782,3215.6966398756654,753.654652173208,3380.486182532938,319.08608139042593,7569.782239819005,693.8275724688808
train_audio/soulap1/XC1035214.ogg,XC1035214.ogg,soulap1,Southern Lapwing,Vanellus chilensis,val,50.703,0.018552318,0.031405635,0.19979162146970653,0.03727337791060242,4421.200616101506,632.0750680715238,3746.4189769145596,777.0788080706335,8741.341905964027,2110.1467675391996
train_audio/soulap1/XC114069.ogg,XC114069.ogg,soulap1,Southern Lapwing,Vanellus chilensis,val,17.08409375,0.01893435,0.023106,0.19810274388459737,0.07841691460739901,4697.450112914698,774.5554289994718,3694.8558819526825,716.1949001001277,8346.836961610486,1644.9927170423846
train_audio/soulap1/iNat1529540.ogg,iNat1529540.ogg,soulap1,Southern Lapwing,Vanellus chilensis,val,3.024,0.0036090827,0.0019334202,0.21866776315789474,0.038562581042891675,5108.454218131718,551.0661559290978,4456.82327798948,407.55629381816345,11039.884868421053,1413.1441813514582
train_audio/soulap1/XC531935.ogg,XC531935.ogg,soulap1,Southern Lapwing,Vanellus chilensis,val,10.9714375,0.030120635,0.032296572,0.1338851528334548,0.04877549761936788,2563.306969345299,663.0863359059555,2025.935475026797,412.7525113998371,4459.411443148688,1283.2498897377359
train_audio/soulap1/XC709444.ogg,XC709444.ogg,soulap1,Southern Lapwing,Vanellus chilensis,val,21.2375625,0.029949505,0.037577085,0.2399332437170557,0.02258897304277901,4818.986845010972,521.9290069442303,3490.630987977109,859.7156503534427,8819.065323795181,2022.1798270222707
train_audio/soulap1/iNat774710.ogg,iNat774710.ogg,soulap1,Southern Lapwing,Vanellus chilensis,val,7.86109375,0.030314442,0.022202544,0.07710873983739837,0.06414412876385009,2229.544089527082,964.5058528293619,2480.581332528125,493.08043368200526,4008.034806910569,1694.7984233671202
train_audio/soulap1/XC288528.ogg,XC288528.ogg,soulap1,Southern Lapwing,Vanellus chilensis,val,5.52,0.012548493,0.017143834,0.30385064803106937,0.0495441530004689,5112.216810993457,609.1545571780724,2432.936442002194,329.3378718366832,7422.597543352601,943.7918309669192
train_audio/soulap1/iNat848657.ogg,iNat848657.ogg,soulap1,Southern Lapwing,Vanellus chilensis,val,14.70971875,0.013451478,0.026003787,0.31575343919836957,0.030332367427118236,5736.627625971013,430.2851929251905,3864.6107099051237,388.3094664202111,10083.576766304348,952.1850038495583
train_audio/soulap1/XC294690.ogg,XC294690.ogg,soulap1,Southern Lapwing,Vanellus chilensis,val,17.3714375,0.0106259715,0.01611084,0.24542067722720995,0.043785587600278265,4762.667940200541,575.8518308120871,3479.114336690892,534.1035202258229,8473.584254143647,1535.6177696854324
train_audio/soulap1/iNat456621.ogg,iNat456621.ogg,soulap1,Southern Lapwing,Vanellus chilensis,val,62.6706875,0.004416088,0.0023551378,0.07940024053803932,0.03877987942890558,2215.3715052537,520.4627660412297,2687.3818620782426,309.73098364214246,4222.060888435027,1049.0446589377295
train_audio/soulap1/XC148064.ogg,XC148064.ogg,soulap1,Southern Lapwing,Vanellus chilensis,val,35.552,0.012604104,0.01567834,0.134821416020018,0.11295025376452175,3530.844101392004,1364.3588284072,3459.080295548031,773.4906485708555,6995.831927575348,2396.9893854041666
train_audio/soulap1/XC902289.ogg,XC902289.ogg,soulap1,Southern Lapwing,Vanellus chilensis,val,11.304,0.009218636,0.0053834524,0.15580384768387553,0.04768175085735218,3373.5283664405533,451.0409714075986,2503.811030927965,521.5326934515996,5342.55657708628,836.917838143791
train_audio/soulap1/iNat376829.ogg,iNat376829.ogg,soulap1,Southern Lapwing,Vanellus chilensis,val,33.410625,0.018159293,0.018352458,0.11757644207754907,0.05296973651944753,2040.7518284773491,688.9256528278601,1554.9011402485737,480.6124946943361,3107.38541168023,1124.2530398113379
train_audio/soulap1/XC974563.ogg,XC974563.ogg,soulap1,Southern Lapwing,Vanellus chilensis,val,15.621,0.01485309,0.014676854,0.1900758460209826,0.05659219696508867,3679.8646642132912,623.9730248961993,2750.2816030769545,417.69938283403917,6496.113741044012,989.1285700444608
train_audio/soulap1/XC782667.ogg,XC782667.ogg,soulap1,Southern Lapwing,Vanellus chilensis,val,17.328,0.0034531413,0.0070724483,0.2734298424527214,0.04793424574075395,5488.32222786625,747.7051465074168,4122.670422755542,632.6241920348052,10682.440613468634,2090.022187347496
train_audio/soulap1/iNat1580144.ogg,iNat1580144.ogg,soulap1,Southern Lapwing,Vanellus chilensis,val,12.21078125,0.0053438134,0.00437098,0.07678542212041885,0.061434571599027085,3560.779529034986,1118.4225840348502,4573.702365964473,484.24021598745117,9322.746236910994,2947.5294114680155
train_audio/soulap1/iNat871546.ogg,iNat871546.ogg,soulap1,Southern Lapwing,Vanellus chilensis,val,6.85865625,0.027603867,0.014385724,0.11891526442307693,0.040567801898199446,2476.8684548917417,250.5872091297853,2163.983603308862,400.3631693333102,4366.331585081585,531.5551936757944
train_audio/soulap1/XC396548.ogg,XC396548.ogg,soulap1,Southern Lapwing,Vanellus chilensis,val,15.2555,0.024257902,0.014149356,0.16104784951519915,0.04025824504761208,3208.840236007564,334.73178788871076,2920.664761957578,333.4359458350108,5261.088181341719,500.68296640921056
train_audio/soulap1/iNat76185.ogg,iNat76185.ogg,soulap1,Southern Lapwing,Vanellus chilensis,val,3.00696875,0.0037942587,0.0012240111,0.12158462849069149,0.05375852849714684,2406.6431370142077,839.4314385248174,2141.745949291599,544.5853477636134,4641.123670212766,1698.572097589522
train_audio/soulap1/XC1049912.ogg,XC1049912.ogg,soulap1,Southern Lapwing,Vanellus chilensis,val,31.63428125,0.059015356,0.073600516,0.24460594863814458,0.07421338119638178,5232.406482850581,1083.703600427161,3704.1463600289194,927.2341777545433,9357.605535894843,2709.503486302277
train_audio/soulap1/XC415863.ogg,XC415863.ogg,soulap1,Southern Lapwing,Vanellus chilensis,val,31.8,0.03368276,0.046344697,0.22324793487487424,0.0394129787414189,4622.967469627075,870.188053090663,3559.7739649880787,1265.2613109146878,8846.351546780685,3192.460090553064
train_audio/soulap1/XC558367.ogg,XC558367.ogg,soulap1,Southern Lapwing,Vanellus chilensis,val,3.456,0.026614008,0.008941801,0.14440524193548387,0.03491933581251569,3030.6716243763512,456.9968659566161,2898.3453832027294,274.0458996156373,5318.332373271889,837.1522939900073
train_audio/soulap1/XC974261.ogg,XC974261.ogg,soulap1,Southern Lapwing,Vanellus chilensis,val,42.404125,0.0325565,0.02334088,0.279594890489438,0.08253287422115338,6427.644172335875,965.603039446847,4228.847321002676,357.23382111788356,11055.869247453791,1316.6258278110663
train_audio/soulap1/XC48574.ogg,XC48574.ogg,soulap1,Southern Lapwing,Vanellus chilensis,val,22.4130625,0.03375086,0.033581972,0.2902328414971449,0.10233787447397079,5163.155669997552,1416.0775421476146,3279.0699008981633,1107.2155386404627,8541.064418272663,3409.5910460084065
train_audio/soulap1/XC244975.ogg,XC244975.ogg,soulap1,Southern Lapwing,Vanellus chilensis,val,83.121625,0.03445021,0.063412786,0.29920946551433797,0.08532876921598219,5549.311600501989,1282.8966654571168,3595.137524041953,879.8814327193829,9627.399682448036,3011.7085054388117
train_audio/soulap1/iNat273637.ogg,iNat273637.ogg,soulap1,Southern Lapwing,Vanellus chilensis,val,71.14596875,0.00780871,0.003585112,0.22689332784039803,0.03958229258041757,4048.4014623075464,545.6717506667161,3269.6794249565305,374.33144835825783,6690.472509557005,988.305459382477
train_audio/soulap1/iNat1373214.ogg,iNat1373214.ogg,soulap1,Southern Lapwing,Vanellus chilensis,val,18.367,0.0017958144,0.00087285676,0.04625826845601045,0.021427074765320436,1922.3389211164472,370.5989676477349,3192.5979320750043,377.3996504722793,3593.7363893728225,1385.8938347574908
train_audio/soulap1/iNat497694.ogg,iNat497694.ogg,soulap1,Southern Lapwing,Vanellus chilensis,val,26.28,0.018416593,0.013974853,0.05718923558277541,0.03460834350131782,1443.0534789482397,464.3472046586198,1782.0000744477109,232.93063065298026,2624.2011564211807,820.5165289316433
train_audio/soulap1/iNat782811.ogg,iNat782811.ogg,soulap1,Southern Lapwing,Vanellus chilensis,val,5.093875,0.025271455,0.029012637,0.33098121571316613,0.18641608550235453,6320.676881813543,2305.6113817872915,4340.775213890238,572.4716695387405,11238.048589341694,3121.7309221995947
train_audio/soulap1/iNat592816.ogg,iNat592816.ogg,soulap1,Southern Lapwing,Vanellus chilensis,val,30.61334375,0.014119021,0.023356715,0.19721536825692268,0.05121423568534312,3722.602782113802,587.9591079184,2463.17710550837,465.3188861569978,6122.5591039707415,945.3282730947753
train_audio/soulap1/XC946286.ogg,XC946286.ogg,soulap1,Southern Lapwing,Vanellus chilensis,val,15.53659375,0.044441804,0.036554817,0.1581443504050926,0.05657175491946739,3570.246627439679,605.5462534350887,2815.832170803463,329.21017684869304,5737.766846707819,930.9623941820546
train_audio/soulap1/iNat319784.ogg,iNat319784.ogg,soulap1,Southern Lapwing,Vanellus chilensis,val,13.32828125,0.0019171133,0.0014354012,0.05463656418615108,0.04681247753988533,2495.2032577312557,859.9575525810918,3614.751424941996,709.2419660380255,5843.581384892086,2107.649486792718
train_audio/soulap1/iNat1293172.ogg,iNat1293172.ogg,soulap1,Southern Lapwing,Vanellus chilensis,val,5.58934375,0.011601048,0.007286066,0.09431222098214286,0.04935372095349894,2737.3839368456047,663.1861380872649,2737.2490955343123,364.9756242117868,4965.982142857143,1039.5730878770696
train_audio/soulap1/iNat607045.ogg,iNat607045.ogg,soulap1,Southern Lapwing,Vanellus chilensis,val,63.81715625,0.013696646,0.0068657454,0.02317787489815743,0.046529318969380146,1073.2380076736417,954.8828573461568,2142.484687983965,477.03312742532376,1587.6355289546252,1834.1168470929492
train_audio/soulap1/XC440386.ogg,XC440386.ogg,soulap1,Southern Lapwing,Vanellus chilensis,val,63.05959375,0.052054375,0.02575562,0.5260334914859208,0.0668045749226232,7637.339610728493,685.2669608045986,3117.39993371263,402.5627723227052,9913.32128361238,364.09246053327615
train_audio/soulap1/XC863923.ogg,XC863923.ogg,soulap1,Southern Lapwing,Vanellus chilensis,val,23.902,0.0041420204,0.0038636436,0.1773807469461178,0.039552855914505705,3455.0013434592647,467.6229232186503,2526.1254172118997,410.5112765647577,5980.055639223561,989.895456372928
train_audio/soulap1/XC189822.ogg,XC189822.ogg,soulap1,Southern Lapwing,Vanellus chilensis,val,19.069375,0.044965573,0.020547291,0.06700554150062919,0.047738021174029276,1798.770178703446,577.051705545393,1550.6016379827379,234.35006649455443,3683.3709102348994,795.6060593663493
train_audio/soulap1/XC446953.ogg,XC446953.ogg,soulap1,Southern Lapwing,Vanellus chilensis,val,13.89715625,0.062945284,0.068975694,0.2829418467707135,0.029730091750199587,4359.770272474539,397.9590773091538,2337.3111730134015,352.1736997613079,6674.679948216341,644.2008009947443
train_audio/soulap1/XC999539.ogg,XC999539.ogg,soulap1,Southern Lapwing,Vanellus chilensis,val,25.41,0.04695018,0.06414339,0.18757129090623034,0.03770410495200797,4674.556219264762,677.115912146048,3807.4533593152632,549.9318044692665,9410.694619257394,1479.3984151356208
train_audio/soulap1/iNat499244.ogg,iNat499244.ogg,soulap1,Southern Lapwing,Vanellus chilensis,val,34.128,0.009390665,0.006955252,0.07054565772902999,0.02972720790263148,1776.7449063304084,379.2836582916446,2083.1909956268014,226.9556087204185,3229.937910028116,585.8629494027873
train_audio/soulap1/XC637646.ogg,XC637646.ogg,soulap1,Southern Lapwing,Vanellus chilensis,val,7.706125,0.018324306,0.005242093,0.1332754554590249,0.06566535126472575,3403.6403536380512,791.6060666771654,3363.451656182563,239.17200753345426,7071.544346473029,1041.5410306686558
train_audio/soulap1/iNat875288.ogg,iNat875288.ogg,soulap1,Southern Lapwing,Vanellus chilensis,val,4.416,0.0025078007,0.0022990317,0.08443916403429604,0.051306306588186794,2901.0483579524307,816.0102921322072,3267.376136634673,415.69803759292347,5411.495938628159,1418.015666855573
train_audio/soulap1/XC600438.ogg,XC600438.ogg,soulap1,Southern Lapwing,Vanellus chilensis,val,6.60896875,0.0056513427,0.0024522513,0.36106983129528986,0.0861668970809424,7363.140077697905,772.7785587189674,4661.6258450823,126.1010479424413,12921.308876811594,396.04070098153267
train_audio/soulap1/XC975746.ogg,XC975746.ogg,soulap1,Southern Lapwing,Vanellus chilensis,val,19.90534375,0.041987572,0.03917941,0.08213008283132531,0.12103306573277883,2379.8699470393253,1884.408828864073,2657.8315085419144,1267.5909175558738,5085.542168674699,3749.2670084807837
train_audio/soulap1/XC754867.ogg,XC754867.ogg,soulap1,Southern Lapwing,Vanellus chilensis,val,12.538,0.0028306623,0.0026179387,0.22706697425063777,0.04069548746003114,4180.041224808501,296.7390352335143,2957.886855861651,501.23306623688006,6256.118463010204,919.4235419928232
train_audio/soulap1/XC146730.ogg,XC146730.ogg,soulap1,Southern Lapwing,Vanellus chilensis,val,9.7436875,0.023799773,0.014837852,0.0652236312089491,0.05552878681268924,2494.6354838556035,644.8257396633048,2880.0079938327513,463.9634619397313,5548.311781609195,1206.2447307991072
train_audio/soulap1/iNat164146.ogg,iNat164146.ogg,soulap1,Southern Lapwing,Vanellus chilensis,val,4.92265625,0.0057418267,0.0025100799,0.07948045606737013,0.0363194799047209,3051.6530269478044,775.9693833651017,3688.128101883943,451.2749055457351,7029.829545454545,1947.9837882928446
train_audio/soulap1/XC615607.ogg,XC615607.ogg,soulap1,Southern Lapwing,Vanellus chilensis,val,11.304,0.020900317,0.03304636,0.24222686638083452,0.05377898004619834,4414.41704016656,667.0868005269406,2756.5003527462673,426.16044636548054,6883.331859971711,1099.3334653820384
train_audio/soulap1/XC358450.ogg,XC358450.ogg,soulap1,Southern Lapwing,Vanellus chilensis,val,16.944,0.016811455,0.0127678905,0.02943184330778302,0.044371566199584954,2215.6797977951373,1320.2204708711486,3045.0239162434327,886.3861729588372,4855.645636792453,2873.7287702906438
train_audio/soulap1/iNat138599.ogg,iNat138599.ogg,soulap1,Southern Lapwing,Vanellus chilensis,val,8.04571875,0.044643164,0.03605418,0.2603092383200795,0.0625143491254565,4964.997702332773,837.140220795037,3151.3432140727455,322.6076823851543,8344.712972166997,1296.7002253289902
train_audio/soulap1/XC396560.ogg,XC396560.ogg,soulap1,Southern Lapwing,Vanellus chilensis,test,65.01878125,0.020682849,0.0489353,0.15474983275406004,0.045929497205637854,3249.7944513801203,514.090384649418,2731.9292679974988,540.526536977825,5390.140563484252,941.5059236387681
train_audio/soulap1/XC440385.ogg,XC440385.ogg,soulap1,Southern Lapwing,Vanellus chilensis,test,126.589375,0.045364745,0.020044282,0.5238104377646297,0.05834163080850117,7387.112773070195,696.3492782924078,3196.9425169066476,305.0030203465855,9837.298170500506,299.5758442091611
train_audio/soulap1/XC883513.ogg,XC883513.ogg,soulap1,Southern Lapwing,Vanellus chilensis,test,77.65728125,0.095600694,0.08370818,0.00913389730119489,0.018061932098324858,1005.0856680753061,920.0075498017848,2427.884919350159,888.3263756658417,1732.3309384013185,2796.0013824346042
train_audio/soulap1/iNat493038.ogg,iNat493038.ogg,soulap1,Southern Lapwing,Vanellus chilensis,test,18.15803125,0.0052104117,0.0017952229,0.10004431098568282,0.04676654935914204,2388.2149103058796,452.72759948621444,2443.624623459663,236.67883131970777,4687.72026431718,703.1459208906274
train_audio/soulap1/XC435797.ogg,XC435797.ogg,soulap1,Southern Lapwing,Vanellus chilensis,test,134.452,0.02252078,0.008281368,0.3469992432918848,0.03433108745213175,4684.13140482598,311.1474874084014,2544.106964160164,213.16781106920385,6604.329039742979,332.4814605854647
train_audio/soulap1/iNat268567.ogg,iNat268567.ogg,soulap1,Southern Lapwing,Vanellus chilensis,test,6.283375,0.0403022,0.01613349,0.10571723918575064,0.0630684364853115,4333.110534992539,1141.5038612140208,4831.860290256331,601.3112141053167,11070.729961832061,2098.6582458807748
train_audio/soulap1/iNat663503.ogg,iNat663503.ogg,soulap1,Southern Lapwing,Vanellus chilensis,test,15.6,0.0064954613,0.0012115586,0.020857513928022542,0.00954813404441096,1053.9004066234766,267.7952472055269,2112.0925859473928,204.3873280754119,2134.3814036885246,1176.6879647677542
train_audio/soulap1/iNat71355.ogg,iNat71355.ogg,soulap1,Southern Lapwing,Vanellus chilensis,test,14.08,0.0007207467,0.0008116969,0.1837622375141884,0.08005047791530646,4106.452036181062,694.1251381250154,3167.434592554364,870.623862771594,7259.931895573212,1636.1687697458474
train_audio/soulap1/iNat1622366.ogg,iNat1622366.ogg,soulap1,Southern Lapwing,Vanellus chilensis,test,8.1629375,0.0066150953,0.005343563,0.14863434136497064,0.05243519840514877,2857.11191748176,710.4174194183597,2389.1651918294597,254.38745399953746,4921.171722113503,875.1026367258692
train_audio/soulap1/iNat689239.ogg,iNat689239.ogg,soulap1,Southern Lapwing,Vanellus chilensis,test,8.56946875,0.033398837,0.011462307,0.06656658115671642,0.0405927833025461,3226.619271075292,1028.6043221194932,3803.0638686404627,528.6424472203428,7310.750932835821,2350.096863799207
train_audio/soulap1/XC386695.ogg,XC386695.ogg,soulap1,Southern Lapwing,Vanellus chilensis,test,16.43103125,0.09505292,0.061118968,0.26051112159201556,0.06786868401486834,4531.836450110695,856.4256441407454,3201.8134045201805,507.211395543893,7390.670642648491,1533.2961087067602
train_audio/soulap1/iNat871535.ogg,iNat871535.ogg,soulap1,Southern Lapwing,Vanellus chilensis,test,9.71734375,0.019001571,0.0016099813,0.05127274362664474,0.016489578030217302,1659.3394347582446,153.39730128514046,2370.045699181255,111.80982654308474,3304.6104029605262,367.3099518912456
train_audio/soulap1/XC817544.ogg,XC817544.ogg,soulap1,Southern Lapwing,Vanellus chilensis,test,61.752,0.019982923,0.023413537,0.2465077770806347,0.04164992818158481,5065.6979221542415,674.3800689773329,3507.7416144856206,477.50442122267384,9019.519106217616,1645.4096175555433
train_audio/soulap1/XC799783.ogg,XC799783.ogg,soulap1,Southern Lapwing,Vanellus chilensis,test,40.4735,0.016147112,0.020734007,0.2851139837574111,0.05514128560822907,5184.975497395782,665.205281403402,3133.9925031259113,464.44147086841605,8263.39550395257,1344.1531493247771
train_audio/soulap1/iNat1431064.ogg,iNat1431064.ogg,soulap1,Southern Lapwing,Vanellus chilensis,test,18.90134375,0.0042780847,0.0017258647,0.1393134154240694,0.04259890193870642,2708.693684551144,418.2454937828973,2280.994559376198,285.35502461743084,4411.260046531303,746.9063320191766
train_audio/soulap1/XC915943.ogg,XC915943.ogg,soulap1,Southern Lapwing,Vanellus chilensis,test,31.66615625,0.041302398,0.06946503,0.32602366437815655,0.18263221293594642,5861.98491227435,2235.51714150372,3628.206334380481,700.0927798765996,9724.865845959595,3387.842910707235
train_audio/soulap1/XC716158.ogg,XC716158.ogg,soulap1,Southern Lapwing,Vanellus chilensis,test,11.568,0.0118812015,0.016321765,0.18794646710980664,0.028385868839729895,4707.205350637193,692.2030527001315,3918.2962263900254,790.0601704175215,9429.12638121547,2446.6900913296863
train_audio/soulap1/iNat557894.ogg,iNat557894.ogg,soulap1,Southern Lapwing,Vanellus chilensis,test,25.00665625,0.0041580815,0.0054405024,0.2921165227127319,0.09445721009203312,4777.473443616983,1030.5349222397026,2839.804798426558,326.4279903500829,7616.442738323736,947.1028302846996
train_audio/soulap1/XC562683.ogg,XC562683.ogg,soulap1,Southern Lapwing,Vanellus chilensis,test,189.962,0.017133886,0.015990471,0.20187701020698223,0.04774568002026401,3764.6374706073943,676.8110513239881,2496.6054221247646,219.25562131163596,6089.0149919986525,779.2614988236124
train_audio/soulap1/iNat311203.ogg,iNat311203.ogg,soulap1,Southern Lapwing,Vanellus chilensis,test,8.800375,0.004132544,0.0039820853,0.13657962085980035,0.06751315376794695,3834.6746579321616,1017.4874643462292,3900.8882054865153,411.4493247447066,8411.893148820327,1859.8424984083154
train_audio/soulap1/XC421164.ogg,XC421164.ogg,soulap1,Southern Lapwing,Vanellus chilensis,test,20.61,0.009246256,0.009447849,0.22380176008533748,0.04599109444613521,4824.565725726551,555.1467771984298,3387.7076694282396,313.8427343145849,8287.844259115593,1118.3429800629433
train_audio/soulap1/iNat1259535.ogg,iNat1259535.ogg,soulap1,Southern Lapwing,Vanellus chilensis,test,6.13878125,0.0031639773,0.00075791765,0.037470499674479164,0.05320467606315836,1651.1434037349347,824.6334926616622,2632.745451566015,335.217004833303,3436.5234375,1532.020530682636
train_audio/soulap1/iNat138451.ogg,iNat138451.ogg,soulap1,Southern Lapwing,Vanellus chilensis,test,7.28,0.042322673,0.04090814,0.09757594058388158,0.10127979490953287,2969.4494446726308,1787.4362415021646,3185.2335533215814,899.7019299943335,5859.683388157895,3512.617867656531
train_audio/soulap1/XC470214.ogg,XC470214.ogg,soulap1,Southern Lapwing,Vanellus chilensis,test,24.6,0.009924838,0.02083969,0.19176912741791288,0.03250077335827076,4576.213209762561,523.122534660268,4099.314872964002,708.529469810547,9977.426040312093,1966.3549724187162
train_audio/soulap1/iNat1693281.ogg,iNat1693281.ogg,soulap1,Southern Lapwing,Vanellus chilensis,test,11.8825,0.00296146,0.0015493248,0.11673207751514132,0.059091191985161044,4269.323636583843,803.6822907905539,4429.203020959426,699.4588496569827,10206.468707940781,2532.3431072991293
train_audio/soulap1/XC276629.ogg,XC276629.ogg,soulap1,Southern Lapwing,Vanellus chilensis,test,14.8114375,0.03599175,0.017946413,0.048119431695464364,0.03322082099601611,2276.274564136453,507.6576982362234,3281.981207853636,529.7846311666326,5217.383234341252,1682.3017771757707
train_audio/soulap1/iNat682127.ogg,iNat682127.ogg,soulap1,Southern Lapwing,Vanellus chilensis,test,10.07746875,0.011134699,0.005021311,0.05921766493055555,0.050703836530284194,1751.9600324369073,624.6533881413559,2439.7927140377137,437.79509445337067,3288.7400793650795,1185.3617496697589
train_audio/soulap1/XC374154.ogg,XC374154.ogg,soulap1,Southern Lapwing,Vanellus chilensis,test,68.5191875,0.02350697,0.027615976,0.10565560336650712,0.04396192855040853,3018.3009312275267,429.54454424581803,3272.0820985778737,611.0369609658643,6005.8406782629,1000.8011460906665
train_audio/soulap1/XC384482.ogg,XC384482.ogg,soulap1,Southern Lapwing,Vanellus chilensis,test,71.0269375,0.044819433,0.057066347,0.07476377744932433,0.07001910931357336,2046.2671926171142,1213.5071429992827,2513.337558090899,789.5587081491424,3518.876689189189,2204.144763063429
train_audio/soulap1/XC705508.ogg,XC705508.ogg,soulap1,Southern Lapwing,Vanellus chilensis,test,45.048,0.046236124,0.047673587,0.06038596413352273,0.06107188848705289,2051.7229324230093,937.7496457917525,2311.1333453663347,375.1434169907778,4098.166725852273,1485.9226461799663
train_audio/soulap1/iNat565414.ogg,iNat565414.ogg,soulap1,Southern Lapwing,Vanellus chilensis,test,35.20146875,0.02764322,0.026698524,0.04744314551624262,0.032931528007124324,1641.8399634563557,810.9473777991387,2321.5453784533515,667.6852159568953,3269.167423898228,2097.1535008045435
train_audio/soulap1/XC17218.ogg,XC17218.ogg,soulap1,Southern Lapwing,Vanellus chilensis,test,37.6685625,0.04241804,0.038939606,0.3357112941215499,0.05564281681325735,5564.6027181963755,616.1029511785657,2662.253532502381,180.98833445042865,7100.915605095542,289.59744630829476
train_audio/soulap1/iNat139566.ogg,iNat139566.ogg,soulap1,Southern Lapwing,Vanellus chilensis,test,31.97934375,0.03768939,0.0306633,0.16705789418146574,0.11222657633011343,4403.543306081807,1280.28878104063,3712.1534575230544,565.7823507358007,8605.49024512256,985.3006499587038
train_audio/soulap1/iNat727711.ogg,iNat727711.ogg,soulap1,Southern Lapwing,Vanellus chilensis,test,12.29165625,0.020868026,0.014589139,0.2098136276820546,0.05322712699151994,4015.094718901738,860.0018079066731,2908.4960956906384,550.5598763686471,6625.3250975292585,1766.4717647620037
train_audio/soulap1/iNat1495220.ogg,iNat1495220.ogg,soulap1,Southern Lapwing,Vanellus chilensis,test,3.024,0.0072736777,0.00672992,0.20859888980263158,0.027622303086960467,4714.852169865167,475.75616859911986,4044.5377611269537,555.0702093362388,9886.10197368421,1579.18683294122
train_audio/soulap1/XC147195.ogg,XC147195.ogg,soulap1,Southern Lapwing,Vanellus chilensis,test,15.792,0.0071364483,0.0063911304,0.10544898152834008,0.01721048836413526,1749.2113668498298,153.28234960325995,1137.4064539098888,122.566293999287,2836.190536437247,171.33266138732114
train_audio/soulap1/iNat871547.ogg,iNat871547.ogg,soulap1,Southern Lapwing,Vanellus chilensis,test,9.07734375,0.019590717,0.005505744,0.11892829142825705,0.03296126134889096,2309.5722119231546,187.74203817879027,2139.4193154423765,269.5484769388349,3695.064920774648,459.7254526307159
train_audio/soulap1/XC506875.ogg,XC506875.ogg,soulap1,Southern Lapwing,Vanellus chilensis,test,64.026125,0.0059603737,0.0038279123,0.21412413910232383,0.03825469335678202,4670.461194683272,521.5365928155067,4013.0630574708402,357.81581656964016,10025.592672413793,1511.1541907993294
train_audio/soulap1/iNat1250269.ogg,iNat1250269.ogg,soulap1,Southern Lapwing,Vanellus chilensis,test,13.949375,0.020086216,0.028862922,0.13675962675602063,0.0875954447546276,3328.5055653952945,943.5148564354253,3023.511925118339,579.0412867257706,5859.357081422018,1336.118664329056
train_audio/soulap1/XC66032.ogg,XC66032.ogg,soulap1,Southern Lapwing,Vanellus chilensis,test,14.158375,0.035476003,0.06487024,0.32179775776836156,0.0787630694433838,5384.450389098776,882.0368662736704,3174.6027813620813,551.4848219281222,8395.79802259887,1394.6413501596694
train_audio/soulap1/iNat486977.ogg,iNat486977.ogg,soulap1,Southern Lapwing,Vanellus chilensis,test,9.7361875,0.01685933,0.032001015,0.16522507440476192,0.05010092567986032,3087.247543065457,649.375995776081,2093.461902562156,553.6562976717177,4855.423850574713,1290.9887129097363
train_audio/soulap1/XC353317.ogg,XC353317.ogg,soulap1,Southern Lapwing,Vanellus chilensis,test,103.536,0.020951133,0.011019913,0.0551953969986094,0.03275563166691268,2664.7471922597497,629.4155362548693,3572.899970423948,411.2824534354361,6756.296353522867,1371.2118925101345
train_audio/soulap1/iNat648243.ogg,iNat648243.ogg,soulap1,Southern Lapwing,Vanellus chilensis,test,17.53109375,0.022255434,0.014756302,0.020594241845346715,0.011903843297261376,1246.778366132202,378.6614401264577,2171.502933647387,353.0396264579765,2424.2558166058393,971.7607260298232
train_audio/soulap1/XC745200.ogg,XC745200.ogg,soulap1,Southern Lapwing,Vanellus chilensis,test,2.821,0.008196634,0.008388595,0.2737409516242938,0.044646238296734905,5336.446141238292,939.4379316478195,3457.921299220718,737.37865514259,9139.565677966102,2654.1370548996424
train_audio/soulap1/iNat674900.ogg,iNat674900.ogg,soulap1,Southern Lapwing,Vanellus chilensis,test,14.56,0.0045008496,0.005846915,0.237306295451427,0.09078251055603673,4947.6659717840785,1362.954593057111,3698.2001431910667,1083.902878246038,9158.376783754116,3098.6375652676793
train_audio/soulap1/iNat142359.ogg,iNat142359.ogg,soulap1,Southern Lapwing,Vanellus chilensis,test,39.8684375,0.029927732,0.03530469,0.2367392060844703,0.07931412025719065,5466.408708264111,864.533185139413,4336.994846320472,680.444092462038,11192.509781300161,1464.6312904319989
train_audio/soulap1/iNat728225.ogg,iNat728225.ogg,soulap1,Southern Lapwing,Vanellus chilensis,test,24.476,0.002562171,0.005301022,0.23886271956699345,0.03335940302709221,5104.300197164403,420.2974550270127,3955.939531318095,150.89455734601307,10219.83251633987,717.616488639894
train_audio/soulap1/XC928580.ogg,XC928580.ogg,soulap1,Southern Lapwing,Vanellus chilensis,test,5.982,0.041073002,0.020630851,0.07850230823863637,0.05779783392197576,2586.197283447713,902.5844457754062,3012.783890547877,261.4266029903849,5004.344919786096,1285.5264101724745
train_audio/soulap1/XC974249.ogg,XC974249.ogg,soulap1,Southern Lapwing,Vanellus chilensis,test,51.0,0.14847872,0.031535562,0.032962660268977415,0.023117848090358002,1549.6404079767724,481.1703555025261,2530.47157319389,239.99055833499773,3055.177619196989,1471.6067508854692
train_audio/soulap1/iNat616671.ogg,iNat616671.ogg,soulap1,Southern Lapwing,Vanellus chilensis,test,26.8190625,0.038114764,0.047233183,0.06957148880068575,0.08360069703238009,2238.7663231710776,1760.1764577001368,2737.1753565936,1016.6260471742478,4261.488148479428,3665.0497790938302
train_audio/soulap1/XC549503.ogg,XC549503.ogg,soulap1,Southern Lapwing,Vanellus chilensis,test,16.008,0.021530684,0.011781293,0.12504097465034966,0.07068760673375764,3230.8412401460578,702.0912568031855,2644.2709951492957,526.2811068115668,5517.529345654346,926.5499493423008
train_audio/soulap1/iNat281055.ogg,iNat281055.ogg,soulap1,Southern Lapwing,Vanellus chilensis,test,15.74315625,0.01121044,0.003413099,0.016594119188262195,0.011659184150176354,1610.128861787722,436.3842196525912,2958.584975301463,335.306759943655,3203.1885162601625,1336.3983761791055
train_audio/soulap1/iNat1594911.ogg,iNat1594911.ogg,soulap1,Southern Lapwing,Vanellus chilensis,test,13.776,0.0019994255,0.0004007902,0.1285720435759861,0.04360140261334044,4114.374172751711,485.1867981666303,4048.058245100499,197.78741052255774,8477.19692575406,795.4492127663507
train_audio/soulap1/XC856411.ogg,XC856411.ogg,soulap1,Southern Lapwing,Vanellus chilensis,test,13.44,0.02822305,0.033929504,0.18441935753567182,0.029928876412801883,4345.177528516753,473.05950216217155,3528.7783770140363,505.39910706208127,8603.801278240191,1569.024075164053
train_audio/soulap1/iNat635151.ogg,iNat635151.ogg,soulap1,Southern Lapwing,Vanellus chilensis,test,25.86121875,0.02654617,0.0071646953,0.029873934659090908,0.05346376097625946,1205.859412307756,1144.5963478193837,1996.332077109604,754.8216994948137,2165.9226190476193,2213.4160105663664
train_audio/soulap1/XC946287.ogg,XC946287.ogg,soulap1,Southern Lapwing,Vanellus chilensis,test,14.08334375,0.02005377,0.011659352,0.18952462134648126,0.029703977869229993,3630.842173641486,250.13690877132888,2801.2710046580783,349.0777047700972,6180.60087968218,766.163796634378
train_audio/soulap1/XC459676.ogg,XC459676.ogg,soulap1,Southern Lapwing,Vanellus chilensis,test,182.844,0.0077936226,0.008730253,0.07933826867124606,0.04863872350417145,1754.9158855177811,643.8961637720171,1678.15128263619,207.41905418618882,3296.63026120056,936.0224978698839
train_audio/soulap1/iNat1611583.ogg,iNat1611583.ogg,soulap1,Southern Lapwing,Vanellus chilensis,test,7.0409375,0.019029498,0.018141361,0.24663185586734693,0.14770268461730343,6085.963579906451,1809.665273964873,4489.815620606456,500.19490034740943,11341.695011337868,1797.6828528633969
train_audio/soulap1/XC647612.ogg,XC647612.ogg,soulap1,Southern Lapwing,Vanellus chilensis,test,8.09796875,0.009104992,0.0035554764,0.09444534331854043,0.06504290221899316,2870.978525140174,578.8404013332478,3120.5715497924766,449.4396367203966,6108.82026627219,846.6264480887255
train_audio/soulap1/XC546406.ogg,XC546406.ogg,soulap1,Southern Lapwing,Vanellus chilensis,test,46.31509375,0.039118323,0.055834103,0.19560715538644213,0.030057162833226455,4342.275389096062,470.6264258855785,3163.0850798370125,882.1420985320058,7917.076856649395,1973.0298972029543
train_audio/soulap1/iNat1138129.ogg,iNat1138129.ogg,soulap1,Southern Lapwing,Vanellus chilensis,test,8.16,0.008337516,0.016029658,0.2101587344055773,0.12518961152469754,4783.903528817185,1718.4279027780058,3850.2861933981017,937.9039886769958,9223.36717221135,3066.6473097835396
train_audio/soulap1/XC800390.ogg,XC800390.ogg,soulap1,Southern Lapwing,Vanellus chilensis,test,4.28409375,0.0055001015,0.002364891,0.1263427734375,0.03180142940753267,3215.9208350207327,621.8136649483807,3239.8968227211144,298.88907769381166,6839.085820895522,1019.0188520368088
train_audio/soulap1/XC660374.ogg,XC660374.ogg,soulap1,Southern Lapwing,Vanellus chilensis,test,21.42,0.057872027,0.013437481,0.35024279137882747,0.029801450052704185,5198.635205754438,354.5666685407437,2948.882388421226,185.8613495380008,7022.2064040328605,230.56297406333988
train_audio/soulap1/iNat516163.ogg,iNat516163.ogg,soulap1,Southern Lapwing,Vanellus chilensis,test,7.1981875,0.016941473,0.014732794,0.19621636284722221,0.08817344850143258,4099.3538574907025,1282.1242461971817,2718.5165343202652,431.2758489886095,7275.902777777777,2128.1873687856882
train_audio/soulap1/XC317796.ogg,XC317796.ogg,soulap1,Southern Lapwing,Vanellus chilensis,test,5.30284375,0.0024974437,0.0025607336,0.23141736869352408,0.018992556269683387,4390.905329471661,421.2151737181329,2576.661708651294,544.5411071244287,6836.455195783133,1157.4992474013432
train_audio/soulap1/iNat869426.ogg,iNat869426.ogg,soulap1,Southern Lapwing,Vanellus chilensis,test,6.112,0.09950936,0.02898034,0.12030204593668407,0.022634731915013914,3042.7328289392544,286.1148796859813,2888.530567885945,309.6904727685734,6309.889033942559,1017.042564101284
train_audio/soulap1/iNat287348.ogg,iNat287348.ogg,soulap1,Southern Lapwing,Vanellus chilensis,test,21.629375,0.024063956,0.026593123,0.14905326888406065,0.06199538903955109,3779.3743705693028,809.9193567966514,3391.499962161928,291.60886522866076,7565.77061760355,1187.8454237674532
train_audio/soulap1/iNat818001.ogg,iNat818001.ogg,soulap1,Southern Lapwing,Vanellus chilensis,test,8.73071875,0.018230485,0.011880335,0.0935782967032967,0.08869422131681835,2559.019693214426,1245.2657521429103,2730.782448331973,489.14595935324286,4619.24793956044,1956.4524089604427
train_audio/soulap1/XC959661.ogg,XC959661.ogg,soulap1,Southern Lapwing,Vanellus chilensis,test,53.128,0.059036903,0.040942904,0.08565255899954832,0.10154200057125455,2974.985356588012,1806.8562426785813,3226.7238935310925,759.891816967638,6042.1606820234865,3370.537752113607
train_audio/soulap1/XC462571.ogg,XC462571.ogg,soulap1,Southern Lapwing,Vanellus chilensis,test,92.63021875,0.0060517294,0.0062671653,0.15336543002482728,0.04775715953913784,2928.53905529292,510.86239154419525,2416.1506148872495,291.9055216401839,5227.064443005182,648.746630256416
train_audio/soulap1/XC412737.ogg,XC412737.ogg,soulap1,Southern Lapwing,Vanellus chilensis,test,28.7346875,0.0024594008,0.0014119239,0.10561202629106348,0.054321465152447686,2418.177714346433,616.0580143722268,2488.3450770490012,299.00504630011517,4810.403326837417,942.4072815189203
train_audio/soulap1/XC481876.ogg,XC481876.ogg,soulap1,Southern Lapwing,Vanellus chilensis,test,11.15428125,0.03190321,0.038014162,0.07753948222600286,0.08286582639115964,2307.099123650062,1317.7474281425891,2777.7796763211836,931.3751509785567,4396.601898280803,2750.6088448066153
train_audio/soulap1/iNat190682.ogg,iNat190682.ogg,soulap1,Southern Lapwing,Vanellus chilensis,test,5.688,0.012523064,0.011596271,0.1877976321102528,0.08745659509176787,3309.125902917114,1107.319697826792,1943.4170723205755,394.31485943312913,5272.866924157303,1397.631921201952
train_audio/soulap1/XC216146.ogg,XC216146.ogg,soulap1,Southern Lapwing,Vanellus chilensis,test,18.672,0.0052873367,0.0031583437,0.17544346639554795,0.026565337667718094,4158.362892563529,261.5244961395123,3694.935295135185,523.5237673726097,8671.286386986301,1283.0477234213356
train_audio/soulap1/iNat1199123.ogg,iNat1199123.ogg,soulap1,Southern Lapwing,Vanellus chilensis,test,7.3386875,0.027600337,0.046163194,0.21588839528867101,0.07005730663786094,3713.598979845229,999.8139914268628,1787.3215295500984,556.2385190266718,5698.223039215686,1352.8216562959924
train_audio/soulap1/XC347764.ogg,XC347764.ogg,soulap1,Southern Lapwing,Vanellus chilensis,test,33.253875,0.023412528,0.039267857,0.2597935737584175,0.064215294515904,4225.973626122287,620.4969033340888,2169.163324348848,338.06689331011773,5740.808381433381,585.5092333823094
train_audio/soulap1/XC1067733.ogg,XC1067733.ogg,soulap1,Southern Lapwing,Vanellus chilensis,test,37.6163125,0.032302942,0.054909546,0.2755452889163478,0.07162249516347073,5196.978437751039,648.8906097629895,3215.3274306904163,289.44586657980375,7765.518707482993,851.1279483958618
train_audio/soulap1/iNat325332.ogg,iNat325332.ogg,soulap1,Southern Lapwing,Vanellus chilensis,test,6.6838125,0.06238017,0.049695436,0.10928972600179426,0.05570663327336353,3264.3760855168753,437.5588756310754,3566.256273102086,775.1782696677183,6759.382476076555,1815.1376320645088
train_audio/soulap1/iNat282059.ogg,iNat282059.ogg,soulap1,Southern Lapwing,Vanellus chilensis,test,11.31103125,0.11147525,0.027745795,0.0753686627033239,0.01796957771159187,1554.1320732687311,378.795174373336,1661.557345802527,342.92490944511144,2231.568246110325,860.2026012706834
train_audio/soulap1/iNat1422064.ogg,iNat1422064.ogg,soulap1,Southern Lapwing,Vanellus chilensis,test,9.65915625,0.015560624,0.0076880897,0.1039125556187914,0.0704521545515737,3594.506797351106,696.3197882992915,3345.293002517649,219.21437117487972,6170.2193708609275,671.7899326197931
train_audio/soulap1/iNat1204518.ogg,iNat1204518.ogg,soulap1,Southern Lapwing,Vanellus chilensis,test,12.094,0.011414424,0.009698377,0.1307211578207672,0.05225569474031104,3214.3350375805485,528.1518625800147,3219.742432614226,548.119799327815,6206.0598544973545,1288.559897814892
train_audio/soulap1/iNat1206201.ogg,iNat1206201.ogg,soulap1,Southern Lapwing,Vanellus chilensis,test,6.264,0.0013349975,0.0028690686,0.2138111348054847,0.037077892107039066,3680.9833597715656,551.4614831651656,2800.73863256966,298.86207283764446,5807.358099489796,892.5971121313509
train_audio/soulap1/iNat835910.ogg,iNat835910.ogg,soulap1,Southern Lapwing,Vanellus chilensis,test,64.6,0.03536156,0.04762056,0.313957951221211,0.07599815609752818,5654.545925206118,927.8702409130176,3192.257761759677,288.72003729870266,8804.664283060922,1207.3069194487061
train_audio/soulap1/XC318715.ogg,XC318715.ogg,soulap1,Southern Lapwing,Vanellus chilensis,test,6.9485625,0.003963301,0.003495572,0.17579808728448276,0.03870040907546457,3754.527833521595,419.86761301888737,3092.2197444324343,545.5472540522412,6601.939655172414,1017.8896878430012
train_audio/soulap1/iNat1408835.ogg,iNat1408835.ogg,soulap1,Southern Lapwing,Vanellus chilensis,test,36.53696875,0.008820277,0.008939478,0.1749569012697023,0.07494596502107553,4780.9397810084465,912.3852495508287,4111.04259399201,664.3651889239687,9772.185584500876,1872.8817875410016
train_audio/soulap1/XC16003.ogg,XC16003.ogg,soulap1,Southern Lapwing,Vanellus chilensis,test,25.96571875,0.0767105,0.060319692,0.14873805019639558,0.060657695528993895,3297.9594336150317,442.30060270017077,2780.085414124462,463.7442988411569,5534.4847504621075,931.8824011183293
train_audio/soulap1/XC837717.ogg,XC837717.ogg,soulap1,Southern Lapwing,Vanellus chilensis,test,18.207,0.030841056,0.034592703,0.18997444461225835,0.07213867963098719,4179.5996264143805,1050.0847435150126,3136.7999692026447,855.1165150422079,7316.673989455185,2646.1533396500254
train_audio/soulap1/XC991814.ogg,XC991814.ogg,soulap1,Southern Lapwing,Vanellus chilensis,test,11.5,0.040026095,0.043514602,0.20273858549200277,0.04068189349406288,4307.7593787858,502.46490808520366,3046.9297744682713,834.3378435340833,7422.048852573018,1888.4945466344852
train_audio/soulap1/XC438169.ogg,XC438169.ogg,soulap1,Southern Lapwing,Vanellus chilensis,test,17.8155,0.0027974346,0.0009924584,0.05582141705004488,0.04055553204896503,2844.5457596872097,602.0894226698789,3975.5663290726593,269.3981359504417,7002.763128366248,1309.5805206851924
train_audio/soulap1/iNat1434604.ogg,iNat1434604.ogg,soulap1,Southern Lapwing,Vanellus chilensis,test,0.144,0.27494735,0.14435007,0.2111328125,0.048739763799133376,3931.142124855617,586.1551805263127,2708.4451559632666,227.2140849300876,6943.75,277.5098534286666
train_audio/soulap1/XC51500.ogg,XC51500.ogg,soulap1,Southern Lapwing,Vanellus chilensis,test,4.5453125,0.05648176,0.06637367,0.2410584566885965,0.04017169634241499,4671.171505009317,777.7195568043161,2928.7576283807507,804.2552489616191,7828.399122807017,2195.7580091826107
train_audio/soulap1/iNat1544856.ogg,iNat1544856.ogg,soulap1,Southern Lapwing,Vanellus chilensis,test,3.5625,0.032210406,0.019556822,0.23286417460762332,0.0318120024395245,4645.756677031617,524.350273331422,4171.931586219283,411.49562281652976,9560.117713004483,1532.8367077071664
train_audio/soulap1/iNat307134.ogg,iNat307134.ogg,soulap1,Southern Lapwing,Vanellus chilensis,test,10.44,0.0006187319,0.0005561175,0.142321646487366,0.046861058735138725,3024.960902775692,450.9966711889352,2698.500105642408,495.08898506949805,5228.105857580398,726.5346166319802
train_audio/soulap1/iNat371116.ogg,iNat371116.ogg,soulap1,Southern Lapwing,Vanellus chilensis,test,3.04165625,0.015203748,0.01045326,0.15134162303664922,0.036418993979817876,4258.228248064735,593.9570676308138,3984.537417798174,309.570642457618,9045.729712041884,1066.953304610204
train_audio/soulap1/iNat514340.ogg,iNat514340.ogg,soulap1,Southern Lapwing,Vanellus chilensis,test,30.744,0.0013522058,0.001112224,0.09204508040127471,0.060078703968913634,3414.451042825499,671.2894751478846,3946.575205514756,843.931734442366,8025.908883975026,2651.514293201527
train_audio/soulap1/XC524131.ogg,XC524131.ogg,soulap1,Southern Lapwing,Vanellus chilensis,test,43.67675,0.023562102,0.027578719,0.2431662087912088,0.13424349310408631,5306.003406422647,1498.2942952612611,4166.432602719463,788.4504725151111,10243.166208791208,2761.76324457986
train_audio/soulap1/iNat1195534.ogg,iNat1195534.ogg,soulap1,Southern Lapwing,Vanellus chilensis,test,38.0,0.014962137,0.018727276,0.13701981566971802,0.09101442588616218,3207.7465208463523,1594.9393687076058,2755.0411748965507,1116.6901454994427,5738.2944023569025,3122.152211766301
train_audio/soulap1/iNat1467900.ogg,iNat1467900.ogg,soulap1,Southern Lapwing,Vanellus chilensis,test,34.44746875,0.022073254,0.006462401,0.2985289875319322,0.019435584669833895,4720.282712764231,250.62005796236394,2711.289628085474,199.95137220645626,5813.276532745007,416.0813331563682
train_audio/soulap1/XC393398.ogg,XC393398.ogg,soulap1,Southern Lapwing,Vanellus chilensis,test,56.8685625,0.011904587,0.0043637254,0.08809253032700422,0.053859533895416284,2845.5383238810327,707.7401146516607,3241.1521880376354,526.9641061556108,5899.331926863572,1062.7295316580658
train_audio/houspa/iNat1561597.ogg,iNat1561597.ogg,houspa,House Sparrow,Passer domesticus,train,3.27403125,0.014760051,0.0017706875,0.03943645198170732,0.018508709562139534,1852.5600223827714,518.9702386366814,2685.797129572084,457.5472797194261,3974.0091463414633,1261.645342626775
train_audio/houspa/XC897181.ogg,XC897181.ogg,houspa,House Sparrow,Passer domesticus,train,15.9608125,0.02540575,0.018262036,0.07813967779308617,0.0870306961956463,1712.3220039583355,1126.636238756191,1927.7153245212742,459.8918881416716,3364.197144288577,1902.9003884501124
train_audio/houspa/iNat1250706.ogg,iNat1250706.ogg,houspa,House Sparrow,Passer domesticus,train,8.20825,0.016689992,0.008300395,0.078359640989786,0.0932608839358468,2247.1323428084843,1265.1431956214565,2919.5922073245033,535.3535169556084,5187.773589494163,2689.5771733214233
train_audio/houspa/iNat81609.ogg,iNat81609.ogg,houspa,House Sparrow,Passer domesticus,train,5.59603125,0.0045086276,0.001779104,0.06400809151785715,0.03130109973419844,2014.8267989234946,533.9599981164208,2841.7767121819734,701.1467477492753,3667.0089285714284,1057.783338081134
train_audio/houspa/iNat1281103.ogg,iNat1281103.ogg,houspa,House Sparrow,Passer domesticus,train,5.78178125,0.06134149,0.049540233,0.007625010790745857,0.004208627141072601,746.4504492816569,419.7104281666006,2029.9036037462572,596.7351420708229,844.267955801105,1138.2431098763752
train_audio/houspa/iNat363549.ogg,iNat363549.ogg,houspa,House Sparrow,Passer domesticus,train,31.776,0.0065333485,0.0031954073,0.07194911455712129,0.06042246830880815,2247.8813236426104,744.4230702433689,2709.009242314519,220.97821663722547,4838.2454705586315,1040.4967465425077
train_audio/houspa/XC328157.ogg,XC328157.ogg,houspa,House Sparrow,Passer domesticus,train,67.872,0.005966562,0.0041625407,0.15308555083372613,0.05592240704206217,3155.6049894001253,617.5243850823921,2554.9433090511698,342.15038085591044,5403.605939193966,921.5755268606476
train_audio/houspa/iNat258237.ogg,iNat258237.ogg,houspa,House Sparrow,Passer domesticus,train,11.33715625,0.005229109,0.007105319,0.1333083568406206,0.09387420266047304,2595.384141064648,1221.5284971762821,2320.4854189318157,553.5581217635669,4436.001410437236,1913.2857229099266
train_audio/houspa/XC326991.ogg,XC326991.ogg,houspa,House Sparrow,Passer domesticus,train,871.810625,0.0132276155,0.01255943,0.27257803216302834,0.035721311964888584,4695.62902446302,470.1104121903043,2227.1853056032733,346.52809701541867,6658.407832314779,937.8313963903331
train_audio/houspa/iNat946064.ogg,iNat946064.ogg,houspa,House Sparrow,Passer domesticus,train,6.0,0.0018657857,0.001914542,0.02606460895944149,0.018248013064306293,1522.4687676333765,439.4735966571362,2917.750652979972,376.2732748023107,2578.9976728723404,1156.374050793531
train_audio/houspa/iNat679089.ogg,iNat679089.ogg,houspa,House Sparrow,Passer domesticus,train,16.6603125,0.014078853,0.014532016,0.021330674184261038,0.032553635444796364,1265.2134424002838,645.6909608819295,2371.333317123579,519.9724513351796,2366.0028790786946,1478.2964830521416
train_audio/houspa/XC380900.ogg,XC380900.ogg,houspa,House Sparrow,Passer domesticus,train,87.32734375,0.004673169,0.005021402,0.11744863832333272,0.06034871146245695,3515.432420618695,376.6555355991213,3484.0233715889563,918.6524653419315,6900.56740106266,1746.6169368027445
train_audio/houspa/iNat756667.ogg,iNat756667.ogg,houspa,House Sparrow,Passer domesticus,train,10.56509375,0.030573433,0.006539553,0.041271215487897125,0.02658835502619517,1230.646918348177,398.2782632139635,1713.9577065080591,322.4592652390434,2111.9752269288956,747.1623776945391
train_audio/houspa/XC178337.ogg,XC178337.ogg,houspa,House Sparrow,Passer domesticus,train,15.9608125,0.014583782,0.0053614844,0.12506164673096193,0.03453222659969282,2868.372196595472,393.18275183268827,2955.6800903612357,220.01554219906427,4911.338301603207,667.7331841110807
train_audio/houspa/iNat777071.ogg,iNat777071.ogg,houspa,House Sparrow,Passer domesticus,train,13.52,0.0029224893,0.004412834,0.09633742889332152,0.06075946931008853,4668.344531400356,620.7108422799606,4667.497561089878,824.8397068395526,11036.513741134751,2180.4813015455866
train_audio/houspa/iNat1299614.ogg,iNat1299614.ogg,houspa,House Sparrow,Passer domesticus,train,17.158875,0.013968532,0.0067875865,0.028811324120456665,0.02963887502694486,947.8313278300279,531.4335579964761,1760.1112115089704,403.03124175812485,1546.5983224603915,1291.5170255949624
train_audio/houspa/iNat416892.ogg,iNat416892.ogg,houspa,House Sparrow,Passer domesticus,train,23.95428125,0.013838137,0.0039805123,0.09982613536799065,0.0696005214370297,2173.4589055002516,742.9962690134979,2075.4211652211507,259.6413061921706,4621.161548731642,954.0741881157405
train_audio/houspa/iNat593136.ogg,iNat593136.ogg,houspa,House Sparrow,Passer domesticus,train,24.832,0.006303334,0.004931409,0.041947541049581455,0.01970153586529778,1581.929577406927,539.934749346025,2191.1443953787625,506.7855793850124,3158.7049259497744,1507.0015189894002
train_audio/houspa/iNat1395843.ogg,iNat1395843.ogg,houspa,House Sparrow,Passer domesticus,train,27.218125,0.014023226,0.0058876257,0.1243427424537309,0.06823229429447555,3407.5417164381074,657.4111250301102,3713.8465592820003,347.80393050446315,7454.9059929494715,1143.1312488118792
train_audio/houspa/XC872101.ogg,XC872101.ogg,houspa,House Sparrow,Passer domesticus,train,82.704,0.039034802,0.034470763,0.08130307815522243,0.06793787439766438,2152.267978029245,820.5486238273784,2445.7415493266753,418.96158233835354,4225.876450676983,1394.2141646373104
train_audio/houspa/iNat822894.ogg,iNat822894.ogg,houspa,House Sparrow,Passer domesticus,train,8.61996875,0.004254358,0.0011190936,0.08430234664888683,0.04634284006443097,3992.2650231549524,808.6905201725228,4732.016335709914,276.1692068097872,10732.577690166976,1101.3865211022314
train_audio/houspa/iNat1441429.ogg,iNat1441429.ogg,houspa,House Sparrow,Passer domesticus,train,35.3706875,0.024754079,0.018560005,0.07079062252657169,0.07003191661056958,2008.1062258060622,1030.8032341498094,2201.089801523957,338.08518621719156,3605.1136363636365,1248.094296618865
train_audio/houspa/XC530698.ogg,XC530698.ogg,houspa,House Sparrow,Passer domesticus,train,17.424,0.032925315,0.022620656,0.15902289994266056,0.07279277198955122,3300.3096601224593,610.1192209938613,2968.320924921632,402.2597213799699,6021.9466743119265,1099.4144540921802
train_audio/houspa/iNat206180.ogg,iNat206180.ogg,houspa,House Sparrow,Passer domesticus,train,3.483,0.004250241,0.0015512417,0.09830355862958716,0.05731128390210638,2539.0758918544648,738.2641021535336,2978.127221909076,433.76829299824595,4375.8600917431195,1422.968337303841
train_audio/houspa/iNat1017375.ogg,iNat1017375.ogg,houspa,House Sparrow,Passer domesticus,train,10.3096875,0.009959555,0.0053021447,0.07610222868217054,0.020193920352232237,1995.5292552751218,499.7906320549698,2159.351699996393,527.3111275475346,3723.6434108527133,1261.6464373289373
train_audio/houspa/iNat1322829.ogg,iNat1322829.ogg,houspa,House Sparrow,Passer domesticus,train,8.986125,0.008669582,0.0028964924,0.0464145212411032,0.03957364400329854,1595.3945658336222,558.499493315246,2243.057769591529,232.24449594085044,3174.2382117437724,897.4703337405891
train_audio/houspa/XC806714.ogg,XC806714.ogg,houspa,House Sparrow,Passer domesticus,train,50.4685625,0.007415872,0.008214043,0.2880805207507924,0.013281174357975536,5424.967841846861,372.06315422721536,2614.2123033160688,371.22122563163424,7076.035063391442,1326.4861402865026
train_audio/houspa/XC657599.ogg,XC657599.ogg,houspa,House Sparrow,Passer domesticus,train,213.672,0.009166434,0.017178372,0.14054361369805315,0.10628419279010247,2961.0349985384646,1322.4068065672348,2402.147794759824,604.2831754555705,4565.532572070386,1981.6873804379347
train_audio/houspa/iNat343416.ogg,iNat343416.ogg,houspa,House Sparrow,Passer domesticus,train,12.864,0.00043770156,0.0006867505,0.13723250679347826,0.09421352028294079,2686.5307921688645,1024.1753980850874,2092.614932048846,292.09907314595995,5051.281055900621,1040.0870350017342
train_audio/houspa/iNat364859.ogg,iNat364859.ogg,houspa,House Sparrow,Passer domesticus,train,5.90278125,0.030833077,0.015422616,0.1263748623814363,0.06615423391949796,3303.646412777693,750.0419138049155,3291.800479615073,460.3949172930829,6563.6009485094855,1670.0974138009035
train_audio/houspa/iNat1732671.ogg,iNat1732671.ogg,houspa,House Sparrow,Passer domesticus,train,82.1216875,0.016450003,0.031427167,0.06433231510568868,0.061208825488529336,1748.3179898533347,837.4642212906341,2332.411114040972,301.69090200994424,2726.4605250340933,1368.0489458809332
train_audio/houspa/iNat1731791.ogg,iNat1731791.ogg,houspa,House Sparrow,Passer domesticus,train,0.1045,0.5043035,0.083034314,0.19928850446428573,0.04660861559515693,4493.642525232613,241.6184870961615,3337.6345682664746,119.9797839734296,8053.571428571428,546.3235193135126
train_audio/houspa/iNat408728.ogg,iNat408728.ogg,houspa,House Sparrow,Passer domesticus,train,7.3955625,0.013265395,0.005117599,0.15983565064794816,0.07175905229600293,3596.5541471148886,1129.4543171210912,3252.7409254529375,487.17625872381234,6253.1047516198705,2398.182014847521
train_audio/houspa/iNat1226715.ogg,iNat1226715.ogg,houspa,House Sparrow,Passer domesticus,train,15.48,0.0055728573,0.0019163521,0.02353535801911157,0.02870779412132899,2027.320851420951,545.2962031658128,3462.638385883564,239.65868262529943,5380.116864669421,1426.912272962751
train_audio/houspa/iNat1406050.ogg,iNat1406050.ogg,houspa,House Sparrow,Passer domesticus,train,19.98903125,0.024399383,0.006370482,0.07763125,0.049909536241697625,2353.861379998591,721.6494273462149,2909.8531412002803,373.58253841008445,4675.3875,1127.3043960733276
train_audio/houspa/iNat1074542.ogg,iNat1074542.ogg,houspa,House Sparrow,Passer domesticus,train,7.79165625,0.019936379,0.017710567,0.18285180313141683,0.07973694251705046,4819.797811865375,913.860272403796,4297.528748447289,434.4522402437741,10102.156057494867,1471.8021730887228
train_audio/houspa/iNat944927.ogg,iNat944927.ogg,houspa,House Sparrow,Passer domesticus,train,15.0,0.0036810213,0.00064329576,0.0347564632196162,0.03189310605970952,1180.7953427804714,376.6718476327885,2032.577025770022,148.2794334512854,2122.451359275053,932.8629496333632
train_audio/houspa/iNat721674.ogg,iNat721674.ogg,houspa,House Sparrow,Passer domesticus,train,15.371625,0.023182455,0.0060455077,0.03100611342351717,0.03621007136829353,1702.404746009129,671.9875662722114,2786.446358084087,271.59758438383074,3581.4581165452655,1191.1747838999556
train_audio/houspa/iNat1542445.ogg,iNat1542445.ogg,houspa,House Sparrow,Passer domesticus,train,12.416,0.01546762,0.020848,0.07425205618564994,0.06723572355989092,2675.496028239732,901.5624151579993,3318.3186378275445,753.3833106455545,5309.684684684685,2086.129285463765
train_audio/houspa/XC644556.ogg,XC644556.ogg,houspa,House Sparrow,Passer domesticus,train,11.572,0.032687698,0.048422076,0.26845554752244477,0.039665545983696905,5478.925600698169,834.4484504472192,2892.328558850018,694.7257880355,8182.838397790055,2650.0629697443437
train_audio/houspa/iNat498478.ogg,iNat498478.ogg,houspa,House Sparrow,Passer domesticus,train,12.93353125,0.016373586,0.0071757655,0.12696640335290482,0.1001939124771658,4203.724504443303,1168.892489089094,3717.8441310032536,484.8411493752482,7976.784610630408,1353.3413221787873
train_audio/houspa/iNat394290.ogg,iNat394290.ogg,houspa,House Sparrow,Passer domesticus,train,8.51784375,0.0117691085,0.005404888,0.09198101108114447,0.05030317911788738,3202.824106537237,710.068569947948,3446.0033538620733,420.49250586388854,6259.820590994372,1780.8704623220315
train_audio/houspa/iNat1714563.ogg,iNat1714563.ogg,houspa,House Sparrow,Passer domesticus,train,20.80509375,0.005602929,0.003268752,0.09050767738758647,0.06840222176236399,3513.1504547031786,881.6205372134779,3862.699934311403,355.0666500299323,7522.218485780169,1118.846844930085
train_audio/houspa/iNat215881.ogg,iNat215881.ogg,houspa,House Sparrow,Passer domesticus,train,36.288,0.0052850237,0.0029970075,0.14169280588915822,0.08309056675671309,3707.218823268042,645.1347192379166,2580.916642850805,249.74677891244087,5703.510632437197,613.6855487882942
train_audio/houspa/iNat926159.ogg,iNat926159.ogg,houspa,House Sparrow,Passer domesticus,train,51.1,0.009963785,0.01648104,0.07735451236693801,0.06829868367097737,3001.259423157945,1197.122109831116,3467.795179815544,575.6030506223854,6864.276768941766,2421.8854097959575
train_audio/houspa/iNat228148.ogg,iNat228148.ogg,houspa,House Sparrow,Passer domesticus,train,25.2611875,0.058904648,0.061100055,0.3283757891664028,0.041237150007881286,6007.424261065932,643.1982881102113,3043.5140697545016,656.364816601751,9217.94846421786,1866.7303502297978
train_audio/houspa/iNat353132.ogg,iNat353132.ogg,houspa,House Sparrow,Passer domesticus,train,15.18790625,0.07928339,0.026069848,0.13106291118421054,0.06831907611966025,3644.335446255692,740.7256143417759,3985.875787697435,210.59020347485006,8532.565789473685,1093.8502377890763
train_audio/houspa/iNat1593763.ogg,iNat1593763.ogg,houspa,House Sparrow,Passer domesticus,train,12.88709375,0.007024829,0.0031330665,0.11084226698200993,0.05187221800575588,3387.2364064721596,856.3835495135318,3537.71875259697,490.84741489437175,6939.070254342431,1802.5078647488217
train_audio/houspa/iNat1335844.ogg,iNat1335844.ogg,houspa,House Sparrow,Passer domesticus,train,24.450625,0.06588296,0.04583983,0.09409489453891433,0.07593424928196232,2735.6354745966783,1175.338451923151,3131.2891840719385,591.4832308566682,5373.579545454545,2308.724149648102
train_audio/houspa/XC575359.ogg,XC575359.ogg,houspa,House Sparrow,Passer domesticus,train,9.795,0.0029653625,0.011007321,0.30181516364192496,0.02810472413533676,5632.415361621318,422.1285809171587,2918.0948606844913,522.6930685781508,8322.389885807504,1432.4050626363405
train_audio/houspa/XC260309.ogg,XC260309.ogg,houspa,House Sparrow,Passer domesticus,train,24.9208125,0.027010635,0.01835686,0.04526787146983312,0.08497964747054854,3706.33720555843,693.2197146079444,3667.8728230344896,730.2964265342813,7048.509707958921,1055.7935476312875
train_audio/houspa/iNat1397767.ogg,iNat1397767.ogg,houspa,House Sparrow,Passer domesticus,train,0.288,0.47801656,0.100529715,0.10382401315789473,0.01812584027062391,2055.890358158317,229.8038227038001,2079.864965047368,236.21372789734676,3342.9276315789475,294.00332390426985
train_audio/houspa/XC557351.ogg,XC557351.ogg,houspa,House Sparrow,Passer domesticus,train,24.398,0.008796975,0.006963709,0.020100217725409836,0.01745998174675675,1727.3876366471475,479.40002416133825,3100.4605040991833,358.5335904497988,3549.1393442622953,1327.506845845852
train_audio/houspa/XC699741.ogg,XC699741.ogg,houspa,House Sparrow,Passer domesticus,train,19.539,0.015626961,0.0059723044,0.1823227003631342,0.04636016358082481,3295.8765946212443,531.0459067560219,2649.4225605636298,278.188201707445,5188.08817512275,816.9684009938745
train_audio/houspa/iNat1270979.ogg,iNat1270979.ogg,houspa,House Sparrow,Passer domesticus,train,9.961375,0.005799452,0.0012094098,0.21726948108948635,0.033203985727729125,4303.965762391844,396.14449308441,2823.2205800154225,307.12691352050103,6632.524077046549,932.247175926333
train_audio/houspa/iNat886834.ogg,iNat886834.ogg,houspa,House Sparrow,Passer domesticus,train,4.225875,0.011118763,0.0028314851,0.07548459610849056,0.025514236720175183,1961.2924083060489,440.22229658076066,2281.5049946184886,203.7594905812094,3941.8632075471696,806.6834936950731
train_audio/houspa/iNat665592.ogg,iNat665592.ogg,houspa,House Sparrow,Passer domesticus,train,14.5815625,0.022179445,0.0072548473,0.05082461708470395,0.05166187709454611,1939.7233072192666,1189.0663367468994,2695.1031218365683,808.4053911247728,3808.4566885964914,2496.0293973306407
train_audio/houspa/iNat1727795.ogg,iNat1727795.ogg,houspa,House Sparrow,Passer domesticus,train,11.932875,0.010148839,0.013763632,0.08801891337131368,0.058463179381617374,2879.164042989496,818.7584656666658,3358.967588610721,697.5008199729841,5701.051441018767,2060.055110608387
train_audio/houspa/iNat363405.ogg,iNat363405.ogg,houspa,House Sparrow,Passer domesticus,train,11.70140625,0.018358042,0.011131271,0.02357424543203552,0.015066403072620861,1346.5504946201086,444.8933265894378,2383.870119382589,383.5135803832007,2830.1314890710382,1301.6655659590078
train_audio/houspa/XC641472.ogg,XC641472.ogg,houspa,House Sparrow,Passer domesticus,train,40.416,0.0056310543,0.0017787797,0.1269919633582311,0.03379925519717021,3049.492383173711,299.13819802527183,2927.7819890081564,273.5598845356553,5332.08226157499,699.0872300541417
train_audio/houspa/iNat1651003.ogg,iNat1651003.ogg,houspa,House Sparrow,Passer domesticus,train,9.1,0.0024125609,0.0033620722,0.14878333012961337,0.08145181262296079,4221.279689716515,1598.0051795017237,3983.6220381742683,715.3091581812965,8244.315685413005,2798.576317078399
train_audio/houspa/iNat1390274.ogg,iNat1390274.ogg,houspa,House Sparrow,Passer domesticus,train,5.87175,0.003911051,0.002872104,0.09597187925749319,0.10950581479245466,2720.6636746435433,1322.6737775856304,3329.935242760603,467.2499011791564,5214.87568119891,2295.539356945919
train_audio/houspa/iNat1195827.ogg,iNat1195827.ogg,houspa,House Sparrow,Passer domesticus,train,7.0124375,0.009702146,0.004781666,0.03218985798690205,0.013963211812014742,2269.513886915546,458.6231801944193,3598.2912985688226,305.9446203183582,5995.01708428246,1426.052001505552
train_audio/houspa/XC288403.ogg,XC288403.ogg,houspa,House Sparrow,Passer domesticus,train,146.0245,0.0070555434,0.01022462,0.2323677879677057,0.06662683990345851,4726.081574743918,842.1682986767407,3233.017561804874,666.3873031341843,8520.07436726197,1973.6799392074934
train_audio/houspa/iNat1014644.ogg,iNat1014644.ogg,houspa,House Sparrow,Passer domesticus,train,27.81753125,0.002366807,0.0016241797,0.06458705838484761,0.026778001775636072,2088.364002875137,483.1926320160134,2824.311477644611,376.3064873308659,3922.351207590569,1343.3107779304319
train_audio/houspa/iNat1395654.ogg,iNat1395654.ogg,houspa,House Sparrow,Passer domesticus,train,12.024,0.0021601412,0.001767662,0.22738582529920212,0.042383723081047535,4487.540109246002,689.7131000493634,3629.8285580109964,382.063339465538,7846.13946143617,1340.229499180971
train_audio/houspa/XC837396.ogg,XC837396.ogg,houspa,House Sparrow,Passer domesticus,train,26.568,0.030536866,0.03315446,0.1871207809677905,0.08173612455326534,3521.0714020248756,922.7305842637414,2414.779371892183,546.3556586298856,5652.477799518362,1053.8219071754418
train_audio/houspa/iNat1398713.ogg,iNat1398713.ogg,houspa,House Sparrow,Passer domesticus,train,6.74134375,0.0027793143,0.0017644082,0.09655472452606635,0.10692662038629891,3106.1215791771483,1449.5406102273,3590.678587572999,656.6919213647425,6509.515699052133,2102.9001035569836
train_audio/houspa/XC815532.ogg,XC815532.ogg,houspa,House Sparrow,Passer domesticus,train,24.50284375,0.013202829,0.012400589,0.03929899131037859,0.05454005851639886,2574.2186467817387,1011.6865627164022,3628.886830814702,801.885304328621,5838.120104438643,2901.5639397088407
train_audio/houspa/iNat17435.ogg,iNat17435.ogg,houspa,House Sparrow,Passer domesticus,train,6.848,0.050664872,0.032907743,0.02310515005827506,0.019790981816982,1887.5587735900415,915.9817350586022,3130.154663292842,741.5296175681182,4832.568473193473,2903.8968287779135
train_audio/houspa/iNat1577290.ogg,iNat1577290.ogg,houspa,House Sparrow,Passer domesticus,train,11.33134375,0.024493063,0.018392384,0.03791858581629055,0.035490823444319905,1343.25526975568,626.7778298950974,1774.2308077996602,445.72266568409896,3280.1260578279266,1527.87234917471
train_audio/houspa/iNat406165.ogg,iNat406165.ogg,houspa,House Sparrow,Passer domesticus,train,17.46140625,0.020994494,0.034127858,0.07193920987866301,0.04979222727396513,2305.4067145346908,895.0516167044965,2893.558079684549,698.0965967615626,4670.1579670329675,1983.5309964447456
train_audio/houspa/iNat264265.ogg,iNat264265.ogg,houspa,House Sparrow,Passer domesticus,train,12.1905,0.0049324506,0.0011832606,0.0324585281332021,0.022692476069179932,2286.143871345044,543.205326784922,3441.660079011838,305.39784084953055,5902.784612860893,1115.598865318893
train_audio/houspa/iNat1736632.ogg,iNat1736632.ogg,houspa,House Sparrow,Passer domesticus,train,2.9025,0.0013708494,0.0009836328,0.12780091002747251,0.024107290447651922,3404.061802271069,592.5207098888894,3574.3727742827186,456.444265660467,6637.706043956044,1467.4660700855086
train_audio/houspa/iNat28545.ogg,iNat28545.ogg,houspa,House Sparrow,Passer domesticus,train,11.64,0.010582819,0.025007935,0.312380612551511,0.03449901119524567,6072.856732458398,551.6211350532126,3593.4310153557394,491.56246268077086,10384.035885989011,1408.116456473769
train_audio/houspa/iNat505594.ogg,iNat505594.ogg,houspa,House Sparrow,Passer domesticus,train,7.18053125,0.017688943,0.016698588,0.09307793360244988,0.06556772319049577,2768.386187578256,838.595831589201,3288.0018566419662,470.3695885105836,5309.716035634744,1462.904954629523
train_audio/houspa/iNat853052.ogg,iNat853052.ogg,houspa,House Sparrow,Passer domesticus,train,29.48265625,0.00810686,0.005709014,0.05389109553038524,0.03401636232963388,1999.8388689704348,661.0031976825683,2664.8967124765554,489.0445268008515,4047.680412371134,1542.46446831409
train_audio/houspa/iNat376538.ogg,iNat376538.ogg,houspa,House Sparrow,Passer domesticus,train,6.50159375,0.0883632,0.07759436,0.018477906173218674,0.015147298339266906,1180.3024541552898,686.0661790911423,2354.93026423589,793.5037596431594,2150.568181818182,1954.868874706266
train_audio/houspa/iNat300573.ogg,iNat300573.ogg,houspa,House Sparrow,Passer domesticus,train,5.22221875,0.011120032,0.014251999,0.26178146502293576,0.05450604403967633,5452.374307124729,877.2875711234678,4732.125196655305,809.7611106340846,11511.420107033638,2784.4896065611665
train_audio/houspa/iNat1025601.ogg,iNat1025601.ogg,houspa,House Sparrow,Passer domesticus,train,9.87734375,0.06620629,0.053362545,0.03318969331512945,0.027973422347747388,1619.355609454027,767.7718664946607,2616.136021065479,668.5914980300671,3329.490291262136,1995.6179794488905
train_audio/houspa/iNat1016528.ogg,iNat1016528.ogg,houspa,House Sparrow,Passer domesticus,train,17.39175,0.004469074,0.0025581953,0.08845392278058878,0.07708669508404094,1814.7156697466926,876.5565753582965,1693.861801252857,246.7675358907244,3592.671918123275,1229.5114870167881
train_audio/houspa/iNat593995.ogg,iNat593995.ogg,houspa,House Sparrow,Passer domesticus,train,9.2415625,0.006580647,0.0013572656,0.041632312391868515,0.03452700908489659,1862.3686708666828,592.6085471190258,2950.081503318484,390.4307739820608,3715.4790224913495,1780.4172011076614
train_audio/houspa/iNat935753.ogg,iNat935753.ogg,houspa,House Sparrow,Passer domesticus,train,0.5224375,0.7035082,0.085307665,0.16600082859848486,0.04189391470260432,3519.7721207652844,553.113442305101,2854.324497360566,287.0273377596852,5497.632575757576,840.9405493364948
train_audio/houspa/XC570608.ogg,XC570608.ogg,houspa,House Sparrow,Passer domesticus,train,26.07,0.015065211,0.010443431,0.09379493385736197,0.10250200191473811,2898.705513627205,1317.926783694865,3345.0512858524503,309.77058189191945,5514.05291411043,1234.3798232332347
train_audio/houspa/iNat139919.ogg,iNat139919.ogg,houspa,House Sparrow,Passer domesticus,train,33.239375,0.051737774,0.016962143,0.01966401174506737,0.021257998407970713,1028.313945819022,429.68748331064745,1934.2184399585005,325.99616652125627,1799.6571222329162,867.3077061303059
train_audio/houspa/iNat899920.ogg,iNat899920.ogg,houspa,House Sparrow,Passer domesticus,train,14.32671875,0.012110576,0.0052469657,0.07730320521763392,0.043370676906288694,2999.896615029954,759.6610707819923,3583.641901544149,364.4990461134811,6751.238141741072,1568.5088990219253
train_audio/houspa/iNat1386572.ogg,iNat1386572.ogg,houspa,House Sparrow,Passer domesticus,train,5.805,0.0042571104,0.010012897,0.11322206439393939,0.047163835620852114,3099.7632774037415,951.6445649956889,3562.6762586384875,1063.0217047466201,6833.763774104683,2721.883451219214
train_audio/houspa/iNat678300.ogg,iNat678300.ogg,houspa,House Sparrow,Passer domesticus,train,12.9706875,0.072316416,0.02911469,0.1863060891260789,0.04349239476979879,2867.2896470844153,429.3491419810688,1760.1687725289096,192.16317537615788,4591.977496917386,460.94103111494957
train_audio/houspa/iNat1103012.ogg,iNat1103012.ogg,houspa,House Sparrow,Passer domesticus,train,8.47384375,0.034027364,0.012261377,0.04477078419811321,0.031152387452037876,1884.6384167524438,508.7390134801061,2699.783725449506,311.67727640040454,3622.9658018867926,1063.3892680559525
train_audio/houspa/iNat1361215.ogg,iNat1361215.ogg,houspa,House Sparrow,Passer domesticus,train,36.4146875,0.0024111557,0.0037881646,0.13679684067442882,0.049133930494836685,3326.2054810783357,717.3401696085807,3313.3459473924936,678.9709645720268,6531.140158172232,1910.5190877188102
train_audio/houspa/iNat385527.ogg,iNat385527.ogg,houspa,House Sparrow,Passer domesticus,train,11.72609375,0.0318873,0.040666748,0.02071298388472033,0.013244608990136858,1196.4646321858947,579.2034493448683,2071.445393831053,528.9170537813584,2207.3243519781718,1404.3655488162624
train_audio/houspa/iNat911870.ogg,iNat911870.ogg,houspa,House Sparrow,Passer domesticus,train,7.453625,0.01912839,0.028777327,0.06714705438572961,0.055417640929632285,3292.9120865943237,1520.2178368871448,4368.061199806186,954.210009805934,8520.017435622318,4283.053155630571
train_audio/houspa/iNat973794.ogg,iNat973794.ogg,houspa,House Sparrow,Passer domesticus,train,5.805,0.0022380394,0.0004403256,0.05324955879820937,0.02142907562195323,2443.3163319976165,294.15007622826903,3561.8916712037617,208.98726433747456,4960.141184573003,493.9192371727239
train_audio/houspa/XC1047601.ogg,XC1047601.ogg,houspa,House Sparrow,Passer domesticus,train,128.31346875,0.009775367,0.012508192,0.2528770237492207,0.029885805217187356,4793.167683783932,345.7291806770643,3210.5113916841697,482.7543086058912,7555.64993765586,1361.1971273434258
train_audio/houspa/XC468309.ogg,XC468309.ogg,houspa,House Sparrow,Passer domesticus,train,55.902,0.0072532482,0.01898053,0.27332039075915854,0.03781161675888817,5379.684390661107,655.2154401359038,3299.977484034515,717.9023978483352,8885.87131511162,2257.381977060267
train_audio/houspa/iNat629454.ogg,iNat629454.ogg,houspa,House Sparrow,Passer domesticus,train,7.638875,0.008100746,0.009746501,0.18483386179393305,0.09290835261963695,3785.392649659661,1270.7088749244956,3211.328626642149,811.4359519707474,6427.366631799163,2554.398132712658
train_audio/houspa/iNat635648.ogg,iNat635648.ogg,houspa,House Sparrow,Passer domesticus,train,6.03696875,0.021490512,0.010894501,0.21628663401124337,0.05228772844382055,3796.4697416939885,563.6889843886206,1986.360757729918,288.05510764884184,5223.751653439153,689.8700407712175
train_audio/houspa/iNat1706189.ogg,iNat1706189.ogg,houspa,House Sparrow,Passer domesticus,train,33.044,0.03463836,0.00988581,0.022537748442037753,0.021510211649971467,1745.0021085750413,449.8761358271385,3006.951403401671,248.68631950434974,3840.5206316553727,1096.7576772583898
train_audio/houspa/iNat420680.ogg,iNat420680.ogg,houspa,House Sparrow,Passer domesticus,train,9.380875,0.015389421,0.027025007,0.03111940348168654,0.034459880117560904,1549.473464026912,809.8904356768882,2934.38246317931,807.2636365236018,2371.1669505962523,1838.9654143046503
train_audio/houspa/iNat995952.ogg,iNat995952.ogg,houspa,House Sparrow,Passer domesticus,train,9.7291875,0.0065610996,0.002754746,0.12115308138341543,0.056477009686249295,3456.449973500576,823.236844540017,3560.1071370916657,441.7663525264165,6743.5344827586205,1812.1564452701123
train_audio/houspa/iNat254716.ogg,iNat254716.ogg,houspa,House Sparrow,Passer domesticus,train,8.4753125,0.0027673598,0.0016514607,0.04635723761792453,0.05226962887443835,2030.9032439743644,793.928350650366,2739.0261939146967,600.9312196268173,4136.143867924528,1260.232734593002
train_audio/houspa/XC303329.ogg,XC303329.ogg,houspa,House Sparrow,Passer domesticus,train,113.76,0.003445572,0.0062873214,0.1399207653635213,0.045731754400558614,3700.580168116499,396.2374112409598,3631.938461725469,665.0834868903167,7710.7408416537755,1506.9514917791257
train_audio/houspa/iNat1375555.ogg,iNat1375555.ogg,houspa,House Sparrow,Passer domesticus,train,18.7153125,0.026178213,0.009362976,0.08375150240384616,0.06931270377074118,2226.1667609126594,1048.2022342565042,2410.8428809021266,562.0365230570178,4252.0432692307695,1569.2947208446312
train_audio/houspa/iNat790155.ogg,iNat790155.ogg,houspa,House Sparrow,Passer domesticus,train,8.064,0.0004279853,0.00016109674,0.03964456992574258,0.022984199482809182,1019.8905212780327,262.2294808484672,1079.8389068035233,149.6549375139798,2460.891089108911,573.8128777274379
train_audio/houspa/iNat386642.ogg,iNat386642.ogg,houspa,House Sparrow,Passer domesticus,train,15.5109375,0.06961082,0.03336656,0.029767537854381444,0.013008368260392776,946.2881136215805,295.0373387976718,1402.1408892583734,288.1614727082308,1677.1746134020618,632.9884554241389
train_audio/houspa/XC133262.ogg,XC133262.ogg,houspa,House Sparrow,Passer domesticus,train,178.4163125,0.0061713546,0.0013828486,0.0574309733539948,0.010698960212848831,2284.2894112634726,225.213355117183,3427.7423392897585,184.92659403971,4775.116010581061,965.465003863769
train_audio/houspa/iNat1685367.ogg,iNat1685367.ogg,houspa,House Sparrow,Passer domesticus,train,9.63628125,0.0473991,0.03868284,0.02814459603026534,0.019877954913849673,1542.600758860631,692.6548237714185,2572.79340875638,580.5803489655904,3259.691127694859,1933.4321297711053
train_audio/houspa/iNat732709.ogg,iNat732709.ogg,houspa,House Sparrow,Passer domesticus,train,6.873125,0.0040953415,0.001557615,0.12074286882267442,0.06185566290246767,4026.374157180899,668.4385652372055,3612.1567969110206,538.8443625707168,8161.627906976744,1263.199086463004
train_audio/houspa/iNat1200090.ogg,iNat1200090.ogg,houspa,House Sparrow,Passer domesticus,train,10.6811875,0.0043520746,0.0008615934,0.03059140508046407,0.009479346485999095,1667.3340707874072,342.10908049499767,2782.4963713474585,371.0065736832217,3169.3488023952095,1226.3279057441669
train_audio/houspa/iNat431402.ogg,iNat431402.ogg,houspa,House Sparrow,Passer domesticus,train,7.8948125,0.014340044,0.012534651,0.04009737949139676,0.03099484041228683,1634.857642429531,542.1114044897269,2454.8926475960347,372.183766960571,3139.5495951417006,1290.6330834930661
train_audio/houspa/iNat1321375.ogg,iNat1321375.ogg,houspa,House Sparrow,Passer domesticus,train,4.2725,0.004167969,0.0031107417,0.09630436683768656,0.05657659815238284,3796.7355879683205,877.9330262420966,4335.488277952086,409.5558068978037,9561.742070895523,1609.1407464626586
train_audio/houspa/iNat1430160.ogg,iNat1430160.ogg,houspa,House Sparrow,Passer domesticus,train,4.408875,0.012155023,0.010370276,0.09400829370471014,0.12581725597366908,2199.1169118412763,1680.2983760963289,2528.401325019301,613.2485169905041,4038.666213768116,2773.18772835285
train_audio/houspa/iNat903559.ogg,iNat903559.ogg,houspa,House Sparrow,Passer domesticus,train,14.00165625,0.008431575,0.0024299426,0.2087101348458904,0.04523763931564481,3948.4315632330613,469.1179738300701,3174.678906121753,297.2585243331842,6740.154109589041,1112.4319482297785
train_audio/houspa/iNat501819.ogg,iNat501819.ogg,houspa,House Sparrow,Passer domesticus,train,52.9178125,0.006458472,0.004913471,0.08658121055962817,0.05687974223803167,2418.4735782707776,663.0557497176034,2507.731090082739,393.3021046572485,4713.842389661427,1112.6085646402005
train_audio/houspa/iNat552637.ogg,iNat552637.ogg,houspa,House Sparrow,Passer domesticus,train,14.58215625,0.042902995,0.03733573,0.04860379403097588,0.02027087263374964,1359.0892464266844,356.23878913354355,1642.8523099032213,259.335878460503,2639.1001918859647,721.806583740006
train_audio/houspa/iNat1721096.ogg,iNat1721096.ogg,houspa,House Sparrow,Passer domesticus,train,3.9445,0.017343987,0.006931172,0.04718338815789474,0.04737484005135394,2122.630726572399,1048.5737341652755,2914.7569345348033,562.8229937968454,5123.4817813765185,2246.4775031959366
train_audio/houspa/iNat1135883.ogg,iNat1135883.ogg,houspa,House Sparrow,Passer domesticus,train,25.86703125,0.069094,0.051483847,0.04476877753942486,0.0387223018500813,2738.577629905192,1108.986537847023,4002.5069967148975,648.0558947127279,7189.857761286333,3183.09617247102
train_audio/houspa/iNat469391.ogg,iNat469391.ogg,houspa,House Sparrow,Passer domesticus,train,24.36,0.004186947,0.0011180602,0.09966612206582404,0.05912086126891591,2925.5129987308164,586.4214895637251,3205.7840479615716,220.69650055181538,5974.5978332239,896.5881918144744
train_audio/houspa/iNat1018099.ogg,iNat1018099.ogg,houspa,House Sparrow,Passer domesticus,train,21.47846875,0.002738196,0.0010622143,0.04633472752233805,0.02345521672872256,1805.5449392758546,345.8748044716076,2769.6251505286887,282.3564382580371,3507.1435219657483,829.0738989767742
train_audio/houspa/iNat582949.ogg,iNat582949.ogg,houspa,House Sparrow,Passer domesticus,train,29.37325,0.002320569,0.0027717177,0.08501439312704248,0.042013406977588284,2573.3711967973622,483.72528925710725,3137.641496804392,340.9857874683692,5497.9575163398695,1166.7908177330444
train_audio/houspa/XC846054.ogg,XC846054.ogg,houspa,House Sparrow,Passer domesticus,train,20.29715625,0.03977807,0.02792379,0.2635549029747833,0.035130089297085755,4644.013690327152,510.1707905082427,2321.419808210817,397.4905462312081,6326.610520094563,1047.4926724739269
train_audio/houspa/iNat425592.ogg,iNat425592.ogg,houspa,House Sparrow,Passer domesticus,train,61.09171875,0.017409498,0.014618097,0.05456488630040587,0.052583453873358596,1924.2179250397164,899.4777068966982,2481.886943440191,441.5485081924439,3658.9789539146373,1579.402726800668
train_audio/houspa/iNat753039.ogg,iNat753039.ogg,houspa,House Sparrow,Passer domesticus,train,18.854625,0.023304949,0.013413216,0.04182487144826124,0.01330378222445164,1686.3934072606116,298.4792021358898,2445.6396609084704,275.26423549571007,3222.540288379983,705.5369323668848
train_audio/houspa/iNat955128.ogg,iNat955128.ogg,houspa,House Sparrow,Passer domesticus,train,10.28646875,0.0011165967,0.0005849737,0.1667552609836703,0.0547618842657769,5560.492685709061,707.0019593107884,4879.093808395439,279.26444541624767,11993.025855365475,801.3943776139652
train_audio/houspa/iNat672437.ogg,iNat672437.ogg,houspa,House Sparrow,Passer domesticus,train,12.2026875,0.01527152,0.0031978663,0.030047535427588465,0.00881777217993816,1626.1012981575627,442.1613158333768,2713.140817475966,476.09307432079703,3395.949377457405,1481.8577333688474
train_audio/houspa/iNat405806.ogg,iNat405806.ogg,houspa,House Sparrow,Passer domesticus,train,31.90421875,0.015245246,0.004740193,0.01606922579887218,0.017198840257313695,1043.1727360804573,392.4643491941792,2172.6115383332963,288.66316094604815,1735.9414160401002,1029.8273745345816
train_audio/houspa/iNat1318273.ogg,iNat1318273.ogg,houspa,House Sparrow,Passer domesticus,train,15.53415625,0.0030977214,0.0015571412,0.037639896852471676,0.03334609923882323,2552.2080035440194,761.9315632811954,3662.312038205629,471.4506350323798,6072.959577754892,1970.2895281988767
train_audio/houspa/iNat1586869.ogg,iNat1586869.ogg,houspa,House Sparrow,Passer domesticus,train,18.76175,0.0070914165,0.004428201,0.06832357603367434,0.030725279399774333,3418.0437892996774,721.3535012965373,5108.289332241429,426.08206419166316,11360.54720801364,2624.4342677218447
train_audio/houspa/iNat946482.ogg,iNat946482.ogg,houspa,House Sparrow,Passer domesticus,train,11.122375,0.034779802,0.024294706,0.05567949667744253,0.03420028343904373,2711.359142822714,743.0335100615822,3515.885053990431,334.8328943041633,6712.980423850575,1568.6733853555968
train_audio/houspa/iNat1660647.ogg,iNat1660647.ogg,houspa,House Sparrow,Passer domesticus,train,5.6959375,0.020462273,0.0038610825,0.028885402036516853,0.01163660155268415,1556.2262357443485,301.04370056740794,2283.4342795692414,246.29293312809577,3532.2155898876404,891.2733572190726
train_audio/houspa/iNat1006127.ogg,iNat1006127.ogg,houspa,House Sparrow,Passer domesticus,train,6.66415625,0.033624765,0.022253405,0.058703818195443645,0.029938249875639093,2528.9875917742315,586.8909026650025,3514.171051519443,344.6640515406023,6126.4988009592325,1709.87533364958
train_audio/houspa/iNat1067784.ogg,iNat1067784.ogg,houspa,House Sparrow,Passer domesticus,train,10.75184375,0.0050057047,0.0035086733,0.06486002604166667,0.03690129375862,2923.383341029227,907.2281614455574,3577.3364638753897,501.7116491514074,6909.319196428572,1873.8176835093018
train_audio/houspa/iNat1642031.ogg,iNat1642031.ogg,houspa,House Sparrow,Passer domesticus,train,7.80190625,0.016384972,0.0053723073,0.06777804015112705,0.03735052866515007,2378.951374563997,797.9687128923788,2625.989784348621,396.0196693883164,4811.41137295082,1289.248316049605
train_audio/houspa/iNat577705.ogg,iNat577705.ogg,houspa,House Sparrow,Passer domesticus,train,4.29165625,0.038068753,0.018959356,0.10042620236988847,0.0689759518354954,2540.143987407131,770.858425043038,3087.674069694024,317.24282698043623,4291.298791821561,1352.18836563645
train_audio/houspa/iNat1359551.ogg,iNat1359551.ogg,houspa,House Sparrow,Passer domesticus,train,15.844,0.0037046515,0.0020024406,0.037833174350403634,0.030338356461004024,2302.65895424404,472.9463936068099,3563.2039923441775,342.05228638131115,5193.475655903128,1417.773419549899
train_audio/houspa/iNat710236.ogg,iNat710236.ogg,houspa,House Sparrow,Passer domesticus,train,15.58059375,0.0020883793,0.0005928967,0.06794528843685832,0.04543501984098296,2494.193027401171,841.6055470669066,3082.474619060575,515.1011761793843,5467.129748459959,1587.3222864905515
train_audio/houspa/iNat75283.ogg,iNat75283.ogg,houspa,House Sparrow,Passer domesticus,train,27.46921875,0.0061078314,0.0065972162,0.14214046347189865,0.09181475106918183,3372.8376620689637,823.0672653896485,3199.193336734601,654.021525347597,6079.753931275481,662.5631422194868
train_audio/houspa/XC582298.ogg,XC582298.ogg,houspa,House Sparrow,Passer domesticus,train,100.414,0.0030365349,0.00568345,0.2269378136950287,0.04016922325193427,4819.3237512293235,652.2475657985777,3818.899581659373,857.2989282031652,9320.451920012747,2314.589418443724
train_audio/houspa/XC469947.ogg,XC469947.ogg,houspa,House Sparrow,Passer domesticus,train,60.186,0.013046628,0.025127515,0.1678451870680489,0.07302980521352202,3565.7376056540484,706.2163128289046,2903.4895701878354,554.4106720392555,5844.497607655502,841.2376740247015
train_audio/houspa/iNat251864.ogg,iNat251864.ogg,houspa,House Sparrow,Passer domesticus,train,13.40953125,0.019058358,0.0175643,0.0422214876340882,0.026988054985223914,1895.417724218831,711.2732496791624,2996.6650193763503,511.5334434460428,3743.1652264600716,1918.353886994718
train_audio/houspa/XC696748.ogg,XC696748.ogg,houspa,House Sparrow,Passer domesticus,train,87.552,0.057596892,0.017056221,0.19154034221976066,0.032089230986743766,3477.6281587758817,360.5116273179727,2562.4593583477836,169.48805100636613,5462.574799013339,559.2104761338992
train_audio/houspa/iNat1316764.ogg,iNat1316764.ogg,houspa,House Sparrow,Passer domesticus,train,0.072,0.5482418,0.10592326,0.13056640625,0.03201218945085606,3564.497286831789,418.82184402839164,2883.6772204313547,197.2011299602839,6065.625,562.3610939600997
train_audio/houspa/iNat502634.ogg,iNat502634.ogg,houspa,House Sparrow,Passer domesticus,train,10.47221875,0.041439652,0.011946794,0.05407323473282443,0.03673443019608718,2790.3087317295544,599.6363980604528,3715.5538486068954,249.60540168648305,6979.055343511451,955.3245639372542
train_audio/houspa/iNat1593817.ogg,iNat1593817.ogg,houspa,House Sparrow,Passer domesticus,train,37.96465625,0.006933538,0.0018944459,0.06975364122418878,0.054802801276043867,2271.791323507352,819.6912997378114,2738.2531527525284,352.2609055473813,4568.373367045933,1349.6029905277414
train_audio/houspa/iNat1660798.ogg,iNat1660798.ogg,houspa,House Sparrow,Passer domesticus,train,27.05125,0.014668116,0.0043836227,0.2557993143849793,0.03703828586791606,4565.006344981585,465.8399566177491,2766.9257371564518,247.70899047758516,6690.807953873447,718.5858900561576
train_audio/houspa/XC322518.ogg,XC322518.ogg,houspa,House Sparrow,Passer domesticus,train,78.072,0.03865911,0.06261009,0.2292692590932377,0.028810658246714048,5262.137389388207,496.3049597287566,4175.091262976543,627.5586263644716,10634.170081967213,1762.6566500907845
train_audio/houspa/iNat926899.ogg,iNat926899.ogg,houspa,House Sparrow,Passer domesticus,train,27.76,0.023729078,0.037317965,0.13617899670578917,0.1123237507830311,4079.3647630382625,1912.5566653443063,4152.922340363634,835.4492846842794,8832.679291474655,3892.8677835382177
train_audio/houspa/iNat590161.ogg,iNat590161.ogg,houspa,House Sparrow,Passer domesticus,train,55.5050625,0.091549695,0.048772696,0.03796168610410663,0.0912505677142799,1487.6947067534506,1277.6638709678582,2198.6379932064656,533.5363522984011,2680.9753242074926,2297.3980700544826
train_audio/houspa/iNat467043.ogg,iNat467043.ogg,houspa,House Sparrow,Passer domesticus,train,4.2666875,0.0048052305,0.0035728996,0.05777446161048689,0.0459921760928854,2632.7949385968536,836.4818264855095,3196.192665800953,364.6980049869128,5768.08286516854,1594.9083423609986
train_audio/houspa/iNat1666148.ogg,iNat1666148.ogg,houspa,House Sparrow,Passer domesticus,train,0.05225,0.3883786,0.046780583,0.15625,0.03113343433252108,4217.418226313505,190.815055538318,3367.6713684566153,62.81882385555963,8421.875,19.136638615493577
train_audio/houspa/iNat578533.ogg,iNat578533.ogg,houspa,House Sparrow,Passer domesticus,train,13.7360625,0.0044085006,0.0049447506,0.08675376527939464,0.058883792117986944,3316.1914770584576,1243.2699001807277,3822.317659662261,494.2973946354739,7822.049621653085,2027.9318663798815
train_audio/houspa/XC701363.ogg,XC701363.ogg,houspa,House Sparrow,Passer domesticus,train,10.56,0.019252844,0.017977653,0.1142253096633888,0.047251743441039475,3563.9020123272835,448.7796880113644,3859.12266992322,510.77395704141964,8120.2486762481085,1180.7247285140318
train_audio/houspa/iNat882158.ogg,iNat882158.ogg,houspa,House Sparrow,Passer domesticus,train,4.35996875,0.005520295,0.0012885439,0.03921631753663004,0.04541225160907946,1988.5725037795385,734.8912509132792,3259.1773801240424,372.55933208953974,3393.3150183150183,1667.2588238481028
train_audio/houspa/iNat1718002.ogg,iNat1718002.ogg,houspa,House Sparrow,Passer domesticus,train,16.4861875,0.0038663025,0.0010899516,0.06424616194835112,0.0427686991136216,2243.124555725104,591.5410162154434,2822.3645729139434,313.06658591794405,4623.151066925315,1118.512085172785
train_audio/houspa/iNat75330.ogg,iNat75330.ogg,houspa,House Sparrow,Passer domesticus,train,7.52,0.04536571,0.025100376,0.055191331608280256,0.05851931378880968,2931.179747696154,1579.0529843563022,4035.798846188167,850.3740246032356,7092.091295116773,3875.5262480599204
train_audio/houspa/iNat1058900.ogg,iNat1058900.ogg,houspa,House Sparrow,Passer domesticus,train,61.25421875,0.036907684,0.04534737,0.08290566748008618,0.08905720055221016,3436.000495666577,1538.8544838684074,3988.5630684455464,597.6639196604141,8027.275398276312,2879.749496182425
train_audio/houspa/XC620829.ogg,XC620829.ogg,houspa,House Sparrow,Passer domesticus,train,15.96,0.005389396,0.0031831868,0.04525750720190381,0.034346879624081825,1666.9942196053548,471.0280759609337,2008.389555714916,212.20635255847637,3604.177104208417,765.0390307913051
train_audio/houspa/iNat1073919.ogg,iNat1073919.ogg,houspa,House Sparrow,Passer domesticus,train,5.160625,0.016730802,0.0044157985,0.16566490905572756,0.0758993839126644,4000.5765303728112,836.0623989540824,3400.417123388578,285.32211516995665,7182.66253869969,1145.5881856971466
train_audio/houspa/iNat1583013.ogg,iNat1583013.ogg,houspa,House Sparrow,Passer domesticus,train,18.83428125,0.15126897,0.023385288,0.03216853247028863,0.026703047881376382,1398.4190191882358,298.50921313557495,2393.581712418345,256.17263600408745,2655.2154074702885,805.892506568813
train_audio/houspa/iNat485837.ogg,iNat485837.ogg,houspa,House Sparrow,Passer domesticus,train,8.127,0.010264975,0.0029698731,0.05322746216781496,0.0471347756946414,2074.519141443872,759.3173159799244,2851.0051463195305,449.5760878499437,4433.962844488189,1541.3225539679247
train_audio/houspa/iNat678425.ogg,iNat678425.ogg,houspa,House Sparrow,Passer domesticus,train,26.56,0.0065555046,0.004321562,0.10669694931517158,0.07207504202547292,2935.0574565642114,744.7182660880723,2913.3240990098734,412.0811987020056,5430.9151113786875,1045.7489257725717
train_audio/houspa/iNat649339.ogg,iNat649339.ogg,houspa,House Sparrow,Passer domesticus,train,4.48,0.014336133,0.012651671,0.07691559163701067,0.058669796211886054,1745.8218177001866,783.6027191326632,1784.0825655607332,318.2310299617736,3062.9448398576515,929.3105817336459
train_audio/houspa/XC756095.ogg,XC756095.ogg,houspa,House Sparrow,Passer domesticus,train,83.304,0.02373987,0.0064311535,0.2449433304926061,0.02078902155609765,3916.391613413372,305.55115503303756,2033.7916698075767,202.20855684441455,5554.592975801806,441.23084929805236
train_audio/houspa/iNat925162.ogg,iNat925162.ogg,houspa,House Sparrow,Passer domesticus,train,10.08,0.027185155,0.007536722,0.04945182498019018,0.02018189871278264,1808.0755509760352,449.1714504366241,2401.3014737514623,423.6523939756398,3853.5063391442154,1258.5395064684099
train_audio/houspa/iNat1680712.ogg,iNat1680712.ogg,houspa,House Sparrow,Passer domesticus,train,12.562,0.0047903717,0.0021654605,0.070848615418257,0.019310159147104714,2730.9842589048335,318.23210682244803,3670.933625805186,139.68604168652462,6950.481075063613,832.8712318047491
train_audio/houspa/iNat348673.ogg,iNat348673.ogg,houspa,House Sparrow,Passer domesticus,train,11.63321875,0.00750022,0.0025486823,0.03674115191449176,0.030709736858998225,2242.501683525866,835.5604198885015,3228.5248840362524,448.781237869964,5219.629979395604,1992.216343498614
train_audio/houspa/iNat517610.ogg,iNat517610.ogg,houspa,House Sparrow,Passer domesticus,train,11.34934375,0.0023779203,0.003216682,0.16084397007042253,0.07594838981238371,3340.998353812108,942.1173363573374,2563.0363608974067,426.6710297400571,6367.825704225352,1198.3397146609384
train_audio/houspa/iNat80479.ogg,iNat80479.ogg,houspa,House Sparrow,Passer domesticus,train,12.10921875,0.019217491,0.012876086,0.05521706262384412,0.033722098979946644,1628.342111818345,429.3126685290596,2084.020045823756,332.35724820832485,2822.758421400264,811.6438932923375
train_audio/houspa/iNat287960.ogg,iNat287960.ogg,houspa,House Sparrow,Passer domesticus,train,4.04165625,0.051126096,0.018489465,0.17653972640810275,0.05043615880788251,3737.4115431057107,430.7026673715191,3264.080908201699,309.9227473486552,6015.069169960474,506.4533440083264
train_audio/houspa/iNat34444.ogg,iNat34444.ogg,houspa,House Sparrow,Passer domesticus,train,9.2970625,0.10985898,0.028638657,0.014452957205756014,0.009519423723269254,1424.5625847768824,312.4206381937685,2934.5106558922253,286.6217538022373,2611.81808419244,1064.614624328367
train_audio/houspa/XC697261.ogg,XC697261.ogg,houspa,House Sparrow,Passer domesticus,train,17.58040625,0.008277513,0.015943429,0.16871205712579618,0.07516055447035641,3880.192049024962,758.0972381732013,3459.6563134553317,578.0371412665734,7551.225545950864,1074.737754762204
train_audio/houspa/iNat1055234.ogg,iNat1055234.ogg,houspa,House Sparrow,Passer domesticus,train,19.64409375,0.00968519,0.0067762714,0.2676675902127443,0.042750323934849295,5102.009969407978,449.58211765532235,3575.981926835192,372.72543112955015,9231.881107491856,1292.2464716310703
train_audio/houspa/iNat1282035.ogg,iNat1282035.ogg,houspa,House Sparrow,Passer domesticus,train,28.19590625,0.001892817,0.00036085697,0.07962252508153715,0.021368766905032217,3937.8708799799297,312.241370504908,4526.753993737873,169.72669564579672,9623.989648326717,364.2905694987354
train_audio/houspa/iNat1358970.ogg,iNat1358970.ogg,houspa,House Sparrow,Passer domesticus,train,0.144,0.3390023,0.09187921,0.13232421875,0.0419245685589314,1955.0104308005339,306.12979206948825,1756.6530672169697,424.61379697962394,3289.0625,170.05427672143387
train_audio/houspa/XC709860.ogg,XC709860.ogg,houspa,House Sparrow,Passer domesticus,train,35.787,0.0052597276,0.0059557715,0.22697853221390255,0.05856603527008687,4319.755306918519,645.1101240763634,2976.3968709028613,838.3564627321834,6906.641148860081,1976.1579295102752
train_audio/houspa/iNat1202458.ogg,iNat1202458.ogg,houspa,House Sparrow,Passer domesticus,train,20.80509375,0.019597545,0.0037881297,0.04343376188989239,0.057883300774640586,1652.8262799832448,821.0328892059734,2768.4214047749083,318.2790916180478,3029.9889508070714,1508.3699142352627
train_audio/houspa/iNat341883.ogg,iNat341883.ogg,houspa,House Sparrow,Passer domesticus,train,9.45053125,0.02355187,0.026429301,0.020135198551184435,0.012396150227650575,1377.8838539440524,575.1612141504958,2575.3000244346626,619.3768578169147,2646.2299069373944,1585.6710377993022
train_audio/houspa/XC807192.ogg,XC807192.ogg,houspa,House Sparrow,Passer domesticus,train,2498.037,0.0027789648,0.00274622,0.21296803544207318,0.06606742829291558,4197.720041997689,450.2103159681577,2857.8122476240414,817.0027594581186,6376.8447403732835,1540.3156868217811
train_audio/houspa/XC775840.ogg,XC775840.ogg,houspa,House Sparrow,Passer domesticus,train,48.0,0.0037252216,0.0055123647,0.0611889135913029,0.052400338418431475,2038.461943673643,696.9143049471706,2672.1059809791514,380.8250932418051,3934.240669776741,1115.9424354601201
train_audio/houspa/iNat243329.ogg,iNat243329.ogg,houspa,House Sparrow,Passer domesticus,train,8.90278125,0.04522875,0.014162468,0.09971194036131059,0.05249416956396752,3133.329298469833,790.7674443802952,3731.603073930598,397.9972165860279,6909.8126122082585,2303.1222141169433
train_audio/houspa/iNat366298.ogg,iNat366298.ogg,houspa,House Sparrow,Passer domesticus,train,13.86234375,0.0033336643,0.0005179926,0.037845457576412916,0.014233217731966579,1827.2333411776265,315.56103296266633,2938.3571897686616,204.28864009193228,3986.8620242214533,999.1461337139813
train_audio/houspa/iNat943590.ogg,iNat943590.ogg,houspa,House Sparrow,Passer domesticus,train,29.92,0.0021044442,0.0031608653,0.27956646053246925,0.0638702113971086,4945.338215943193,559.6092735782479,3131.062219524304,643.4313048484134,7515.165686798504,899.3221144318625
train_audio/houspa/XC418161.ogg,XC418161.ogg,houspa,House Sparrow,Passer domesticus,train,17.2930625,0.032254126,0.04232396,0.16104518385753933,0.05119067836102061,3039.418028280288,588.6005660273178,2225.4620875796904,398.8784870101747,4974.126965772433,716.902827088647
train_audio/houspa/iNat1317322.ogg,iNat1317322.ogg,houspa,House Sparrow,Passer domesticus,train,7.5000625,0.016402341,0.013230838,0.06062391724413646,0.044900200644691954,2437.5979180510803,1080.501461236273,3158.0900316651364,699.2827768539677,5166.811034115139,2551.0898901132855
train_audio/houspa/iNat1406027.ogg,iNat1406027.ogg,houspa,House Sparrow,Passer domesticus,train,32.74015625,0.008810132,0.034339737,0.1515248591689057,0.07416268529301336,4154.372950731945,962.7959837038943,3847.7790827826398,424.1946490447407,8810.477222765023,1752.5485165581435
train_audio/houspa/iNat957832.ogg,iNat957832.ogg,houspa,House Sparrow,Passer domesticus,train,8.91646875,0.031407624,0.017318316,0.0395061533938172,0.044761512198228014,2635.212437530393,906.4987459825829,3798.0049939574974,567.5043260966684,6266.2690412186375,2464.3391492758833
train_audio/houspa/iNat1399709.ogg,iNat1399709.ogg,houspa,House Sparrow,Passer domesticus,train,10.29659375,0.0030610296,0.0012658766,0.08762222195263975,0.053069185959244466,3700.404183039818,965.4587919577848,4324.704010036259,413.5216265660423,9131.720690993789,1645.9211248782624
train_audio/houspa/XC122553.ogg,XC122553.ogg,houspa,House Sparrow,Passer domesticus,train,49.92,0.007448093,0.015723402,0.10733707896107017,0.05010618245610609,3064.3133136037245,456.33355529040256,3325.9783304713947,737.6910264048681,6405.964634732458,1299.7041224746308
train_audio/houspa/iNat813622.ogg,iNat813622.ogg,houspa,House Sparrow,Passer domesticus,train,12.54,0.009047826,0.0022980948,0.2823193608498087,0.03489208093856315,4971.146757791276,449.1177430102763,3025.3436699816507,231.23863476961088,7451.5106823979595,575.1690732266828
train_audio/houspa/XC723747.ogg,XC723747.ogg,houspa,House Sparrow,Passer domesticus,train,37.903,0.002929502,0.0014050243,0.19349726447076826,0.11100161735356755,3572.3213826406277,1382.501150281469,2742.936704608195,619.2633183300284,5900.386502743774,2378.908184883888
train_audio/houspa/iNat909414.ogg,iNat909414.ogg,houspa,House Sparrow,Passer domesticus,train,7.453625,0.01912839,0.028777327,0.06714705438572961,0.055417640929632285,3292.9120865943237,1520.2178368871448,4368.061199806186,954.210009805934,8520.017435622318,4283.053155630571
train_audio/houspa/iNat679030.ogg,iNat679030.ogg,houspa,House Sparrow,Passer domesticus,train,14.31509375,0.005911937,0.0071980557,0.17519967702513967,0.04786348086929293,3798.2188632665666,537.421633413968,3443.8567680460437,456.8515220751652,6782.105446927374,1300.1449358405007
train_audio/houspa/iNat511951.ogg,iNat511951.ogg,houspa,House Sparrow,Passer domesticus,train,9.35765625,0.0061417003,0.002851766,0.06224375667735043,0.053939053279013265,2315.1045730074143,682.3314769518407,2744.2430364430347,227.71978752421577,4468.963675213675,815.1486175615837
train_audio/houspa/iNat678284.ogg,iNat678284.ogg,houspa,House Sparrow,Passer domesticus,train,10.51821875,0.006091953,0.0025518492,0.13496598356762918,0.04904129833142667,3151.3408838756013,567.3951190668059,3043.9416916743903,437.22148384825925,5777.450607902736,1314.384363374839
train_audio/houspa/iNat1229839.ogg,iNat1229839.ogg,houspa,House Sparrow,Passer domesticus,train,8.68428125,0.0058782306,0.002126734,0.04254791091160221,0.011990805553256122,2026.0858913541877,326.0930712175023,3297.691405870293,238.95642098482745,3934.9965469613257,1210.2510252663274
train_audio/houspa/iNat1301690.ogg,iNat1301690.ogg,houspa,House Sparrow,Passer domesticus,train,4.71365625,0.016565755,0.00927493,0.06969511387711864,0.11964614728519622,1767.5491348174944,1650.6912412751044,2253.320318916907,632.5310661023678,2957.8389830508477,2838.9636203246655
train_audio/houspa/iNat328516.ogg,iNat328516.ogg,houspa,House Sparrow,Passer domesticus,train,11.6564375,0.030344293,0.01160535,0.0910132137345679,0.05459998638886094,2288.539672880067,756.8115561938123,2473.813938853275,380.24384437915575,4571.287722908093,1607.3538249758299
train_audio/houspa/XC431685.ogg,XC431685.ogg,houspa,House Sparrow,Passer domesticus,train,57.4955,0.03756082,0.02273406,0.08254561639190318,0.06840956064736924,2270.078659163762,913.3672755363258,2607.621944632536,481.6250722050158,4092.2935795770727,1387.8197708678604
train_audio/houspa/iNat849843.ogg,iNat849843.ogg,houspa,House Sparrow,Passer domesticus,train,8.45175,0.00035698057,0.0003449293,0.2303256808246692,0.0988801696144406,5105.54198798739,1078.7949810911214,4491.049567151547,688.9065813715328,11175.714792060491,2225.6902976670535
train_audio/houspa/iNat50845.ogg,iNat50845.ogg,houspa,House Sparrow,Passer domesticus,train,14.592,0.015328992,0.017639963,0.07037400311473166,0.07478957968600533,2592.4396537039856,1308.8207625678438,3529.99652688092,739.1466390772247,5345.238910186199,3040.2711642584813
train_audio/houspa/iNat989541.ogg,iNat989541.ogg,houspa,House Sparrow,Passer domesticus,train,4.625,0.017459357,0.00528722,0.11178104795258621,0.05137520442523467,3478.980037570782,826.2189669823088,3758.886685095351,395.5501019192602,7708.135775862069,1261.7381166650703
train_audio/houspa/XC977863.ogg,XC977863.ogg,houspa,House Sparrow,Passer domesticus,train,21.04959375,0.016251616,0.031205125,0.2697249299487082,0.0308276420113999,4549.24820655451,376.79380014736677,2290.865776358391,684.2395175942836,6070.64494680851,857.5809805267404
train_audio/houspa/iNat412789.ogg,iNat412789.ogg,houspa,House Sparrow,Passer domesticus,train,10.4,0.009892712,0.0073892483,0.08948522705453149,0.08459281697850503,2455.288468132601,933.6107598030063,2443.239334978996,504.93013044628344,4491.743471582181,1194.702026502441
train_audio/houspa/XC956837.ogg,XC956837.ogg,houspa,House Sparrow,Passer domesticus,train,17.547,0.0073577045,0.005782451,0.2186810085745214,0.04420859308451747,4859.745124717469,457.74295190667436,3328.584183565746,539.8815939981824,8499.67240200547,1500.2549141030747
train_audio/houspa/iNat1503016.ogg,iNat1503016.ogg,houspa,House Sparrow,Passer domesticus,train,9.63628125,0.014702202,0.00385854,0.07309805140961857,0.04493788878488229,2418.0882483716045,832.9042280032187,2956.3983770623727,525.5022260746848,5008.654643449419,1750.888767582959
train_audio/houspa/iNat107092.ogg,iNat107092.ogg,houspa,House Sparrow,Passer domesticus,train,13.056,0.01364873,0.006218728,0.26266064871481026,0.047687242977063705,4723.409914415444,614.4353919484395,4310.2032915766495,327.99464215080917,9378.098225214198,662.4639048375228
train_audio/houspa/XC527399.ogg,XC527399.ogg,houspa,House Sparrow,Passer domesticus,train,57.469375,0.05230967,0.024690289,0.23325733618109687,0.021084358214905907,3954.8497546262543,368.0005244474902,1820.5322586098594,304.6601525112885,4908.598969933185,616.7235235025904
train_audio/houspa/iNat1532478.ogg,iNat1532478.ogg,houspa,House Sparrow,Passer domesticus,train,8.4205625,0.023721544,0.0067141266,0.032112599324003795,0.014299809586979358,1750.5168639027338,508.2469857309397,2552.833996459632,389.46027321823146,3722.6340132827327,1375.457871510144
train_audio/houspa/XC449167.ogg,XC449167.ogg,houspa,House Sparrow,Passer domesticus,train,42.8930625,0.012659063,0.016627543,0.2615027479252145,0.031023959329216453,4436.906428864819,451.66961918951284,2049.3596795002095,363.0479884166979,6149.51860313316,899.3417186281781
train_audio/houspa/XC901050.ogg,XC901050.ogg,houspa,House Sparrow,Passer domesticus,train,59.5591875,0.025455846,0.029018981,0.19275554828095623,0.04654579059764307,3840.4849917474544,489.6346696750035,2409.590991472479,893.8848562889398,5826.123086220789,1314.6093349416947
train_audio/houspa/iNat901985.ogg,iNat901985.ogg,houspa,House Sparrow,Passer domesticus,train,15.0,0.005690596,0.0015113138,0.02199608125666311,0.009097248410377502,931.9789632861689,164.68206631161414,1670.4448118335076,153.559615272056,1593.600079957356,489.84996903763465
train_audio/houspa/iNat675508.ogg,iNat675508.ogg,houspa,House Sparrow,Passer domesticus,train,73.88590625,0.025512826,0.03597734,0.07279990069429407,0.07428616052287615,2152.1976373275356,1122.7319342716733,2560.693363491216,582.9747376812423,4156.371805976613,1946.3000846336413
train_audio/houspa/XC951117.ogg,XC951117.ogg,houspa,House Sparrow,Passer domesticus,train,6.12728125,0.010654768,0.012003536,0.10424995920365535,0.043718091064062534,2647.6588566433024,480.969953390661,2652.620525238895,321.21122996597944,5010.933420365535,693.1808182862522
train_audio/houspa/iNat970291.ogg,iNat970291.ogg,houspa,House Sparrow,Passer domesticus,train,8.4753125,0.0094711445,0.0018001262,0.04642817659198113,0.03172482181304661,1792.6443175504307,602.5001425586235,2556.223030561539,446.180754223216,3714.239386792453,1353.6301074888706
train_audio/houspa/iNat455225.ogg,iNat455225.ogg,houspa,House Sparrow,Passer domesticus,train,13.4375,0.033294704,0.013319816,0.16251336960565477,0.0655718226166151,4562.163605988738,489.33422313825713,3988.11522703534,330.2519463269741,9247.02380952381,751.0040874150146
train_audio/houspa/XC583066.ogg,XC583066.ogg,houspa,House Sparrow,Passer domesticus,train,21.76,0.038222004,0.0023162619,0.01190710242927994,0.012493043623661227,2265.8550627399263,283.8321536775357,3901.4266666389103,172.8522448208808,6680.198383541514,909.5161438279608
train_audio/houspa/XC544305.ogg,XC544305.ogg,houspa,House Sparrow,Passer domesticus,train,39.1053125,0.009001914,0.020205889,0.17709012333844582,0.080111379821029,3480.0242904517067,948.7829922062821,2503.148042736837,578.0582832234289,5554.7162576687115,734.4409589525353
train_audio/houspa/iNat1109081.ogg,iNat1109081.ogg,houspa,House Sparrow,Passer domesticus,train,10.396,0.005019502,0.0021646048,0.08368614783653847,0.04213333576039071,3806.028704230275,545.1554602582202,4321.0364558040865,290.5507172263479,9242.5,1034.1041215151477
train_audio/houspa/iNat628297.ogg,iNat628297.ogg,houspa,House Sparrow,Passer domesticus,train,9.3344375,0.025906093,0.008605905,0.05095181399828767,0.03534918866249839,1681.2475699956185,575.2789167274796,2379.13794390458,534.3476544266938,3467.064426369863,1332.7280671101496
train_audio/houspa/iNat1376988.ogg,iNat1376988.ogg,houspa,House Sparrow,Passer domesticus,train,6.4609375,0.01500404,0.008009574,0.0907405437809406,0.09982207545794775,2127.7020291781364,1342.0161274686234,2420.75959163664,520.5295518376747,3738.8227103960394,2308.6789547992457
train_audio/houspa/iNat422148.ogg,iNat422148.ogg,houspa,House Sparrow,Passer domesticus,train,8.19665625,0.028313128,0.03633513,0.06236674585769981,0.042473634786599865,2536.154371013926,878.7803019187136,3129.7040942986223,535.7276730626318,5534.295808966862,1909.98799986649
train_audio/houspa/iNat1417357.ogg,iNat1417357.ogg,houspa,House Sparrow,Passer domesticus,train,0.048,0.44117677,0.047096208,0.28076171875,0.060236968344586195,6452.183913214891,254.36983898492255,4010.2817581408162,40.13350900704738,10679.6875,39.0625
train_audio/houspa/XC819764.ogg,XC819764.ogg,houspa,House Sparrow,Passer domesticus,train,76.54490625,0.02464134,0.034137946,0.23867350770637408,0.03811228060175759,4440.876138334757,495.9657529486665,2475.627614394632,352.69921571825336,6331.752873563219,950.1866323293633
train_audio/houspa/iNat1099914.ogg,iNat1099914.ogg,houspa,House Sparrow,Passer domesticus,train,5.96753125,0.01470628,0.003902087,0.08505257205093834,0.05712191218830766,2281.106777782566,474.48834144521084,2658.644371163975,197.990135551979,4500.335120643432,484.58361390344743
train_audio/houspa/iNat712654.ogg,iNat712654.ogg,houspa,House Sparrow,Passer domesticus,train,3.2391875,0.011682287,0.011659417,0.14592633928571427,0.1071733296724722,3648.649038421465,1660.949833367339,3421.4968055971317,708.5566235770422,6856.29618226601,2652.1792459629
train_audio/houspa/iNat19684.ogg,iNat19684.ogg,houspa,House Sparrow,Passer domesticus,train,12.38203125,0.004622231,0.0034697435,0.04079924196543928,0.033335687673893666,1971.1868488162418,569.2269663501062,2976.494698008816,328.5947345453958,3872.981266149871,1312.5960161340113
train_audio/houspa/XC641189.ogg,XC641189.ogg,houspa,House Sparrow,Passer domesticus,train,74.7363125,0.0054861633,0.0036918295,0.2505702188570205,0.04276054912479063,4622.986951307342,567.8582209614503,2700.1855890747215,656.1466950121214,6544.025577910959,1733.9623949447557
train_audio/houspa/XC801548.ogg,XC801548.ogg,houspa,House Sparrow,Passer domesticus,train,27.384,0.0045675556,0.0077042985,0.2697186336339077,0.034063917557075794,5127.1132200425645,354.7931339748528,3481.5497092705336,736.5066862769681,8752.610251168224,1624.2308110511747
train_audio/houspa/XC345826.ogg,XC345826.ogg,houspa,House Sparrow,Passer domesticus,train,36.91103125,0.008642149,0.0046803355,0.0488988167804508,0.027471030140424135,2895.9220118715257,566.383425294001,4144.7835059934005,424.0081792806322,7454.025791070654,2089.503133080338
train_audio/houspa/iNat409684.ogg,iNat409684.ogg,houspa,House Sparrow,Passer domesticus,train,0.144,0.59072405,0.13449746,0.3365234375,0.07696737554440426,6412.723004020088,385.2241838704229,3344.0240439655036,226.55909559863588,9120.3125,864.7008266049304
train_audio/houspa/XC679872.ogg,XC679872.ogg,houspa,House Sparrow,Passer domesticus,train,12.12,0.009740753,0.0062140576,0.2023655229633905,0.04856576185000984,4615.799817716462,446.62736526191964,3807.199205484261,752.4195841498703,9201.661444591029,2128.112349596485
train_audio/houspa/iNat1421926.ogg,iNat1421926.ogg,houspa,House Sparrow,Passer domesticus,train,18.38875,0.08173243,0.020988343,0.04369055706521739,0.041097638339009736,1794.3992384400858,632.4768987155549,2603.5228747147985,222.92914742073788,3445.9646739130435,1009.8108554405892
train_audio/houspa/iNat660889.ogg,iNat660889.ogg,houspa,House Sparrow,Passer domesticus,train,16.60228125,0.09723277,0.055517342,0.00943963376083815,0.0065424255205254024,751.0425495895297,385.93129655038416,1675.1612368562232,550.0614633864559,1232.4632707129094,974.9291448349089
train_audio/houspa/iNat1391244.ogg,iNat1391244.ogg,houspa,House Sparrow,Passer domesticus,train,7.944125,0.011061073,0.011500907,0.11376854879275654,0.11896506461877235,2749.5255222618516,1424.9044193854877,2831.0355242815945,593.5736797445587,4687.877263581489,2070.996854577203
train_audio/houspa/XC643517.ogg,XC643517.ogg,houspa,House Sparrow,Passer domesticus,train,110.616,0.022926148,0.02894708,0.24671600138758318,0.04639998062210228,4628.8267674113185,567.3323844172875,2752.154945711708,906.511596977224,7124.231631472375,1936.166243658216
train_audio/houspa/iNat199904.ogg,iNat199904.ogg,houspa,House Sparrow,Passer domesticus,train,4.7916875,0.05474083,0.010321992,0.10696451822916667,0.0299080907967534,4228.490864006122,235.7516746403889,4355.959715615617,238.48301165751386,9748.125,520.2066646615874
train_audio/houspa/iNat444773.ogg,iNat444773.ogg,houspa,House Sparrow,Passer domesticus,train,9.77084375,0.05343648,0.009936817,0.08569775470540099,0.04630367445864505,2374.9797491271484,659.954784809445,2728.308303842542,394.9902898965044,4234.937602291326,1120.8408481140773
train_audio/houspa/iNat907615.ogg,iNat907615.ogg,houspa,House Sparrow,Passer domesticus,train,6.0,0.0026752301,0.0016362943,0.0376937541555851,0.008429020052908139,1269.853223896641,187.79309775818362,2151.456045406017,259.22229450191537,1828.415890957447,565.8347089338424
train_audio/houspa/iNat1265070.ogg,iNat1265070.ogg,houspa,House Sparrow,Passer domesticus,train,9.0558125,0.0114498325,0.0035943214,0.03883302506625442,0.024563154089332857,2111.18376007238,831.3774817719045,3181.6322479616406,677.6464402261898,4660.832597173145,2562.507348783251
train_audio/houspa/iNat1420975.ogg,iNat1420975.ogg,houspa,House Sparrow,Passer domesticus,train,4.156375,0.03971198,0.038599234,0.039483173076923075,0.021800772844753645,2283.5978055094456,555.76637759187,3440.868306176055,366.6201224357331,5273.677884615385,1524.239784574954
train_audio/houspa/iNat360930.ogg,iNat360930.ogg,houspa,House Sparrow,Passer domesticus,train,35.866125,0.0017020799,0.0024685257,0.1187869368867083,0.06594726980073573,3263.0938279835786,1060.7091394651227,3387.5972320370342,755.8326577297242,6397.176070472792,2435.8907817819927
train_audio/houspa/iNat491416.ogg,iNat491416.ogg,houspa,House Sparrow,Passer domesticus,train,18.15803125,0.0030209178,0.0014197183,0.10015487334801762,0.0559132444816463,2808.5143750458024,658.8310952943668,2995.8355457573434,425.20768703930594,5356.745594713657,1346.713485893091
train_audio/houspa/iNat346027.ogg,iNat346027.ogg,houspa,House Sparrow,Passer domesticus,train,19.6673125,0.005170971,0.0034348061,0.1144678131351626,0.07215348260071407,3191.952419805351,940.9074544509646,3452.7966515855674,422.76350262801486,6456.40243902439,1679.9120302123506
train_audio/houspa/iNat1304457.ogg,iNat1304457.ogg,houspa,House Sparrow,Passer domesticus,train,0.096,0.3753089,0.073534116,0.24114118303571427,0.06478804255868345,4548.502106195601,145.27393265052012,2599.0917347493146,205.57592921067385,5500.0,65.23053212590384
train_audio/houspa/iNat768970.ogg,iNat768970.ogg,houspa,House Sparrow,Passer domesticus,train,9.380875,0.009028572,0.0016324805,0.28742713213373083,0.05750258271029713,5287.106211993198,519.7218035400205,4269.3327139395005,333.3108669343241,10300.521720613287,463.5801585620029
train_audio/houspa/iNat1674743.ogg,iNat1674743.ogg,houspa,House Sparrow,Passer domesticus,train,44.04,0.061242756,0.022851348,0.18164736480657465,0.03252209412301779,3098.0718859698823,341.4170506973331,2314.755183823776,300.6976818642952,4497.831910642935,714.2542299954804
train_audio/houspa/iNat1669952.ogg,iNat1669952.ogg,houspa,House Sparrow,Passer domesticus,train,79.08571875,0.002907748,0.0006851162,0.06135165496029739,0.02961859869346404,2396.568276140497,468.0610118031369,3141.5822594224333,269.2285694666374,5015.185616022658,1029.1996366303115
train_audio/houspa/iNat415192.ogg,iNat415192.ogg,houspa,House Sparrow,Passer domesticus,train,8.28,0.0018398156,0.0011152402,0.12791554808156372,0.07372528900142684,2629.090844862108,869.404568067072,2236.4719171743172,383.9721875111993,4722.972972972973,1147.0948567025314
train_audio/houspa/iNat876675.ogg,iNat876675.ogg,houspa,House Sparrow,Passer domesticus,train,17.88,0.006936754,0.0018988616,0.07809311759279965,0.06230068367897947,3183.933384856275,819.0324820254832,3399.4362335517862,501.7105871010887,6134.182133273703,1318.718572978418
train_audio/houspa/iNat702913.ogg,iNat702913.ogg,houspa,House Sparrow,Passer domesticus,train,9.26478125,0.02138731,0.02244883,0.0836846713362069,0.07267538260678223,2486.113294070556,1142.42119311357,2776.6372843895874,558.0266231529156,4740.894396551724,1711.2942013701706
train_audio/houspa/XC172822.ogg,XC172822.ogg,houspa,House Sparrow,Passer domesticus,train,12.0163125,0.00648018,0.009748644,0.1321430612117686,0.06411250658501294,3006.7884364382567,672.505137833841,2928.5058870663443,587.0817778629507,5169.215425531915,1019.6588093702462
train_audio/houspa/XC1070372.ogg,XC1070372.ogg,houspa,House Sparrow,Passer domesticus,train,67.03021875,0.106677264,0.11035138,0.014570359113961814,0.01621135741328058,1534.554808155309,591.2627712036268,2996.9280728224044,500.57550069832314,3003.535202863962,1752.5254454555834
train_audio/houspa/iNat754256.ogg,iNat754256.ogg,houspa,House Sparrow,Passer domesticus,train,19.87628125,0.0015189468,0.010874726,0.17139182547264684,0.04648553064992341,5838.900491077434,801.9537890939954,5397.34361890712,325.9646974569482,13012.595534995977,1070.4080604155922
train_audio/houspa/iNat1550627.ogg,iNat1550627.ogg,houspa,House Sparrow,Passer domesticus,train,10.248,0.009981986,0.011829968,0.2799946372854914,0.06760099578822916,5332.047821674703,990.3683872939888,3547.049369333551,684.5296607739512,9197.079758190328,2565.1334853056687
train_audio/houspa/iNat207260.ogg,iNat207260.ogg,houspa,House Sparrow,Passer domesticus,train,12.3298125,0.122171484,0.07846434,0.01286187277075227,0.01215071781241209,856.7798871484645,499.16105750398697,1851.0234899309078,598.3624228794312,1531.0878728923476,1349.858525073823
train_audio/houspa/XC367473.ogg,XC367473.ogg,houspa,House Sparrow,Passer domesticus,train,33.48896875,0.008836385,0.0075856755,0.10062324647803247,0.07968478751925885,2870.4634828215953,1130.6836520755585,2901.819673058258,467.1145814897841,5319.5812440305635,1701.440844865434
train_audio/houspa/iNat1542595.ogg,iNat1542595.ogg,houspa,House Sparrow,Passer domesticus,train,12.00471875,0.011500412,0.015556908,0.12056970913781624,0.05491467341929087,3975.915420893512,704.5716661723269,4053.2561837406743,278.7482807082023,9000.187250332889,932.2336848552642
train_audio/houspa/iNat578700.ogg,iNat578700.ogg,houspa,House Sparrow,Passer domesticus,train,10.24,0.012180907,0.002273441,0.02110959438377535,0.008583577333332745,1083.629464363782,325.44281470264593,1906.7493866416103,324.5955432360866,1991.1027691107645,973.264205958172
train_audio/houspa/iNat200228.ogg,iNat200228.ogg,houspa,House Sparrow,Passer domesticus,train,16.695125,0.019980937,0.010707289,0.0242466250598659,0.00949917927822927,1300.601869116268,325.909290041843,2079.9864176731962,349.4772933458314,2602.550287356322,915.9677584839181
train_audio/houspa/XC915596.ogg,XC915596.ogg,houspa,House Sparrow,Passer domesticus,train,68.53215625,0.013924602,0.031534854,0.3578572705123716,0.06409871283268778,6485.996086830308,857.3730573594396,4382.784105269202,886.5081621184875,11955.984477124182,2549.361580947851
train_audio/houspa/iNat1150859.ogg,iNat1150859.ogg,houspa,House Sparrow,Passer domesticus,train,11.8398125,0.0023507318,0.0005993128,0.06201963682432433,0.03214316387030828,2223.889909938737,448.0452225625397,2981.685150785285,257.19824712727535,5123.0363175675675,846.2638727271951
train_audio/houspa/iNat590033.ogg,iNat590033.ogg,houspa,House Sparrow,Passer domesticus,train,11.517125,0.017527543,0.0042159674,0.08410441080729167,0.05470938316633454,2235.379326183213,806.2399858596933,2485.5068479469064,483.60808334973956,4201.909722222223,1603.7899107387548
train_audio/houspa/iNat1123600.ogg,iNat1123600.ogg,houspa,House Sparrow,Passer domesticus,train,6.66484375,0.0146049615,0.00867367,0.19147533535671463,0.049345599489314274,4101.512488057617,522.3874257856498,3888.8939593914556,363.3612104301116,7221.6351918465225,1507.53300824701
train_audio/houspa/XC282806.ogg,XC282806.ogg,houspa,House Sparrow,Passer domesticus,train,150.4391875,0.010202763,0.0075493255,0.1516665538092896,0.05530793556100591,3187.077270141028,535.1203827936378,2146.10440813836,229.3123959347207,5477.821240561523,504.60141991172924
train_audio/houspa/XC695471.ogg,XC695471.ogg,houspa,House Sparrow,Passer domesticus,train,14.88,0.046652462,0.035197012,0.2492211625604189,0.03831899781109228,4243.067760853613,436.4718323362434,1672.526218207199,645.4184972286452,5583.42843716434,894.5253950909811
train_audio/houspa/iNat990606.ogg,iNat990606.ogg,houspa,House Sparrow,Passer domesticus,train,5.4335,0.011820085,0.00849767,0.06894962086397059,0.038230748871956474,2685.5574611713964,610.0618113691771,3478.5503742679643,374.5335521695478,5581.479779411765,1249.4413177250678
train_audio/houspa/iNat981017.ogg,iNat981017.ogg,houspa,House Sparrow,Passer domesticus,train,8.42884375,0.012786294,0.0072689736,0.1991474071987666,0.1057824281078503,4955.986222077652,1523.6176804989598,4243.390331078701,428.66858347006485,9993.328984819735,1593.0860938743958
train_audio/houspa/iNat1023463.ogg,iNat1023463.ogg,houspa,House Sparrow,Passer domesticus,train,10.959375,0.00381114,0.0060815155,0.021800153968978102,0.024793558462499612,1400.9715707851503,545.139503341166,3002.124392872866,568.6691946526252,2319.776459854015,1972.298899508729
train_audio/houspa/iNat209657.ogg,iNat209657.ogg,houspa,House Sparrow,Passer domesticus,train,30.43084375,0.03313387,0.011214897,0.020898283468059938,0.019695847723483723,1640.4258099920469,519.9694224359179,3224.928023412317,358.9813069452608,3176.8122371188224,1724.3692754777085
train_audio/houspa/XC422728.ogg,XC422728.ogg,houspa,House Sparrow,Passer domesticus,train,13.84490625,0.0047633853,0.0026086997,0.25042231253608543,0.042465914101583416,4180.961857223162,406.19950118062263,2606.6007425393736,316.4891872264007,6771.272372979215,702.5798726873463
train_audio/houspa/iNat1512573.ogg,iNat1512573.ogg,houspa,House Sparrow,Passer domesticus,train,0.072,0.57459927,0.10065885,0.21943359375,0.06974775916434352,5410.340681056787,634.2038904809833,3695.031603307739,66.62341452992233,8362.5,677.3685296793763
train_audio/houspa/XC306629.ogg,XC306629.ogg,houspa,House Sparrow,Passer domesticus,train,12.912,0.011877964,0.026550941,0.18287643583694307,0.049053306598990924,3655.994687254174,634.3719764854851,2791.344758813974,512.9089350234414,6304.41676980198,1158.8920569305278
train_audio/houspa/iNat1303881.ogg,iNat1303881.ogg,houspa,House Sparrow,Passer domesticus,train,10.7885625,0.0062354193,0.0030961637,0.12690321180555555,0.08358509170025363,3643.80926789717,892.6211194002068,3384.891494087158,388.2857918638618,6873.032407407408,1111.0529980944923
train_audio/houspa/iNat429337.ogg,iNat429337.ogg,houspa,House Sparrow,Passer domesticus,train,122.8586875,0.011601607,0.0036498772,0.055637610488019275,0.049429502357052686,2466.782515175965,1198.5065570990123,3078.4034304226784,642.5310568085472,5244.644484958979,2392.7902176470525
train_audio/houspa/iNat581211.ogg,iNat581211.ogg,houspa,House Sparrow,Passer domesticus,train,9.5608125,0.0036754005,0.0028251763,0.06480423024665552,0.06790100718364123,2214.33304200605,1061.4520527400093,3007.6593650746017,546.3065240055928,4445.861204013378,2400.172712606886
train_audio/houspa/iNat414893.ogg,iNat414893.ogg,houspa,House Sparrow,Passer domesticus,train,2.76325,0.0033868062,0.00045734496,0.06369388999277456,0.013118187696705108,2171.6062672660596,154.92783911615996,2590.722913967061,121.8596298826144,4773.843930635838,432.40793925571126
train_audio/houspa/XC570011.ogg,XC570011.ogg,houspa,House Sparrow,Passer domesticus,train,11.96409375,0.0067154444,0.0060680364,0.21674595797125668,0.029595620129144136,4029.780431193956,264.9462872334566,2772.487887830633,630.3102639763274,6222.677139037433,1142.5352836252569
train_audio/houspa/iNat997873.ogg,iNat997873.ogg,houspa,House Sparrow,Passer domesticus,train,9.5201875,0.014520268,0.004784742,0.03009893430159396,0.017788856351729866,2272.308811922849,601.0872078666434,3966.3067776232056,416.6582388098993,5455.877726510067,2536.0993213375273
train_audio/houspa/iNat1729310.ogg,iNat1729310.ogg,houspa,House Sparrow,Passer domesticus,train,10.33290625,0.046657823,0.0100286,0.11472946497678019,0.042206213239719334,3172.627328722579,416.1656399439164,3129.4689734623676,276.1904375689922,6363.511029411765,859.5552282722385
train_audio/houspa/iNat1415480.ogg,iNat1415480.ogg,houspa,House Sparrow,Passer domesticus,train,5.2709375,0.052407224,0.027862808,0.029545454545454545,0.02626091151949189,1535.7411405730606,657.8119272658093,2398.0293660841758,674.3653931840707,3286.6477272727275,1647.475016610171
train_audio/houspa/iNat723876.ogg,iNat723876.ogg,houspa,House Sparrow,Passer domesticus,train,20.57290625,0.029950865,0.021546427,0.023792889774494556,0.01936567131884252,1193.0354387931081,551.5414716335744,2034.0440898278346,413.76797095847496,2388.620237169518,1409.743925444175
train_audio/houspa/iNat951925.ogg,iNat951925.ogg,houspa,House Sparrow,Passer domesticus,train,15.04653125,0.02537674,0.010607286,0.048606556356269925,0.03183110073067141,2224.291478748601,641.1878871116263,2923.0136164818905,339.2370539821108,4626.859723698193,1264.9152759779058
train_audio/houspa/iNat894330.ogg,iNat894330.ogg,houspa,House Sparrow,Passer domesticus,train,24.47384375,0.0056877676,0.00813976,0.26537894454656863,0.07266143717735518,6314.708379669388,704.2137341712397,4492.345312128285,581.2959393343906,11346.864787581699,1230.7631938625332
train_audio/houspa/iNat872358.ogg,iNat872358.ogg,houspa,House Sparrow,Passer domesticus,train,7.70903125,0.05685819,0.061058044,0.05851675959543568,0.0563733400388022,1773.957472873127,994.4830121280811,2392.0801603181585,633.7844332809716,3443.108143153527,2032.5164753214522
train_audio/houspa/iNat943556.ogg,iNat943556.ogg,houspa,House Sparrow,Passer domesticus,train,92.64875,0.011188387,0.016531939,0.18113134875237438,0.0881914087484508,4323.076036988824,1265.3197234138354,3454.1555368218824,862.3365163099265,8133.01621049905,2567.5153889396984
train_audio/houspa/iNat137119.ogg,iNat137119.ogg,houspa,House Sparrow,Passer domesticus,train,11.328,0.009836891,0.0102532115,0.07083659313293371,0.04925576828983816,2134.601402006504,814.7646189490106,2742.072992287069,758.6153941451715,4071.447461212976,1761.0019215091127
train_audio/houspa/iNat637351.ogg,iNat637351.ogg,houspa,House Sparrow,Passer domesticus,train,30.08,0.017983168,0.03391136,0.06580245298378522,0.06591608886254383,2353.8205922659563,1322.545529549391,2889.1357155755054,969.069094367916,4536.607854864434,2815.407056598247
train_audio/houspa/iNat487118.ogg,iNat487118.ogg,houspa,House Sparrow,Passer domesticus,train,14.72146875,0.004770773,0.0042452794,0.02560110019679696,0.02460783133152428,1709.7706524070854,440.61265238496105,2648.115880066881,331.5630072310267,3846.617128121607,1056.9814397704415
train_audio/houspa/iNat1314723.ogg,iNat1314723.ogg,houspa,House Sparrow,Passer domesticus,train,15.92825,0.007678105,0.0054678586,0.06608906328438754,0.060048040079658145,2041.3757300400534,877.2183704318132,2781.29136943891,391.10531067367344,3778.316390562249,1653.4257126605955
train_audio/houspa/iNat1307600.ogg,iNat1307600.ogg,houspa,House Sparrow,Passer domesticus,train,11.2761875,0.001591534,0.0009917106,0.1656180740248227,0.07351331470328172,4064.919300646318,713.8893745930044,3730.9022030267456,534.7359094277991,8079.410460992908,1559.5179020940216
train_audio/houspa/iNat613464.ogg,iNat613464.ogg,houspa,House Sparrow,Passer domesticus,train,16.8809375,0.07394519,0.05163831,0.014739527846827652,0.01894612052319957,970.1502491529055,701.6769758569454,1936.0500522261104,685.8545295623644,1819.5874763257575,1912.639325670629
train_audio/houspa/XC436308.ogg,XC436308.ogg,houspa,House Sparrow,Passer domesticus,train,42.8146875,0.0097639235,0.00578167,0.058110942755044845,0.04830707677307655,3383.577898289709,563.4481894520992,4063.779285915207,555.1589340497565,8164.453708893871,1549.8477999570155
train_audio/houspa/iNat505446.ogg,iNat505446.ogg,houspa,House Sparrow,Passer domesticus,train,29.3268125,0.009909802,0.012556644,0.14791938378000546,0.07108991722545033,3343.8799408556215,910.7959443660374,2884.169462619277,577.0503078159985,5778.172735951991,1659.51679966175
train_audio/houspa/iNat1244468.ogg,iNat1244468.ogg,houspa,House Sparrow,Passer domesticus,train,8.8531875,0.0017428413,0.00041432667,0.02470579732626354,0.025515314937789926,1621.5671660227852,747.2137179319544,3299.628935507377,605.7145033235211,3084.6965252707582,3072.3573250273566
train_audio/houspa/XC562066.ogg,XC562066.ogg,houspa,House Sparrow,Passer domesticus,train,21.216,0.015726276,0.00823527,0.06572074286454409,0.04870536222318575,2183.9321887781034,774.2231370258679,2666.34221162418,452.9707775177211,4551.643745290128,1595.648136715995
train_audio/houspa/iNat962378.ogg,iNat962378.ogg,houspa,House Sparrow,Passer domesticus,train,16.27721875,0.037809245,0.027410168,0.01667926541011788,0.014529870167902022,1116.4053041104332,667.2005728099388,2107.653349041316,741.7196726077806,2196.4483055009823,1909.9968863076745
train_audio/houspa/iNat1544454.ogg,iNat1544454.ogg,houspa,House Sparrow,Passer domesticus,train,9.87428125,0.04637965,0.03592167,0.025144114077669904,0.028353126775990636,1642.0061098510398,959.610224670764,2814.3605669197173,707.5916456602836,3785.447006472492,3036.1050039378456
train_audio/houspa/iNat1120741.ogg,iNat1120741.ogg,houspa,House Sparrow,Passer domesticus,train,67.8844375,0.020464748,0.0358379,0.34199181924640587,0.04660457951446433,5927.246667889432,655.1672124982048,3374.4231201152297,406.74317443923627,9872.252828187604,764.7226918719982
train_audio/houspa/iNat1542958.ogg,iNat1542958.ogg,houspa,House Sparrow,Passer domesticus,train,20.48,0.0035371073,0.001923196,0.07969352251658861,0.044025421636839576,3283.4595154906297,686.6334949835042,3575.0614068428736,316.65151055827465,7358.350409836065,770.8525143015133
train_audio/houspa/iNat1722740.ogg,iNat1722740.ogg,houspa,House Sparrow,Passer domesticus,train,17.9591875,0.0037912189,0.0045068273,0.06811284297083704,0.025783071499922004,2970.9063661054965,583.2831269805741,4036.777621164748,353.68089047390174,7632.749888691006,1853.5640396802535
train_audio/houspa/iNat915256.ogg,iNat915256.ogg,houspa,House Sparrow,Passer domesticus,train,15.28609375,0.0024124137,0.00084842776,0.08452934999346234,0.03291835288330392,3885.8775462133012,420.9668302623843,4641.853466863253,175.94549426347666,9992.1875,797.536663064715
train_audio/houspa/XC263859.ogg,XC263859.ogg,houspa,House Sparrow,Passer domesticus,train,126.589375,0.0145367,0.007525713,0.22097861634226493,0.023636503999393058,3761.591014483236,237.44634527467886,1975.2229294875467,284.4018114338412,5169.311646865521,415.11658644390724
train_audio/houspa/iNat1021998.ogg,iNat1021998.ogg,houspa,House Sparrow,Passer domesticus,train,6.13009375,0.022106627,0.0087933345,0.051639556884765625,0.042989526960270676,1728.7085093989706,782.3535305652683,2169.1053459183113,617.3706400766688,3298.1770833333335,1495.4823881871098
train_audio/houspa/iNat505705.ogg,iNat505705.ogg,houspa,House Sparrow,Passer domesticus,train,3.45834375,0.05038264,0.020997223,0.08651803715437788,0.037820755858278064,3508.094401318138,720.7750527323865,4408.457887897593,645.8250120256246,8922.091013824886,2890.530411355118
train_audio/houspa/iNat182286.ogg,iNat182286.ogg,houspa,House Sparrow,Passer domesticus,train,28.30934375,0.0053005973,0.006084305,0.06377973825918079,0.05980980504124046,2104.842463863174,868.7852799930189,2726.217327802501,331.893146434335,3991.6401836158193,1269.0423848650905
train_audio/houspa/iNat1003848.ogg,iNat1003848.ogg,houspa,House Sparrow,Passer domesticus,train,8.96290625,0.023402583,0.025624275,0.09543069713680927,0.07460257381137406,3311.703207135989,1277.2554595406161,3842.4050184628113,600.4910374520526,6974.961007130125,3107.163779651224
train_audio/houspa/iNat609696.ogg,iNat609696.ogg,houspa,House Sparrow,Passer domesticus,train,4.8994375,0.0055714906,0.002640781,0.03837222618078176,0.020032357035677604,1936.3028786866,447.8982785836233,3062.167901648634,422.96799628109994,4008.296009771987,1461.360310782363
train_audio/houspa/iNat628067.ogg,iNat628067.ogg,houspa,House Sparrow,Passer domesticus,train,29.675125,0.022044597,0.009221859,0.06659787735849057,0.036799160828769384,1832.091533674593,432.17026331747957,2047.2186092954164,231.61379391938937,3742.991913746631,641.6448141211155
train_audio/houspa/iNat1368338.ogg,iNat1368338.ogg,houspa,House Sparrow,Passer domesticus,train,12.5765,0.009800636,0.013549288,0.051033146045108,0.0771795246821453,1846.5571299264855,1116.9688532465193,2830.727551824718,631.3553158567332,3309.7006035578147,2080.293071999382
train_audio/houspa/iNat31408.ogg,iNat31408.ogg,houspa,House Sparrow,Passer domesticus,train,3.888,0.03462637,0.024195047,0.05071921426741803,0.029976212274388764,1121.2313821699738,537.7820403691628,1356.0107930206077,286.06799524940527,1777.407786885246,992.5415284937208
train_audio/houspa/XC313075.ogg,XC313075.ogg,houspa,House Sparrow,Passer domesticus,train,65.541,0.018126074,0.0015832077,0.02895721145045155,0.022972964468239623,1732.522135075084,477.09748237021387,2296.3019886573516,239.8123370852972,3729.779411764706,864.5318126194261
train_audio/houspa/XC777636.ogg,XC777636.ogg,houspa,House Sparrow,Passer domesticus,train,17.86775,0.05952988,0.0352638,0.07553933877014324,0.07019071659157872,3520.859210619046,1160.2614390468934,3899.278908625517,618.7451474552024,7936.870523724261,2587.314413868353
train_audio/houspa/XC402128.ogg,XC402128.ogg,houspa,House Sparrow,Passer domesticus,train,39.792,0.03371682,0.037476934,0.10735750351688103,0.04427225216700431,2958.2995580290053,389.02662503133473,3160.935691632618,568.3063593573137,5841.872236736334,1186.8648359078134
train_audio/houspa/XC498493.ogg,XC498493.ogg,houspa,House Sparrow,Passer domesticus,train,20.3755,0.075612225,0.07695334,0.15133690946330455,0.08264569734488654,3168.634903508683,1123.2438426518827,2259.2389983783432,589.601982213468,4494.21114599686,1492.814889737492
train_audio/houspa/iNat1685373.ogg,iNat1685373.ogg,houspa,House Sparrow,Passer domesticus,train,5.58934375,0.045096286,0.049506366,0.09863978794642857,0.07790764323263745,2537.6596897220456,1159.7688062528189,2653.7498244380718,675.2608283424165,4991.741071428572,1999.2428837385442
train_audio/houspa/iNat1281858.ogg,iNat1281858.ogg,houspa,House Sparrow,Passer domesticus,train,29.55903125,0.0050647897,0.0032428338,0.10257024063176406,0.06072873618843284,2822.6553896706414,764.474729103925,2971.4819284221985,424.209512719838,5404.153138528139,1251.9244139728091
train_audio/houspa/iNat568357.ogg,iNat568357.ogg,houspa,House Sparrow,Passer domesticus,train,13.74621875,0.020676086,0.0072930646,0.12420001362645348,0.0544386019607057,2480.959279478892,624.1165548741137,2004.9502924132285,238.79058725655602,4393.913517441861,781.0299300896942
train_audio/houspa/iNat1394536.ogg,iNat1394536.ogg,houspa,House Sparrow,Passer domesticus,train,8.85840625,0.04588846,0.030795818,0.03355038639440433,0.09117375185864118,1069.1373239814868,1294.191595538481,1765.1953014376875,548.8041243419686,1852.6342509025271,2225.9430539839414
train_audio/houspa/iNat552239.ogg,iNat552239.ogg,houspa,House Sparrow,Passer domesticus,train,21.45525,0.039494745,0.036788043,0.06551452682233408,0.04871214428856326,2448.610617807196,1113.7325419953174,2806.1797006113966,720.8811108516572,4769.609899328859,2288.9332346132605
train_audio/houspa/iNat930782.ogg,iNat930782.ogg,houspa,House Sparrow,Passer domesticus,train,15.0,0.0017204828,0.0016860288,0.038899045509061835,0.03403145719088234,2123.3041042315613,695.532321746987,3189.8391516249567,528.5212429116142,4470.815565031983,1591.0638415705885
train_audio/houspa/iNat1005246.ogg,iNat1005246.ogg,houspa,House Sparrow,Passer domesticus,train,10.344,0.037005268,0.019137979,0.03418874372102009,0.0663096738006894,1272.9001210993165,1008.5991896716217,1895.7781107154965,500.26946486488805,2519.0059891808346,1762.0665354781465
train_audio/houspa/XC357671.ogg,XC357671.ogg,houspa,House Sparrow,Passer domesticus,train,109.08,0.020314433,0.012072783,0.07210362849259314,0.04665586408952054,2265.5827398770775,610.1232936428713,2666.179552963571,323.7910240396241,4498.780800821355,1090.4755968379789
train_audio/houspa/iNat1363165.ogg,iNat1363165.ogg,houspa,House Sparrow,Passer domesticus,train,3.024,0.0101967845,0.004745564,0.05931589226973684,0.06695628744629827,1471.4829580283204,983.2334578161613,2024.0360697056265,357.6450120328985,2311.9243421052633,1660.064477767343
train_audio/houspa/iNat411345.ogg,iNat411345.ogg,houspa,House Sparrow,Passer domesticus,val,7.424,0.0020101613,0.0024364146,0.1028351814516129,0.054519592352811556,1644.7577344916947,641.9670739477085,1043.5864711643044,142.15956556938963,2872.782258064516,563.3089651539891
train_audio/houspa/XC501187.ogg,XC501187.ogg,houspa,House Sparrow,Passer domesticus,val,40.512,0.014431459,0.03765526,0.24060371841689696,0.03534069317335841,4509.621396774224,550.3074504114827,2821.020190333816,664.9224953358787,7150.180122384524,1728.8373030495607
train_audio/houspa/XC983499.ogg,XC983499.ogg,houspa,House Sparrow,Passer domesticus,val,36.637625,0.0076603503,0.012788573,0.23034849208515285,0.051368938143996,4004.3386291597885,776.8840343088361,1794.6845702997066,751.2595688402051,5278.227347161572,1323.3446633872059
train_audio/houspa/XC650350.ogg,XC650350.ogg,houspa,House Sparrow,Passer domesticus,val,257.044,0.006163278,0.01343349,0.19685207819502365,0.052682926090785016,3955.7141540653547,478.85294381965133,3070.761411871794,740.8176510651218,6529.928303560314,1329.4666142637775
train_audio/houspa/XC310563.ogg,XC310563.ogg,houspa,House Sparrow,Passer domesticus,val,5.172,0.037584145,0.012991424,0.1143798828125,0.035259380745875105,3304.406068121177,399.51625432937516,3693.631906765519,260.81827804736554,6910.686728395061,991.5572861446688
train_audio/houspa/XC546263.ogg,XC546263.ogg,houspa,House Sparrow,Passer domesticus,val,34.638,0.020267827,0.029710162,0.1683077276991917,0.07554218170040483,3918.538387605652,593.1322409931267,3526.0597067784665,1100.6032181447836,6963.676385681293,1634.3606253681753
train_audio/houspa/iNat1287161.ogg,iNat1287161.ogg,houspa,House Sparrow,Passer domesticus,val,5.22,0.0017955201,0.0006058335,0.1011115491207951,0.060338182299261925,3970.5827554981615,757.6634650976544,4134.8415993283315,401.21022035504905,8665.949923547401,963.2575020810174
train_audio/houspa/iNat1015815.ogg,iNat1015815.ogg,houspa,House Sparrow,Passer domesticus,val,39.3599375,0.0035039324,0.0025973192,0.049406321455792684,0.0340614299867979,3281.9701585958614,757.5561278750058,4434.386853760401,429.32397232602347,9361.604420731708,1951.5090092770913
train_audio/houspa/iNat648732.ogg,iNat648732.ogg,houspa,House Sparrow,Passer domesticus,val,10.4485625,0.005469906,0.008042545,0.06382224173356268,0.02884958508807467,2053.6877478521346,494.01854117066136,2692.617951790508,460.58579254456794,4298.236811926606,1460.447391904693
train_audio/houspa/iNat1569993.ogg,iNat1569993.ogg,houspa,House Sparrow,Passer domesticus,val,0.096,0.44939035,0.1363676,0.07156808035714286,0.019343505334628974,1855.7264939459917,209.95319825863825,2079.2356614424325,253.30243566070712,4073.660714285714,305.8117178268421
train_audio/houspa/iNat606022.ogg,iNat606022.ogg,houspa,House Sparrow,Passer domesticus,val,11.13890625,0.023738524,0.02150507,0.04498002039992827,0.02845801637061218,1853.5980252637585,704.5945266590265,2915.444305364095,649.2320867097677,3728.6809540889526,2108.651906389313
train_audio/houspa/iNat464631.ogg,iNat464631.ogg,houspa,House Sparrow,Passer domesticus,val,3.36690625,0.001797602,0.0012659591,0.22358190165876776,0.05587380353373604,4208.742491103445,488.53462905162104,3167.579051915288,347.80733339765607,7304.65047393365,1068.4763774286253
train_audio/houspa/iNat893151.ogg,iNat893151.ogg,houspa,House Sparrow,Passer domesticus,val,5.92109375,0.017163154,0.009631257,0.07122194027964959,0.03023715861030036,2462.513950432591,553.4038713974594,2872.5508467379864,322.4800300733864,5048.938679245283,1031.8938304012788
train_audio/houspa/iNat339547.ogg,iNat339547.ogg,houspa,House Sparrow,Passer domesticus,val,21.19984375,0.0022235173,0.001478007,0.051417305424528305,0.021186347665350384,2495.107981427868,476.95613416707477,3362.78705732337,331.0164641339868,6017.606132075472,1397.5203821032455
train_audio/houspa/iNat343304.ogg,iNat343304.ogg,houspa,House Sparrow,Passer domesticus,val,16.656,0.0080245435,0.007895856,0.24938613393714013,0.06292911008489818,4393.997085376876,721.2072329492418,2276.748334808211,552.5254840555106,6504.87344049904,1122.5691541819026
train_audio/houspa/iNat1136280.ogg,iNat1136280.ogg,houspa,House Sparrow,Passer domesticus,val,10.4954375,0.021824602,0.013553246,0.07933751548208841,0.03908889537234919,3315.784038529586,832.5405391152614,3987.1059353866644,384.2485587583202,8290.301067073171,1531.5622686238587
train_audio/houspa/iNat714060.ogg,iNat714060.ogg,houspa,House Sparrow,Passer domesticus,val,18.9010625,0.017193738,0.015132246,0.07411010535638748,0.056192598212091854,2545.1047296345687,791.4806542676489,2918.8694006906644,544.6828183294492,5034.739847715736,1475.1394324090716
train_audio/houspa/XC651792.ogg,XC651792.ogg,houspa,House Sparrow,Passer domesticus,val,19.173875,0.01818066,0.037028156,0.2722801227585488,0.055978875723700486,5303.088745250463,502.4435815113951,3694.9296124391008,471.4145256584159,9508.28815679733,1090.5227467191244
train_audio/houspa/XC669835.ogg,XC669835.ogg,houspa,House Sparrow,Passer domesticus,val,36.456,0.041004922,0.05216135,0.1567164275038394,0.10381250957477908,3718.6575556041903,1441.3416908423264,3198.3112740712827,937.8185394774802,6671.168824045634,2838.3962094876333
train_audio/houspa/XC475444.ogg,XC475444.ogg,houspa,House Sparrow,Passer domesticus,val,41.665,0.010132365,0.027044915,0.267798554462572,0.044172420613406135,4838.009964338836,599.9657028405708,2692.982567611698,385.78008687837763,7138.537667946257,769.0475490684557
train_audio/houspa/iNat1362082.ogg,iNat1362082.ogg,houspa,House Sparrow,Passer domesticus,val,6.01396875,0.0061208014,0.0066520358,0.11940424493018617,0.08003661144806089,3290.798594124287,826.407982028194,2970.0655973202893,581.9944960763448,5935.796210106383,1044.398110260971
train_audio/houspa/iNat1284719.ogg,iNat1284719.ogg,houspa,House Sparrow,Passer domesticus,val,10.64,0.0041734707,0.00083441276,0.04915437898836336,0.017993435438883792,2761.5643431421704,496.8841851744468,3828.4897185080545,199.24099956816193,7150.032845345346,963.9824208509506
train_audio/houspa/iNat1098320.ogg,iNat1098320.ogg,houspa,House Sparrow,Passer domesticus,val,20.41359375,0.007625612,0.0061702635,0.0678580831210815,0.08783102705525907,2940.0444013590927,1454.7415999556363,3539.9940559215415,485.84775456215505,6680.299764890282,2420.2736958007813
train_audio/houspa/iNat125164.ogg,iNat125164.ogg,houspa,House Sparrow,Passer domesticus,val,180.24490625,0.032473903,0.03398029,0.06673434240746494,0.06520840669059776,2263.428214729641,1116.197753705133,3196.454372024252,609.5744074330555,4338.40343733357,2492.0983592291477
train_audio/houspa/iNat509247.ogg,iNat509247.ogg,houspa,House Sparrow,Passer domesticus,val,8.51590625,0.016677698,0.012162919,0.06858565167682927,0.08729836735156432,1487.6494563252506,1277.9621923246698,2010.4073811157268,853.7182139633658,2702.4800656660414,2732.873154626
train_audio/houspa/iNat57424.ogg,iNat57424.ogg,houspa,House Sparrow,Passer domesticus,val,13.89715625,0.0044509647,0.0035600902,0.24624545993958574,0.039653989396390615,5025.821793968668,656.9723840907178,3648.750669077414,674.7755375670174,9334.400172612199,2088.4053258100903
train_audio/houspa/iNat1321989.ogg,iNat1321989.ogg,houspa,House Sparrow,Passer domesticus,val,0.1045,0.20254192,0.05736335,0.14069475446428573,0.032156127128094715,2258.7314635208486,195.67875085086135,1339.0122362292361,310.8437737075106,3404.0178571428573,224.17205235292477
train_audio/houspa/iNat991150.ogg,iNat991150.ogg,houspa,House Sparrow,Passer domesticus,val,34.9228125,0.04694539,0.052456163,0.06945426126603298,0.04748121354520528,2108.4910384398686,770.4968995290003,2540.058788161611,455.79810350070966,4467.175332111773,1438.8378384972618
train_audio/houspa/XC474814.ogg,XC474814.ogg,houspa,House Sparrow,Passer domesticus,val,33.408,0.020828102,0.021765903,0.2924531212601723,0.043292067832489366,5399.005004736769,571.5261841600973,3448.517826378057,517.5475017983727,9200.335088559119,1545.775908578372
train_audio/houspa/iNat354848.ogg,iNat354848.ogg,houspa,House Sparrow,Passer domesticus,val,43.296,0.00069486944,0.00024117298,0.07742134829839306,0.03831655617918331,2939.2611065163414,534.4578108060899,3591.9522645086417,260.9900767938861,6866.769024750646,990.3179531943249
train_audio/houspa/iNat682765.ogg,iNat682765.ogg,houspa,House Sparrow,Passer domesticus,val,7.36,0.0041098804,0.0037653467,0.1446435229121475,0.07377722831786364,3132.03577487751,1030.1628816213097,2889.703605667832,732.902469968291,5169.434652928417,1833.239815025396
train_audio/houspa/iNat406756.ogg,iNat406756.ogg,houspa,House Sparrow,Passer domesticus,val,4.79490625,0.06988275,0.04429911,0.0194580078125,0.046526467208370996,684.8520004841911,819.6631957278889,1213.5624487445575,513.5692069338684,1223.75,1462.7635312782104
train_audio/houspa/iNat70272.ogg,iNat70272.ogg,houspa,House Sparrow,Passer domesticus,val,24.96,0.0011610142,0.0020666693,0.09340998608664318,0.05055085835530051,1671.7514034672756,587.7958020220847,1048.4607654062022,128.1716031097684,2941.4938340807175,463.3941255594387
train_audio/houspa/iNat161528.ogg,iNat161528.ogg,houspa,House Sparrow,Passer domesticus,val,12.11734375,0.048096985,0.036402132,0.03834038485323219,0.047741951511950785,1601.17091726523,946.7896771054486,2375.1655565668684,630.275961596542,3585.875659630607,2064.8794417101903
train_audio/houspa/iNat625289.ogg,iNat625289.ogg,houspa,House Sparrow,Passer domesticus,val,8.01959375,0.02880003,0.012306692,0.08486853367778885,0.11230665613224815,2253.18251154396,1613.6832432552264,2368.3587980865727,685.887109447713,4381.629731075697,2558.2222365030025
train_audio/houspa/XC788183.ogg,XC788183.ogg,houspa,House Sparrow,Passer domesticus,val,44.956,0.0774371,0.020882731,0.2776396727646797,0.01634636560343139,5202.684515962156,315.1767196351663,2493.7156720385096,194.05049959621758,6998.4541814946615,819.7722651685848
train_audio/houspa/iNat1558777.ogg,iNat1558777.ogg,houspa,House Sparrow,Passer domesticus,val,10.52734375,0.028063977,0.008481511,0.03178428951367781,0.0458382358120227,1251.3717268856685,693.4027794168294,1975.651103562757,438.8603473858888,2381.7439209726444,1353.6934379246354
train_audio/houspa/XC924752.ogg,XC924752.ogg,houspa,House Sparrow,Passer domesticus,val,15.94040625,0.002257762,0.0038797809,0.19403669994358075,0.043600636328052673,4660.41021542127,550.7377321962907,4036.284799126714,764.4943724583895,9618.07296890672,1895.8442867298836
train_audio/houspa/XC563091.ogg,XC563091.ogg,houspa,House Sparrow,Passer domesticus,val,20.856,0.030845571,0.046623554,0.08494708289398006,0.08259638813442814,2277.848240445948,1135.9612990990615,2196.189044838013,398.2404419135119,4230.76830904908,1185.1182866078382
train_audio/houspa/iNat1328729.ogg,iNat1328729.ogg,houspa,House Sparrow,Passer domesticus,val,8.26,0.0017258121,0.0008649023,0.16459328155222436,0.08777492988399666,4690.878011660231,878.5619299626445,3991.1957234101196,380.5124955799614,9133.824951644101,932.9498195594463
train_audio/houspa/iNat439390.ogg,iNat439390.ogg,houspa,House Sparrow,Passer domesticus,val,21.1301875,0.006181718,0.008619289,0.10455391571252838,0.06329331961904136,2868.9614001804835,975.5622945096902,3310.915266224912,889.8868246890204,5855.862036336109,2651.467124961572
train_audio/houspa/iNat851766.ogg,iNat851766.ogg,houspa,House Sparrow,Passer domesticus,val,9.792,0.018283695,0.0051713213,0.137664247298124,0.08380898124029669,3175.4774994012473,1013.532470980806,2704.6990990317463,382.646859804914,5880.9645187601955,1618.106756440952
train_audio/houspa/iNat349281.ogg,iNat349281.ogg,houspa,House Sparrow,Passer domesticus,val,14.784,0.0101168305,0.0039043997,0.05640255489864865,0.05430573964059197,1811.9549960743918,687.4939356594396,2250.9354584722946,231.66588694204785,3553.5472972972975,1055.5113867026312
train_audio/houspa/iNat544318.ogg,iNat544318.ogg,houspa,House Sparrow,Passer domesticus,val,12.70134375,0.021961045,0.009282376,0.24771909929943325,0.04374991134248048,5186.635395120563,475.42183654586177,3852.417003409427,286.8636266862576,9894.855950881612,844.6395944803475
train_audio/houspa/iNat880892.ogg,iNat880892.ogg,houspa,House Sparrow,Passer domesticus,val,61.9740625,0.0034016042,0.0023967298,0.22884471698341508,0.08651803191011667,5772.254020226743,929.8590038859767,4493.113027481513,411.60381485105273,11910.541430046464,791.8852834598949
train_audio/houspa/iNat966924.ogg,iNat966924.ogg,houspa,House Sparrow,Passer domesticus,val,11.112,0.005139316,0.004923763,0.21726267423561152,0.1352916967351617,3942.3134856446513,1690.6436616402532,2529.603883877744,565.0676240114581,6054.76618705036,1915.4797170684344
train_audio/houspa/iNat978488.ogg,iNat978488.ogg,houspa,House Sparrow,Passer domesticus,val,11.401,0.01991424,0.0100120995,0.07736758196002805,0.05589274643386398,2872.514336891451,902.0921111451912,3438.519218029236,481.08132026526,6314.581872370267,2008.6684384061282
train_audio/houspa/iNat951691.ogg,iNat951691.ogg,houspa,House Sparrow,Passer domesticus,val,2.8560625,0.004265638,0.0009420484,0.03038527845670391,0.014362480012248656,1726.2018170251515,254.3000802065713,2937.624051453602,205.10579864405332,3273.655726256983,707.6377096164819
train_audio/houspa/iNat675035.ogg,iNat675035.ogg,houspa,House Sparrow,Passer domesticus,val,6.9079375,0.022562137,0.007723777,0.16462198893229166,0.03799155668905424,3914.013734226516,390.6441546908571,3647.585780911787,266.1814399805699,7647.569444444444,1279.3268958227156
train_audio/houspa/iNat1439476.ogg,iNat1439476.ogg,houspa,House Sparrow,Passer domesticus,val,100.656,0.0292778,0.021715973,0.2781362369874444,0.04253686680523846,4532.951124071439,609.9828005890263,1909.694848439044,284.51908835790647,6232.716147488874,794.6187376355982
train_audio/houspa/iNat1146681.ogg,iNat1146681.ogg,houspa,House Sparrow,Passer domesticus,val,30.292875,0.0056307088,0.0037865324,0.09429654501055966,0.09664837811478974,2215.389166340861,1410.5419961786054,2126.7002507979287,378.8458483494973,3764.519535374868,1857.0817023169677
train_audio/houspa/iNat1630222.ogg,iNat1630222.ogg,houspa,House Sparrow,Passer domesticus,val,19.65421875,0.008903938,0.0026084392,0.26024596025732305,0.042069787126359386,5303.766299353939,454.6633070553107,4473.7289435769435,123.70862387425407,11351.034886086249,296.4179120106062
train_audio/houspa/iNat358583.ogg,iNat358583.ogg,houspa,House Sparrow,Passer domesticus,val,22.968,0.017760834,0.010933678,0.14168214930797354,0.05407820479603233,3223.503317777612,566.451743396411,2960.5759273647436,302.0000852468356,6266.985114902507,745.1828847868269
train_audio/houspa/iNat1732450.ogg,iNat1732450.ogg,houspa,House Sparrow,Passer domesticus,val,14.81434375,0.022729823,0.006600491,0.17832969846787258,0.04081248907337998,3921.474659684722,345.0612678258475,3203.983899901318,365.65224871843526,6885.208558315335,982.4411645624018
train_audio/houspa/XC821004.ogg,XC821004.ogg,houspa,House Sparrow,Passer domesticus,val,18.32,0.003516935,0.00097106723,0.2022962853130454,0.05552362451281517,4249.891788142564,572.4040809052698,3578.2298671067997,300.30734749985857,7969.936191099477,996.084208057499
train_audio/houspa/iNat1523096.ogg,iNat1523096.ogg,houspa,House Sparrow,Passer domesticus,val,10.030625,0.019164437,0.029896041,0.04694898200757576,0.05719015436893409,2176.5524964392475,1284.903605101868,3398.8248011629817,910.8634419598344,4808.413078149921,3473.4426720234997
train_audio/houspa/iNat1114279.ogg,iNat1114279.ogg,houspa,House Sparrow,Passer domesticus,val,21.9399375,0.003362497,0.0010249156,0.08039308775965744,0.04724468765614732,3711.95126023154,772.3690494244909,4590.590404837241,386.4289124695943,10083.568695335276,1554.1986034427798
train_audio/houspa/iNat18579.ogg,iNat18579.ogg,houspa,House Sparrow,Passer domesticus,val,9.5346875,0.04839569,0.032676704,0.08884752516778524,0.07258377064579707,2069.007605786764,959.0035249197348,2095.342876205559,287.55669194850356,3898.9093959731545,1234.1510541572986
train_audio/houspa/iNat915138.ogg,iNat915138.ogg,houspa,House Sparrow,Passer domesticus,val,4.512,0.0026526577,0.00022678547,0.039864799580388695,0.007304174324847005,1136.6447749181873,152.68455325079768,2044.5814241823073,149.96863084432712,1473.7190812720848,633.7052334624572
train_audio/houspa/XC704130.ogg,XC704130.ogg,houspa,House Sparrow,Passer domesticus,val,33.312,0.023100384,0.035828575,0.27093444326092175,0.039709828383297376,5875.592739987347,425.9048397473044,4042.0550795097324,786.696154897849,10776.651764282286,2034.4552325115644
train_audio/houspa/iNat653133.ogg,iNat653133.ogg,houspa,House Sparrow,Passer domesticus,val,59.3951875,0.014463134,0.004532778,0.04133505272858874,0.024384055433753108,1951.8504747347547,678.4002601940383,2834.8342846454248,564.243969132375,4155.168495825478,1779.1450540409917
train_audio/houspa/iNat921893.ogg,iNat921893.ogg,houspa,House Sparrow,Passer domesticus,val,10.79728125,0.028430445,0.033784498,0.027236689814814814,0.020188009781899257,1446.2370341193048,751.4559652976455,2381.400064926353,806.1898955364151,2957.546296296296,2073.4211204028425
train_audio/houspa/XC998178.ogg,XC998178.ogg,houspa,House Sparrow,Passer domesticus,val,17.10040625,0.017208403,0.026048215,0.31003849611202056,0.05513218786483053,5844.384650315596,773.8160703210517,3311.3089731746236,846.0689121533978,9406.030753040224,2406.1601540279826
train_audio/houspa/iNat163473.ogg,iNat163473.ogg,houspa,House Sparrow,Passer domesticus,val,2.5555625,0.024971794,0.016611801,0.167889404296875,0.052652051387552225,5158.205796156,524.1908439781423,4636.9688244460785,611.5274484204548,11329.296875,1923.0033130349411
train_audio/houspa/XC376730.ogg,XC376730.ogg,houspa,House Sparrow,Passer domesticus,val,3.082,0.0064334963,0.009791779,0.14470328691709844,0.07763898645885457,2749.9139536045723,1078.8657834105218,2140.5346320715157,516.0736790739,4498.623704663212,1605.3781132980332
train_audio/houspa/iNat443980.ogg,iNat443980.ogg,houspa,House Sparrow,Passer domesticus,val,9.8685,0.0051848106,0.0017362993,0.08153980323136142,0.045205343863268854,2736.267103965518,577.0906625027548,3167.8438988101457,352.47889189015115,5660.149918962723,1097.9474841216097
train_audio/houspa/XC344330.ogg,XC344330.ogg,houspa,House Sparrow,Passer domesticus,val,20.558375,0.01314553,0.022871926,0.24580724100194554,0.07018699752594247,4482.618785147953,1121.9511532207139,2053.1619233690226,1036.7177451566813,6027.699416342412,2696.977186283075
train_audio/houspa/XC952608.ogg,XC952608.ogg,houspa,House Sparrow,Passer domesticus,val,16.0798125,0.015895467,0.024525223,0.17980750544154228,0.06354132024950881,3776.2190679617765,819.0882845847503,2908.079525090279,774.3441394397036,6232.400497512438,1341.1866813724318
train_audio/houspa/XC557012.ogg,XC557012.ogg,houspa,House Sparrow,Passer domesticus,val,21.55103125,0.006794317,0.010167003,0.2700430934484039,0.03490591627284865,5126.035783213522,653.720393712225,3287.149489816701,646.2994518955771,8669.821826280624,1913.2528481115667
train_audio/houspa/iNat623103.ogg,iNat623103.ogg,houspa,House Sparrow,Passer domesticus,val,9.07903125,0.045035925,0.029166102,0.03669330435739437,0.027956969999840025,1408.661553631556,460.1682185230232,2025.5838243276037,254.23426845909825,2606.871698943662,830.3876017371192
train_audio/houspa/iNat1379873.ogg,iNat1379873.ogg,houspa,House Sparrow,Passer domesticus,val,21.9893125,0.02089754,0.01860279,0.09190447443181818,0.053288974316679144,2885.382751012033,774.1689820191609,3302.426976111279,407.58670251763255,5565.386363636364,1550.8541611422497
train_audio/houspa/XC347366.ogg,XC347366.ogg,houspa,House Sparrow,Passer domesticus,val,177.768,0.022327201,0.029124113,0.028840014962649627,0.01411289174629327,2095.9444120904254,523.4810586764121,3698.3726269206227,474.83945897964196,4974.837717127171,1915.9245016642976
train_audio/houspa/iNat744421.ogg,iNat744421.ogg,houspa,House Sparrow,Passer domesticus,val,6.816,0.004066499,0.0055036684,0.05149137331674473,0.05733632149704068,2144.745560856541,965.7765005030703,2944.5381950961587,557.030626279375,4750.146370023419,1958.8795440644813
train_audio/houspa/iNat1191117.ogg,iNat1191117.ogg,houspa,House Sparrow,Passer domesticus,val,4.4669375,0.0037640925,0.0020955717,0.0993408203125,0.07088434889308073,2810.7939306214325,945.7337068711195,3147.0080752588774,354.3886821958169,5021.651785714285,1450.9825865110918
train_audio/houspa/iNat856837.ogg,iNat856837.ogg,houspa,House Sparrow,Passer domesticus,test,6.01396875,0.0028158065,0.0014798762,0.3166659740691489,0.07237767407453816,5674.117335808501,798.6590829271461,3777.007526551901,436.71060744384744,9833.070146276596,941.5820571713404
train_audio/houspa/iNat912730.ogg,iNat912730.ogg,houspa,House Sparrow,Passer domesticus,test,15.0,0.0046334583,0.0012013587,0.02169572061567164,0.02483309658882236,1026.1412264609085,412.02692151385213,1957.655778739753,186.79357301870706,1752.5486407249466,945.2262533165485
train_audio/houspa/XC741845.ogg,XC741845.ogg,houspa,House Sparrow,Passer domesticus,test,9.195,0.013269061,0.031181717,0.16276494565217392,0.039746033796293545,3562.0167482546904,349.41359062014004,2641.4148308771923,545.423850707294,5534.157608695652,812.7066754007997
train_audio/houspa/iNat1622868.ogg,iNat1622868.ogg,houspa,House Sparrow,Passer domesticus,test,3.024,0.05290049,0.011706995,0.057098067434210524,0.04909642112618859,1851.140865801425,828.6344951410118,2516.86776934464,375.19764364429545,3536.4309210526317,1506.5620712145178
train_audio/houspa/iNat903527.ogg,iNat903527.ogg,houspa,House Sparrow,Passer domesticus,test,15.0,0.0036800771,0.00083628466,0.021771721748400853,0.020239628355918617,999.3822368063799,314.3055951721298,2007.751586941826,179.4185528408457,1581.6397921108742,852.6928035476151
train_audio/houspa/iNat1430695.ogg,iNat1430695.ogg,houspa,House Sparrow,Passer domesticus,test,13.8026875,0.0030958531,0.0015544345,0.0755777900492468,0.04861334206590354,2505.599523203286,447.92298935528413,3184.371605353065,448.2437569347892,5060.99724797219,1102.0132805487858
train_audio/houspa/iNat256751.ogg,iNat256751.ogg,houspa,House Sparrow,Passer domesticus,test,14.6518125,0.005108202,0.004040621,0.1366968946165393,0.07018043142811123,2997.897302250051,722.6462230376391,2976.960786177852,625.1288341511934,5110.927265283843,1068.3438010422274
train_audio/houspa/iNat294328.ogg,iNat294328.ogg,houspa,House Sparrow,Passer domesticus,test,17.76328125,0.012491712,0.006223275,0.011799617461746174,0.006477973718618202,1111.6282461579133,271.68822227836995,2148.602654166405,257.35278778697375,2336.436768676868,850.5080690863595
train_audio/houspa/iNat1370447.ogg,iNat1370447.ogg,houspa,House Sparrow,Passer domesticus,test,15.185875,0.021235459,0.022316802,0.03426809210526316,0.028686000633653612,2284.905946962156,1038.1143863755553,3668.988860591296,735.7870030796752,5469.078947368421,3451.4545398010628
train_audio/houspa/iNat268110.ogg,iNat268110.ogg,houspa,House Sparrow,Passer domesticus,test,8.87,0.012101094,0.0073437532,0.042114477759009006,0.017139080900285503,1784.6398913368873,299.40195390072614,2630.8226952222226,252.51508567472158,3260.2195945945946,674.802631350151
train_audio/houspa/iNat81844.ogg,iNat81844.ogg,houspa,House Sparrow,Passer domesticus,test,27.78775,0.035954885,0.022864997,0.01634322601827864,0.013952701086150826,954.066853704581,582.7092336628314,1922.8379634645964,590.7148942235434,1698.258491652274,1539.8896828524285
train_audio/houspa/iNat430500.ogg,iNat430500.ogg,houspa,House Sparrow,Passer domesticus,test,8.73071875,0.017544,0.026599888,0.04881381639194139,0.037627223090475136,2144.7490450820287,830.7123436028636,2755.4966718100486,450.4096837230756,4550.538003663004,1535.6425735539503
train_audio/houspa/XC645288.ogg,XC645288.ogg,houspa,House Sparrow,Passer domesticus,test,72.881,0.01433878,0.0046679266,0.05077803480300702,0.05037893031754113,1619.5800315634244,561.9483026671196,2552.5719781014545,444.7891428480549,2690.6517504389817,1017.8102658202026
train_audio/houspa/XC618348.ogg,XC618348.ogg,houspa,House Sparrow,Passer domesticus,test,10.05715625,0.02154001,0.047416244,0.21004322337042924,0.04232033826971825,4564.729571969637,415.302501530311,3484.586298273139,880.3016714952007,8400.909181240064,1982.0021942988988
train_audio/houspa/iNat1271641.ogg,iNat1271641.ogg,houspa,House Sparrow,Passer domesticus,test,22.337625,0.017632768,0.006079307,0.08591687824355762,0.08973736083431992,3363.2807820216267,1523.2455795775384,3948.1642350350476,555.080748724715,7593.481567644953,2720.067981263744
train_audio/houspa/XC811636.ogg,XC811636.ogg,houspa,House Sparrow,Passer domesticus,test,91.60665625,0.0525026,0.02765372,0.053149149711840725,0.07002417232918626,2289.1468235977354,906.7774759936736,2733.8831733794623,336.85402222336415,4425.976357841425,1093.5279030582003
train_audio/houspa/XC527801.ogg,XC527801.ogg,houspa,House Sparrow,Passer domesticus,test,80.808,0.031157874,0.013364915,0.22084078338447832,0.03669799828375214,4003.5174709551106,428.4988118285987,2782.3959740819632,204.8887051741688,5990.524772322313,725.8353025466133
train_audio/houspa/iNat1676113.ogg,iNat1676113.ogg,houspa,House Sparrow,Passer domesticus,test,12.0685625,0.049098626,0.01509215,0.05207082988410596,0.027378222817501255,1775.3049407925657,426.9351505677108,2185.226758126737,309.5768768655468,3424.5240066225165,905.1507483383948
train_audio/houspa/XC264025.ogg,XC264025.ogg,houspa,House Sparrow,Passer domesticus,test,9.6653125,0.006257556,0.0040296447,0.11716086647727272,0.04886164429295686,3429.971284098709,387.9366866048522,3775.2502838789137,399.08839035654614,7504.313016528926,1020.2805531111576
train_audio/houspa/iNat1516919.ogg,iNat1516919.ogg,houspa,House Sparrow,Passer domesticus,test,11.54,0.004422507,0.0025707423,0.054845751817867036,0.04217477475497751,2111.7839132848158,602.4011374019481,2915.3086180806204,288.0780236932332,4104.419148199446,1083.8195512254936
train_audio/houspa/iNat892299.ogg,iNat892299.ogg,houspa,House Sparrow,Passer domesticus,test,19.776,0.042246442,0.04135683,0.016647351202506062,0.019180155087133458,1039.9045089629644,703.101872447779,2121.988347720156,752.8214250395127,1919.6266168148748,1922.7297062745652
train_audio/houspa/iNat1081270.ogg,iNat1081270.ogg,houspa,House Sparrow,Passer domesticus,test,65.61690625,0.0007778887,0.00064325536,0.12241027623720137,0.07928762506671605,2992.950990700494,784.5650915807773,3045.4486935498408,442.1027492581614,5634.046654071185,1060.5887341959142
train_audio/houspa/iNat1181449.ogg,iNat1181449.ogg,houspa,House Sparrow,Passer domesticus,test,6.11996875,0.0040931613,0.0031928723,0.04333719198759791,0.03202736339837902,2694.4526785311887,647.2570558562348,3867.3564064888856,397.7345619300946,7163.062989556136,1821.0796655400547
train_audio/houspa/iNat941039.ogg,iNat941039.ogg,houspa,House Sparrow,Passer domesticus,test,15.4180625,0.028390184,0.020584313,0.04532759417142116,0.056169438124358866,1664.8987058762395,983.3325841120687,2543.1826366414844,709.414425491098,3532.6439315352695,2466.924346040878
train_audio/houspa/iNat1405878.ogg,iNat1405878.ogg,houspa,House Sparrow,Passer domesticus,test,22.4305,0.0097670015,0.0028751174,0.0979804938257846,0.04370824238668562,3561.2616347009234,690.3360367940608,3562.0467385921374,429.41739316587405,7517.463890870185,1348.5466319918103
train_audio/houspa/iNat678824.ogg,iNat678824.ogg,houspa,House Sparrow,Passer domesticus,test,11.49390625,0.0027204459,0.0012071293,0.1766973715664117,0.06080587853391883,4659.473546394816,705.3644232799064,3829.12280961753,449.760203971196,9189.216794158554,1084.4190697122963
train_audio/houspa/iNat267244.ogg,iNat267244.ogg,houspa,House Sparrow,Passer domesticus,test,6.3855,0.0022312016,0.0014062484,0.056441650390625,0.04943057649011066,2359.194538413933,528.8156332107369,3115.694138891138,358.5767511267727,5448.7109375,888.5650098864087
train_audio/houspa/iNat755279.ogg,iNat755279.ogg,houspa,House Sparrow,Passer domesticus,test,24.85334375,0.0012736443,0.0008188811,0.17865940717503218,0.060845696502315624,4486.6722075081,650.5511373836657,4061.7996825749356,963.3129407502583,9235.330196267696,2330.2584253388204
train_audio/houspa/iNat796865.ogg,iNat796865.ogg,houspa,House Sparrow,Passer domesticus,test,17.67040625,0.017854257,0.022780685,0.1122702205882353,0.06907851449211531,3535.221175977661,930.459385216127,3425.5744204090765,399.67765400293666,7561.114253393665,1699.087272641216
train_audio/houspa/XC474816.ogg,XC474816.ogg,houspa,House Sparrow,Passer domesticus,test,9.024,0.028628742,0.031740163,0.24751883987831858,0.02877000969461032,4861.806183223408,363.0782966551614,3630.4283096543954,432.8227323200874,9039.767699115044,1196.486234183916
train_audio/houspa/iNat1684981.ogg,iNat1684981.ogg,houspa,House Sparrow,Passer domesticus,test,5.20128125,0.0024757637,0.0006903645,0.06400827981211657,0.04505842609859502,2879.9884082691237,594.742854338101,3663.849224182194,353.2803660989395,7009.825536809816,1245.9572304262597
train_audio/houspa/iNat644619.ogg,iNat644619.ogg,houspa,House Sparrow,Passer domesticus,test,8.6610625,0.0013697181,0.0004387749,0.048920916455258305,0.025826682169099176,2408.8120655769317,559.560656802592,3329.7994646502107,354.3591256653606,5167.8390221402215,1314.3005129800474
train_audio/houspa/iNat1220902.ogg,iNat1220902.ogg,houspa,House Sparrow,Passer domesticus,test,17.28071875,0.006925721,0.0033599266,0.306558416685939,0.06519064744808518,6273.387261253415,600.4644554194952,4431.508566432539,284.2276276286187,11621.400901942645,1026.902343688727
train_audio/houspa/iNat337895.ogg,iNat337895.ogg,houspa,House Sparrow,Passer domesticus,test,22.10134375,0.0045044515,0.0049828077,0.20715597017456586,0.0949702956169368,4735.225467506688,1102.8097177840775,3911.0582739935444,708.5840313718019,9275.574348769898,1594.15506374263
train_audio/houspa/iNat1305965.ogg,iNat1305965.ogg,houspa,House Sparrow,Passer domesticus,test,24.46440625,0.002133041,0.0007164727,0.11759025224673203,0.051996083284520815,3848.097374036292,403.8630118519269,4288.056342601915,263.5408388330162,8967.555147058823,684.1726864480897
train_audio/houspa/iNat623304.ogg,iNat623304.ogg,houspa,House Sparrow,Passer domesticus,test,5.78178125,0.010387998,0.0061204513,0.10273599361187845,0.07155483942322129,2230.110846403387,822.5085662073056,2179.1327786777438,331.5028971219651,4205.153660220994,993.493899815033
train_audio/houspa/iNat442569.ogg,iNat442569.ogg,houspa,House Sparrow,Passer domesticus,test,16.3004375,0.03222379,0.029069562,0.025913406986015703,0.02101854685328852,1473.5637516329564,557.1676285392011,2469.330149589284,445.4474858330096,3029.578631010795,1377.3286870123945
train_audio/houspa/iNat968476.ogg,iNat968476.ogg,houspa,House Sparrow,Passer domesticus,test,17.658,0.037224498,0.052419953,0.31457652216372284,0.050020704983724185,5756.0039782251915,623.9183021590253,2988.4390911543314,474.87611569113994,8493.560348731884,1490.617050914572
train_audio/houspa/iNat1080976.ogg,iNat1080976.ogg,houspa,House Sparrow,Passer domesticus,test,3.96190625,0.008998661,0.0063225282,0.13767956149193547,0.1317289102269774,2957.7633413987783,1633.239846192269,2875.005195371583,591.5345411459987,5072.454637096775,2599.3617897807235
train_audio/houspa/XC388296.ogg,XC388296.ogg,houspa,House Sparrow,Passer domesticus,test,21.96,0.027356403,0.0440911,0.26370103673525125,0.034446570530892895,4653.641857857692,576.7497262909031,2432.7831603036093,417.33522985972047,6455.503459577568,1073.3663354885414
train_audio/houspa/iNat1621812.ogg,iNat1621812.ogg,houspa,House Sparrow,Passer domesticus,test,18.88,0.036115162,0.015276832,0.11242458721422523,0.039043080693851984,2395.3857042362224,412.41923959459325,2026.7904048235657,158.53660345625778,4835.46782387807,688.7530591273539
train_audio/houspa/iNat728404.ogg,iNat728404.ogg,houspa,House Sparrow,Passer domesticus,test,11.888625,0.003679212,0.0024761073,0.09482631888440861,0.052374810536251364,2522.5356689169307,576.877795807833,2806.050861338752,344.0524598336307,4497.668850806452,926.3945943606726
train_audio/houspa/iNat217689.ogg,iNat217689.ogg,houspa,House Sparrow,Passer domesticus,test,16.296,0.011986982,0.008502089,0.103797860187684,0.04421184909523962,2722.6714069737613,390.6201718773086,3039.55733441424,353.7459174537428,5388.248282630029,809.416124981625
train_audio/houspa/XC553005.ogg,XC553005.ogg,houspa,House Sparrow,Passer domesticus,test,38.11265625,0.015767775,0.022978283,0.21110429015421736,0.04610584616538151,4762.305960456307,536.6807252712836,3781.9515438935523,918.3126607926638,9131.425723877466,2395.3326475839567
train_audio/houspa/iNat264243.ogg,iNat264243.ogg,houspa,House Sparrow,Passer domesticus,test,8.424,0.01945656,0.002837433,0.09481087671963948,0.03157049423048064,2857.99248202373,335.5643888952247,3269.5081382319604,206.2069231477593,6141.781309297913,688.1297902192472
train_audio/houspa/iNat1269736.ogg,iNat1269736.ogg,houspa,House Sparrow,Passer domesticus,test,19.1796875,0.039110918,0.018644573,0.15190026519495411,0.043034242443464786,3415.6640983378074,690.2571357219625,2857.080657112297,562.2815113553728,6554.6158256880735,1730.7152630854218
train_audio/houspa/iNat339012.ogg,iNat339012.ogg,houspa,House Sparrow,Passer domesticus,test,5.3638125,0.0034607826,0.0030491098,0.038936070033482144,0.028375762039343062,2464.558366934828,887.6393917015889,3874.7408920718976,581.8140661636195,6314.499627976191,3108.433756129926
train_audio/houspa/XC818671.ogg,XC818671.ogg,houspa,House Sparrow,Passer domesticus,test,105.874,0.047541507,0.02245141,0.2686825496042989,0.030022259099064287,4651.585914463778,395.23959278475706,2376.0258442642676,220.63855913643954,6850.212016470233,650.2452743160563
train_audio/houspa/XC913342.ogg,XC913342.ogg,houspa,House Sparrow,Passer domesticus,test,15.60346875,0.018641498,0.020915851,0.23675136878842212,0.04355683566990073,4234.070976095061,532.8544474413706,2102.69354567414,358.03717507061293,5736.584272540984,860.5871329558403
train_audio/houspa/iNat209349.ogg,iNat209349.ogg,houspa,House Sparrow,Passer domesticus,test,43.0498125,0.03590091,0.023232097,0.05873292195048309,0.055155906022581316,2417.790208226406,943.3221802233928,3037.7178343593278,437.1469803031898,4933.13359345968,1623.7367822248436
train_audio/houspa/XC138577.ogg,XC138577.ogg,houspa,House Sparrow,Passer domesticus,test,21.2114375,0.027481623,0.029596772,0.2317487391591252,0.03089278283775334,3771.501156048387,421.85524041522444,1140.6243731764757,322.5142311946249,4964.625754147813,766.910927309952
train_audio/houspa/iNat1441584.ogg,iNat1441584.ogg,houspa,House Sparrow,Passer domesticus,test,4.8994375,0.038974565,0.012960599,0.0809894773004886,0.04823712795822806,1972.5490209754737,588.119193649913,2121.504980616476,292.4266526360171,3737.123371335505,797.2040089452981
train_audio/houspa/iNat1362595.ogg,iNat1362595.ogg,houspa,House Sparrow,Passer domesticus,test,0.1045,0.51390755,0.117667004,0.06954520089285714,0.015499937960191015,2010.302013996815,78.2768274119453,1745.543480089301,103.62631324270869,3339.285714285714,239.84891742256315
train_audio/houspa/XC697951.ogg,XC697951.ogg,houspa,House Sparrow,Passer domesticus,test,44.304,0.005730432,0.013682032,0.2591992540049639,0.028513169349786465,4659.140280247021,425.2213043429302,2483.4895666184675,728.8527826472773,6665.106046931408,1307.9620649714268
train_audio/houspa/iNat211196.ogg,iNat211196.ogg,houspa,House Sparrow,Passer domesticus,test,8.70834375,0.010903427,0.009132723,0.03887704271788991,0.035248648033235526,1554.1358869273186,553.1172218266014,2349.7476805565016,405.2674065873627,3108.6869266055046,1094.320571834563
train_audio/houspa/XC823481.ogg,XC823481.ogg,houspa,House Sparrow,Passer domesticus,test,114.19340625,0.032527085,0.035961762,0.27430933308086997,0.03196125297013604,5026.4257357082,488.89602709594374,2433.145515022262,520.1845600846635,6917.877906976744,1415.7349912365873
train_audio/houspa/iNat933791.ogg,iNat933791.ogg,houspa,House Sparrow,Passer domesticus,test,21.681625,0.00347175,0.0011178476,0.10233741242625369,0.04708642593150867,2379.005834510491,502.2189854680133,2272.3146086008355,189.2175485237537,4739.514196165192,691.3847086561505
train_audio/houspa/iNat1364301.ogg,iNat1364301.ogg,houspa,House Sparrow,Passer domesticus,test,0.1045,0.41780254,0.09359918,0.17926897321428573,0.03857945313313471,3509.7634266089767,74.33744876254273,2468.6259419292983,82.82802806555749,4500.0,173.9926363384382
train_audio/houspa/XC381851.ogg,XC381851.ogg,houspa,House Sparrow,Passer domesticus,test,5.041625,0.012600712,0.03707564,0.15572463409810128,0.04328317189339375,3023.7577243267406,597.8037393703803,2306.0696910118045,406.04474979122546,4878.115110759493,1106.461662531426
train_audio/houspa/XC129573.ogg,XC129573.ogg,houspa,House Sparrow,Passer domesticus,test,24.192,0.03886722,0.035939757,0.14866308400115663,0.08842454034404863,3085.2575375296788,952.140063964745,2483.5245816771203,426.8368362024309,4813.150611368143,771.1092494047482
train_audio/houspa/iNat1012622.ogg,iNat1012622.ogg,houspa,House Sparrow,Passer domesticus,test,7.73225,0.0042296485,0.0015049897,0.035352974883780995,0.016658855615619982,2695.8510137716885,408.1754483987795,3974.625637504653,231.16829823123177,7366.412706611571,1015.8821913696249
train_audio/houspa/XC629852.ogg,XC629852.ogg,houspa,House Sparrow,Passer domesticus,test,25.848,0.019762963,0.016564453,0.033219139174659656,0.027733431873761698,1323.628310709027,576.6648033863707,1740.0213187600843,326.0994703689276,2960.0189511138615,1156.6382872914749
train_audio/houspa/XC392771.ogg,XC392771.ogg,houspa,House Sparrow,Passer domesticus,test,17.2408125,0.014116806,0.017892238,0.24966073965097402,0.08135073238604709,5156.912465065534,939.0800130589544,3371.629672204456,751.4441351293494,8696.660482374768,2420.6033395378936
train_audio/houspa/iNat1653162.ogg,iNat1653162.ogg,houspa,House Sparrow,Passer domesticus,test,17.7865,0.08467502,0.028345821,0.1341622990669964,0.03992711782655343,3614.5146134488664,418.2882596751753,3467.444150894795,229.3376342529269,6586.6541142086335,981.1412064559781
train_audio/houspa/iNat70396.ogg,iNat70396.ogg,houspa,House Sparrow,Passer domesticus,test,12.5714375,0.0125591,0.0048589227,0.03829466841603053,0.037341965858361,1944.8815784008436,652.2481949286221,3016.3660933762108,346.6811320590121,4022.4833015267177,1409.4761693416665
train_audio/houspa/iNat424740.ogg,iNat424740.ogg,houspa,House Sparrow,Passer domesticus,test,44.3036875,0.057778124,0.056772895,0.03145702137504514,0.03195993148111364,1625.9443055807915,914.4125232922327,2377.8277732563815,618.0158731856674,3329.016567352835,2170.1970097103826
train_audio/houspa/iNat1484571.ogg,iNat1484571.ogg,houspa,House Sparrow,Passer domesticus,test,10.33290625,0.038595766,0.00986741,0.2164506941756966,0.03167041031100583,4459.592927495653,254.288312072273,3504.3339977593555,200.23315953795768,7706.777283281734,562.3520699062775
train_audio/houspa/iNat389089.ogg,iNat389089.ogg,houspa,House Sparrow,Passer domesticus,test,11.79575,0.108451284,0.03765765,0.0106396352049458,0.010130294479565075,582.1724501743045,490.77938677020205,1496.4079397074786,594.1629565440767,796.1974932249323,1326.4579113130233
train_audio/houspa/XC861693.ogg,XC861693.ogg,houspa,House Sparrow,Passer domesticus,test,42.97415625,0.011205391,0.022906637,0.25932206347728964,0.04788881024089188,5415.337106983024,908.3986376773541,3813.523055457786,910.6862348170779,9945.347403201788,2700.030049419117
train_audio/houspa/iNat936503.ogg,iNat936503.ogg,houspa,House Sparrow,Passer domesticus,test,15.0399375,0.001382066,0.00046187697,0.08835605053191489,0.05749642558731404,3898.639366338311,1069.1249117900516,4667.629969132439,337.7013298327645,10385.355718085106,1342.9857442105665
train_audio/houspa/iNat861769.ogg,iNat861769.ogg,houspa,House Sparrow,Passer domesticus,test,25.312,0.0030671093,0.004814234,0.07240720497078332,0.03655726011349225,2465.1864729379963,438.5881860926383,3164.8793731636792,295.08365030811404,5056.478995578016,1118.3407998705718
train_audio/houspa/iNat947411.ogg,iNat947411.ogg,houspa,House Sparrow,Passer domesticus,test,36.22315625,0.0044984994,0.015801992,0.1374475054521864,0.03975138508657609,4025.7379614757524,440.7231881450818,4107.471217293195,837.7404528027636,9334.294942579505,1920.4146647942696
train_audio/houspa/iNat1409352.ogg,iNat1409352.ogg,houspa,House Sparrow,Passer domesticus,test,0.1045,0.42577717,0.10257832,0.12562779017857142,0.03088681679350017,2601.3955319244656,121.9055116879571,2382.843573706163,106.62440062643348,4366.071428571428,315.26202861060426
train_audio/houspa/iNat663904.ogg,iNat663904.ogg,houspa,House Sparrow,Passer domesticus,test,11.84,0.00572945,0.0066561857,0.05745179128711201,0.08090907182040723,2077.4786879109256,1081.4760983739322,2946.5746088254036,452.2549727234038,4119.580802968961,1774.310522318092
train_audio/houspa/iNat1054025.ogg,iNat1054025.ogg,houspa,House Sparrow,Passer domesticus,test,18.048,0.057967126,0.020176904,0.07363964584255979,0.06627693189942924,2418.179655020423,790.3272753624854,2992.745489583202,572.3422887879852,4642.119685562445,1462.9717320124491
train_audio/houspa/iNat728035.ogg,iNat728035.ogg,houspa,House Sparrow,Passer domesticus,test,18.936,0.0072211977,0.004828415,0.045193234005489864,0.04327755014229423,1409.3158249079015,620.8446516263552,1958.5532530174462,389.57229698301217,2681.4558699324325,1199.0822895246567
train_audio/houspa/iNat558741.ogg,iNat558741.ogg,houspa,House Sparrow,Passer domesticus,test,13.1889375,0.03995825,0.0120768035,0.061549479166666664,0.03540204534784261,2155.4897536760845,626.0189942032654,2677.7561662877374,457.31902245261426,4447.424242424242,1344.0286863720926
train_audio/houspa/iNat1532621.ogg,iNat1532621.ogg,houspa,House Sparrow,Passer domesticus,test,19.5,0.0013591375,0.00036545043,0.07651515394278097,0.04671405055088075,3693.330842322741,558.1465043943047,4280.986813524603,187.6632972295844,8825.792145200985,621.0038795590008
train_audio/houspa/iNat1468434.ogg,iNat1468434.ogg,houspa,House Sparrow,Passer domesticus,test,11.07184375,0.0015379834,0.0024503649,0.1783341424313584,0.058743869774756166,4232.87768246401,562.9645800027419,3445.390393184059,1185.609899988085,7902.34375,2930.388207991176
train_audio/houspa/iNat1253531.ogg,iNat1253531.ogg,houspa,House Sparrow,Passer domesticus,test,16.25396875,0.01734657,0.00861861,0.05610764871432087,0.04482878007524286,2172.1988863398524,767.6461199160458,2781.241787726045,412.6368250902176,4490.095964566929,1552.3893006499197
train_audio/houspa/iNat1055728.ogg,iNat1055728.ogg,houspa,House Sparrow,Passer domesticus,test,29.65190625,0.017198656,0.010447542,0.18350920939522652,0.08982070207292123,4463.045810870648,1124.3907686090752,3717.6627704348616,364.9364446904191,8993.190399137002,1399.4726610534626
train_audio/houspa/iNat1057953.ogg,iNat1057953.ogg,houspa,House Sparrow,Passer domesticus,test,9.696,0.027947236,0.011972421,0.04179590969934102,0.06460210492823298,1688.2287213599084,1014.1204913993292,2381.365226898789,430.08682609291185,3798.1105848434927,1635.787467300598
train_audio/houspa/iNat395248.ogg,iNat395248.ogg,houspa,House Sparrow,Passer domesticus,test,10.63475,0.0005509152,0.00025572497,0.09196061442669173,0.027934761500188185,3720.117496674484,497.49868862378264,4210.682973058806,364.3681958382369,9108.975563909775,1172.8356910255925
train_audio/houspa/iNat709328.ogg,iNat709328.ogg,houspa,House Sparrow,Passer domesticus,test,12.16728125,0.02902929,0.028875962,0.10223557100032851,0.0769397205146858,3161.2704418719277,1183.7017621904495,3174.8265045558087,507.3363464500982,6068.454336399474,2130.1411331589456
train_audio/houspa/iNat1247524.ogg,iNat1247524.ogg,houspa,House Sparrow,Passer domesticus,test,10.51865625,0.009327427,0.0034129398,0.0408931836531155,0.03421619699664447,1887.0896782655316,707.0893538810083,2985.961153523751,476.7156951714877,3740.786474164134,1865.7288449456596
train_audio/houspa/iNat633583.ogg,iNat633583.ogg,houspa,House Sparrow,Passer domesticus,test,10.6343125,0.0135921305,0.002783354,0.02311075540413534,0.016172294466271154,1144.3903079642505,414.76559253272956,1960.827315852579,300.298695842076,2371.9454887218044,1340.5598205103965
train_audio/houspa/XC694098.ogg,XC694098.ogg,houspa,House Sparrow,Passer domesticus,test,16.3,0.002607715,0.0038773792,0.27351848089425906,0.06793842085694075,5444.735131417124,1069.2115684672112,3482.080796588244,758.4158537078428,9499.095314033366,2564.5024847589134
train_audio/houspa/XC973993.ogg,XC973993.ogg,houspa,House Sparrow,Passer domesticus,test,10.44,0.0047959443,0.0019184527,0.32330275531202146,0.042386552090416973,6734.079207951466,434.086472379002,4867.008730141511,247.67790231213294,12844.037136294028,528.8255484288262
train_audio/houspa/iNat908529.ogg,iNat908529.ogg,houspa,House Sparrow,Passer domesticus,test,15.0,0.0025716696,0.00043557334,0.023801368436833687,0.009642677984552912,1077.9384259908904,208.02026354670932,2120.467664844394,126.42426827367562,1587.919776119403,583.8956745937852
train_audio/houspa/iNat127431.ogg,iNat127431.ogg,houspa,House Sparrow,Passer domesticus,test,9.1175,0.0072819954,0.004699629,0.32562105948464914,0.0951412406762675,5542.25025146414,663.3501615359249,3291.779392157029,478.9467126230889,8133.305921052632,564.1650898935826
train_audio/houspa/iNat979631.ogg,iNat979631.ogg,houspa,House Sparrow,Passer domesticus,test,19.83334375,0.007292383,0.005266119,0.16631883190524194,0.1271200666837041,4408.4829842347035,1689.0899147915236,4347.76400157918,489.2872508187545,9719.984879032258,2134.5294075585
train_audio/houspa/iNat1322154.ogg,iNat1322154.ogg,houspa,House Sparrow,Passer domesticus,test,3.63996875,0.026794393,0.0067467093,0.040985642817982455,0.04869917204360154,1435.0622466672708,833.670228956439,2411.56060909901,404.9586100291224,2234.375,1662.1312587786174
train_audio/houspa/iNat1508678.ogg,iNat1508678.ogg,houspa,House Sparrow,Passer domesticus,test,30.9754375,0.0072441236,0.0077470033,0.11615772089682334,0.08551411908255672,4623.221862236579,1156.1167541428063,4629.599296282606,481.367729173941,10527.900632747935,1494.5492258345282
train_audio/houspa/iNat1551547.ogg,iNat1551547.ogg,houspa,House Sparrow,Passer domesticus,test,0.144,0.61617416,0.16537926,0.100341796875,0.028106725901891744,2693.161172639081,296.7449415264971,2645.4048898935457,267.54019063486766,4451.5625,556.2346381305734
train_audio/houspa/iNat1650257.ogg,iNat1650257.ogg,houspa,House Sparrow,Passer domesticus,test,15.70040625,0.024743794,0.011919718,0.041381587321792264,0.013371228306795326,2241.1614133889943,285.8533148411255,3506.97826873217,232.13776421491116,5071.123981670061,1012.8463540693675
train_audio/houspa/iNat981700.ogg,iNat981700.ogg,houspa,House Sparrow,Passer domesticus,test,11.26165625,0.019213626,0.0040606204,0.021739612926136364,0.024533245386846092,1323.7991443003966,549.3913398261377,2350.9720855011146,312.726412168474,2762.761896306818,1055.235048678496
train_audio/houspa/iNat1033766.ogg,iNat1033766.ogg,houspa,House Sparrow,Passer domesticus,test,31.18934375,0.0031364139,0.002639498,0.058352113381410255,0.06286420436853055,1745.2736336905098,1024.1981272440553,2368.9389950898576,654.4569825497659,3115.400641025641,2057.329924930762
train_audio/houspa/iNat1286114.ogg,iNat1286114.ogg,houspa,House Sparrow,Passer domesticus,test,8.30984375,0.0023596426,0.00236306,0.15860971304086538,0.03714733850183385,4218.476751198475,379.39516245579676,4295.8413542354,349.5467209630767,9772.025240384615,1127.3204384323892
train_audio/houspa/iNat847167.ogg,iNat847167.ogg,houspa,House Sparrow,Passer domesticus,test,16.78803125,0.014465982,0.005315839,0.1582133556547619,0.06052840513670147,3096.1980428512597,765.303959157962,2477.01979706676,522.0135648575739,5253.229166666667,1435.9755239192411
train_audio/osprey/iNat1599901.ogg,iNat1599901.ogg,osprey,Osprey,Pandion haliaetus,train,11.6564375,0.0042515122,0.003382557,0.042990183470507544,0.025502765227480118,2055.409235869628,234.26374924459233,2997.6659166267614,332.20009541822816,4451.967592592592,613.9012615017637
train_audio/osprey/XC1049040.ogg,XC1049040.ogg,osprey,Osprey,Pandion haliaetus,train,63.29603125,0.010563445,0.013608967,0.08714950364859743,0.01604483947893107,2514.39473678585,158.76416782154953,3072.728686032674,395.94024618730634,4060.7191369724537,940.3531209277363
train_audio/osprey/iNat1166051.ogg,iNat1166051.ogg,osprey,Osprey,Pandion haliaetus,train,9.58984375,0.105480924,0.06140323,0.011788736979166667,0.006716594300933309,577.598427096563,279.63672583512584,1535.5020396610973,386.83642473339614,775.78125,950.6676185178695
train_audio/osprey/iNat191417.ogg,iNat191417.ogg,osprey,Osprey,Pandion haliaetus,train,3.02778125,0.014957162,0.003916919,0.10616005345394737,0.05653915762914302,2380.8430101116946,498.40824520929965,3189.6999938993554,425.0327606430803,4258.7171052631575,1723.7915231259349
train_audio/osprey/iNat1189377.ogg,iNat1189377.ogg,osprey,Osprey,Pandion haliaetus,train,18.07675,0.0124016935,0.025310155,0.026447127350663718,0.03561560594857928,1626.278013392188,836.2469105755117,3241.5242193594036,773.1219800992393,3139.0071902654868,2587.678935743767
train_audio/osprey/iNat340870.ogg,iNat340870.ogg,osprey,Osprey,Pandion haliaetus,train,15.52,0.0076368824,0.0047360556,0.03371453800849639,0.021344234925049433,2337.7373784288643,523.3569051014839,3384.2910461380643,378.3790746608256,6447.509011328527,1496.2922880376302
train_audio/osprey/iNat286858.ogg,iNat286858.ogg,osprey,Osprey,Pandion haliaetus,train,18.66884375,0.005086266,0.0020677636,0.059279937874892885,0.031009290576074114,2656.7133925743615,574.6701774053535,3290.955687190916,388.1005715168644,6421.151992287918,1027.4581423472691
train_audio/osprey/XC270547.ogg,XC270547.ogg,osprey,Osprey,Pandion haliaetus,train,45.13959375,0.0029995213,0.001734935,0.10186235521128632,0.04880487918128367,2656.730633293651,673.2061986840857,2915.8275940906615,386.51075927883056,5046.387756909993,1518.9482421784462
train_audio/osprey/iNat271040.ogg,iNat271040.ogg,osprey,Osprey,Pandion haliaetus,train,13.21215625,0.04699775,0.03443569,0.029036773607748183,0.022084005017098375,1599.8614630336601,866.8152848595355,2687.7653842704012,748.5290778144138,3388.4117736077483,2627.0786610063974
train_audio/osprey/iNat773215.ogg,iNat773215.ogg,osprey,Osprey,Pandion haliaetus,train,61.8,0.015572627,0.021256214,0.06494431343838986,0.056465348721737245,2423.1590677198265,1042.0064025388929,3161.475706882937,652.9028886424682,5315.4607817758215,2368.22673518377
train_audio/osprey/iNat63124.ogg,iNat63124.ogg,osprey,Osprey,Pandion haliaetus,train,9.525125,0.021836348,0.017830301,0.1004229039953859,0.04343872078252638,2948.235041927923,546.0399464139664,3228.055342185327,295.90701901707894,6349.64869966443,1159.2991427359684
train_audio/osprey/XC344856.ogg,XC344856.ogg,osprey,Osprey,Pandion haliaetus,train,77.21796875,0.014305314,0.017888548,0.10788830649860162,0.04223278784934066,3951.719120364859,725.8475286464343,4360.6802281113,418.0605464521798,9281.097860990263,2053.4081517548184
train_audio/osprey/XC453005.ogg,XC453005.ogg,osprey,Osprey,Pandion haliaetus,train,477.72,0.004684309,0.011863093,0.16191874285681393,0.034507516759102325,3623.3834249060756,484.8362945037584,3268.8273255772383,796.8920997591161,6449.436708754773,1978.682754963349
train_audio/osprey/iNat406878.ogg,iNat406878.ogg,osprey,Osprey,Pandion haliaetus,train,8.03359375,0.00924969,0.002691868,0.018042137798210737,0.019203222383373828,1314.5225754274018,528.1532728692188,2507.905552639584,542.3578318432184,2495.8064115308152,1539.4388468653012
train_audio/osprey/iNat747111.ogg,iNat747111.ogg,osprey,Osprey,Pandion haliaetus,train,25.6798125,0.0034178295,0.0031071065,0.0839661214953271,0.04784068639246518,2877.561733102593,1002.9376975874013,3446.9907181021986,632.7555248279534,6185.533489096573,2436.7379320640835
train_audio/osprey/iNat1203284.ogg,iNat1203284.ogg,osprey,Osprey,Pandion haliaetus,train,28.1803125,0.001572121,0.0010271567,0.5064294059484961,0.12578782733210184,8645.138590097533,835.163943705356,4458.807288474659,241.70567211849595,13515.589528944382,434.28948957970175
train_audio/osprey/iNat489034.ogg,iNat489034.ogg,osprey,Osprey,Pandion haliaetus,train,6.4375,0.06466828,0.03160594,0.01888182382133995,0.015816756282180423,1818.639372064513,665.6610189174705,3344.2609281867176,445.27971100757014,4438.8570099255585,2327.9749773024214
train_audio/osprey/iNat463650.ogg,iNat463650.ogg,osprey,Osprey,Pandion haliaetus,train,25.00790625,0.02314239,0.008767714,0.0671113368722009,0.032013601611883324,2130.64938080558,449.91485185445043,2595.827983968687,252.33636024603376,4449.976007677543,932.4280250384925
train_audio/osprey/iNat1394694.ogg,iNat1394694.ogg,osprey,Osprey,Pandion haliaetus,train,7.8506875,0.065470375,0.052738424,0.014356065427698574,0.01171273940172246,772.2136775957559,490.7608228204656,1591.1449400359609,551.2692282376994,1345.3729633401222,1296.487451956783
train_audio/osprey/XC478513.ogg,XC478513.ogg,osprey,Osprey,Pandion haliaetus,train,30.798375,0.0034715815,0.006000786,0.1309489143668831,0.0585440851941856,3444.346131906512,1010.8843999126518,3979.7567775896364,673.8483256852775,7998.027597402597,3031.313727849544
train_audio/osprey/iNat524496.ogg,iNat524496.ogg,osprey,Osprey,Pandion haliaetus,train,8.219875,0.023694765,0.016620994,0.030949811527237355,0.020047682828972856,1904.8783272377946,654.2115222930975,2910.8342142358297,452.7491315063912,4566.543044747082,1825.3311852204647
train_audio/osprey/iNat1538892.ogg,iNat1538892.ogg,osprey,Osprey,Pandion haliaetus,train,9.57996875,0.008790754,0.007109411,0.035667355749165276,0.0423081940357143,2463.8714267820637,1292.21874427432,4087.7611367024156,841.5271541645765,6026.215567612688,4133.4579737531285
train_audio/osprey/XC716729.ogg,XC716729.ogg,osprey,Osprey,Pandion haliaetus,train,8.51590625,0.0065314863,0.012187426,0.21852921992260788,0.04864745662650064,4466.901609625185,740.3584528414889,3008.4666326835536,489.94532301832976,7611.016651031895,1591.1949598697545
train_audio/osprey/iNat458395.ogg,iNat458395.ogg,osprey,Osprey,Pandion haliaetus,train,9.9149375,0.017968787,0.02813753,0.03594852570564516,0.04226317225827711,1660.9767114142214,911.1585174573712,2793.9640198790494,725.6918200993138,3143.1955645161293,2537.599005906708
train_audio/osprey/iNat1035044.ogg,iNat1035044.ogg,osprey,Osprey,Pandion haliaetus,train,24.00846875,0.014140204,0.014902736,0.03909275326865423,0.04172108928309779,1723.3258718452653,1074.580523300269,2870.3557882946257,814.5166291735499,3643.2690706195867,2876.718930248902
train_audio/osprey/iNat1282345.ogg,iNat1282345.ogg,osprey,Osprey,Pandion haliaetus,train,46.47184375,0.019883834,0.024559764,0.03271786924483649,0.028729524510642045,1296.4344841151865,614.5979155557659,1974.3087191367308,449.79068057981624,2685.3001290877796,1407.0328971547742
train_audio/osprey/iNat67670.ogg,iNat67670.ogg,osprey,Osprey,Pandion haliaetus,train,3.4320625,0.031996675,0.033621516,0.14179460392441862,0.019108669880835965,3775.1339533785263,483.82352693547307,3783.0232125610146,680.0814771957322,8142.805232558139,2138.841562591974
train_audio/osprey/iNat195273.ogg,iNat195273.ogg,osprey,Osprey,Pandion haliaetus,train,3.432,0.026955586,0.020687323,0.07785928415697674,0.04902073351352028,1776.0053581059612,717.0454732690006,2211.650838894751,386.2435901199934,2762.6453488372094,1306.4372281338083
train_audio/osprey/iNat790339.ogg,iNat790339.ogg,osprey,Osprey,Pandion haliaetus,train,50.9678125,0.022279292,0.020510405,0.07179512172394853,0.02689861085566732,2403.0148866246896,540.7480729165071,2827.381967892226,460.41237444497006,5550.303083804143,1420.733939708102
train_audio/osprey/iNat340871.ogg,iNat340871.ogg,osprey,Osprey,Pandion haliaetus,train,13.78134375,0.012270111,0.008955387,0.08923198230858469,0.058680048757968575,2312.0404891344597,722.259263653064,2497.426446744311,420.9041372982935,4202.689965197216,1209.138233650337
train_audio/osprey/iNat980964.ogg,iNat980964.ogg,osprey,Osprey,Pandion haliaetus,train,17.4381875,0.010306448,0.005189779,0.04225514263188073,0.03787309630390758,1540.1824150218943,654.4583333058174,2292.6934676375795,352.1977300916294,2476.6198394495414,1548.6687488550817
train_audio/osprey/iNat539305.ogg,iNat539305.ogg,osprey,Osprey,Pandion haliaetus,train,8.16,0.16912907,0.06083331,0.017674634601272016,0.018571565699243293,712.8986549036431,298.3712019586085,1583.452394736259,425.12779423837827,1146.3735322896282,797.930666600406
train_audio/osprey/iNat624555.ogg,iNat624555.ogg,osprey,Osprey,Pandion haliaetus,train,5.041,0.009322391,0.0032743735,0.11035001730617089,0.09739339484178983,2503.0254685366267,1230.7073824783724,2778.050737468024,449.54481832241026,4390.921677215189,2191.483130194177
train_audio/osprey/iNat1153593.ogg,iNat1153593.ogg,osprey,Osprey,Pandion haliaetus,train,15.9056875,0.037557423,0.0065457034,0.0350394550879397,0.01474324389192856,1171.6582573704914,187.59033552508444,1785.4265649078463,196.75785689633386,1931.8153266331658,477.79544548230785
train_audio/osprey/iNat1416749.ogg,iNat1416749.ogg,osprey,Osprey,Pandion haliaetus,train,5.4843125,0.032354437,0.012112398,0.02358555029154519,0.012039134013387878,1426.5981134018796,492.8740702195795,2661.238111471794,592.5842895995964,2666.0440962099124,1571.1305541898178
train_audio/osprey/iNat1099131.ogg,iNat1099131.ogg,osprey,Osprey,Pandion haliaetus,train,5.2476875,0.009268791,0.00668722,0.04023556592987805,0.0256385490724911,1505.1381354397358,339.1074257950268,2318.1698872698776,198.99098309786962,2781.5834603658536,849.0076084164839
train_audio/osprey/iNat426413.ogg,iNat426413.ogg,osprey,Osprey,Pandion haliaetus,train,153.7,0.029047703,0.05038822,0.060917190102269175,0.05286905695865953,1722.8595050579036,869.1013006528293,1873.625551044162,528.317643863769,3489.8153690017693,1817.1267949587586
train_audio/osprey/XC465327.ogg,XC465327.ogg,osprey,Osprey,Pandion haliaetus,train,14.88978125,0.0026027057,0.0038476004,0.19763694951664876,0.04037517858025464,4083.552063053185,733.7726762855276,2628.4265657809137,619.0018259324282,6619.142722878625,1850.1667463267438
train_audio/osprey/iNat1578897.ogg,iNat1578897.ogg,osprey,Osprey,Pandion haliaetus,train,12.26015625,0.006571087,0.002975972,0.06814483682366362,0.03678343462869316,1856.3369797385405,770.0747039442838,2278.26177474845,580.0056991669184,3235.9232398956974,1823.8331788359324
train_audio/osprey/XC573484.ogg,XC573484.ogg,osprey,Osprey,Pandion haliaetus,train,8.176,0.017065786,0.032395996,0.24670028686523438,0.04707177884416736,4659.57532108491,812.0216840686797,2666.1312292421553,836.0366069678984,7117.462158203125,1946.836291985757
train_audio/osprey/iNat46084.ogg,iNat46084.ogg,osprey,Osprey,Pandion haliaetus,train,3.168,0.0044147465,0.000605217,0.0691936243718593,0.022167381143276824,2682.8716121948337,413.30502737776396,3471.168007297976,171.1420904341174,6566.504396984925,736.4877006610586
train_audio/osprey/XC698949.ogg,XC698949.ogg,osprey,Osprey,Pandion haliaetus,train,40.2,0.268279,0.099800155,0.013636317710405889,0.01968863614914899,1371.8464337814396,538.227289220508,2886.941097745733,492.76494255258234,2629.9181754874653,1582.4787194176274
train_audio/osprey/iNat1697529.ogg,iNat1697529.ogg,osprey,Osprey,Pandion haliaetus,train,0.05225,1.1616178e-05,1.1583155e-06,0.372802734375,0.0731807196495366,8087.541478881601,50.93691025575078,4487.432371016246,41.32732656397759,13535.15625,230.27004145608586
train_audio/osprey/XC169234.ogg,XC169234.ogg,osprey,Osprey,Pandion haliaetus,train,6.312,0.009653185,0.025326127,0.33521434928797467,0.1061440485854496,6278.078323227361,1327.7556526092776,4483.248649222912,775.5837269871123,11919.343354430379,2690.5333225805402
train_audio/osprey/iNat376661.ogg,iNat376661.ogg,osprey,Osprey,Pandion haliaetus,train,50.725,0.06038124,0.0717602,0.03274256075567644,0.024574276627610712,1165.0423281717904,630.0149360699166,1626.2663424182128,542.1210315657185,2444.7433774834435,1676.4350136436346
train_audio/osprey/iNat955263.ogg,iNat955263.ogg,osprey,Osprey,Pandion haliaetus,train,38.08075,0.02595722,0.009998726,0.048426795135972284,0.01787029286641614,1701.5314265913662,526.2848821007618,2345.103141871136,610.770099089005,3386.471020579588,1489.8025768984674
train_audio/osprey/iNat956573.ogg,iNat956573.ogg,osprey,Osprey,Pandion haliaetus,train,27.37634375,0.0207327,0.018063033,0.05704876195604556,0.03241661569028436,3000.2146480399624,954.2201594060964,4268.96018922983,599.9400696774052,8435.975832359813,3081.217570925459
train_audio/osprey/iNat1612780.ogg,iNat1612780.ogg,osprey,Osprey,Pandion haliaetus,train,3.39590625,0.006823109,0.0019271781,0.04872038218896713,0.08222963451150116,1117.7395014715883,1259.1427667573812,2085.1525653614494,565.0341740997163,1942.1214788732395,2514.7945564066335
train_audio/osprey/iNat130206.ogg,iNat130206.ogg,osprey,Osprey,Pandion haliaetus,train,5.22221875,0.03262571,0.02558059,0.03211606460244648,0.02625736308600828,1947.0261152373307,916.4260242498534,2992.5429165879136,566.131464884824,4168.816896024465,2174.7617924161564
train_audio/osprey/XC131039.ogg,XC131039.ogg,osprey,Osprey,Pandion haliaetus,train,22.12571875,0.022485765,0.02443996,0.08840715100777295,0.03923057727637603,2336.818505824409,442.1420703322179,2737.8152070452015,289.8585884424207,4126.79636659436,1046.3605424695706
train_audio/osprey/XC166110.ogg,XC166110.ogg,osprey,Osprey,Pandion haliaetus,train,212.904,0.01295205,0.019581817,0.2210363025569249,0.05836022337141265,5084.3644269017195,1036.656926646477,3496.942973061984,728.1469950071591,9061.989225595551,2807.343178972335
train_audio/osprey/iNat1398129.ogg,iNat1398129.ogg,osprey,Osprey,Pandion haliaetus,train,0.03484375,0.22005755,0.018233037,0.11702473958333333,0.005754449716687399,3547.4917530698362,334.4734274262232,2339.1285154360958,261.11581686542985,4770.833333333333,51.559869461519085
train_audio/osprey/XC488607.ogg,XC488607.ogg,osprey,Osprey,Pandion haliaetus,train,31.584,0.0010941435,0.0006629469,0.21629994066455696,0.05207275996893484,5476.280399943755,483.06866538850943,4887.714495398476,204.77011105295662,12244.23259493671,783.8674441445985
train_audio/osprey/iNat642601.ogg,iNat642601.ogg,osprey,Osprey,Pandion haliaetus,train,13.4305625,0.0029070212,0.0037695442,0.24156145368303572,0.08733283139358777,5292.668061895336,1087.6689113187751,4427.905733179564,348.11838332711216,10596.186755952382,1458.9862122325096
train_audio/osprey/iNat1183228.ogg,iNat1183228.ogg,osprey,Osprey,Pandion haliaetus,train,13.86234375,0.0015508587,0.00031531882,0.10478785953719723,0.03068956476651093,3490.1100216341893,629.898618385058,3757.845653359654,432.24867139528516,7460.766291810842,1618.0246403268193
train_audio/osprey/iNat303203.ogg,iNat303203.ogg,osprey,Osprey,Pandion haliaetus,train,10.9714375,0.015759619,0.019308344,0.13329722234876093,0.05337002895438137,3570.926839860038,517.2166913877766,3431.359154455554,248.19771271640852,6101.22084548105,899.5632983304848
train_audio/osprey/XC599672.ogg,XC599672.ogg,osprey,Osprey,Pandion haliaetus,train,147.048,0.006454664,0.016286591,0.14284949271026004,0.058880926233915346,3767.5564165501,978.0884592628643,3980.678426061108,665.6108619629427,8558.074815036449,2512.4674135016344
train_audio/osprey/XC124926.ogg,XC124926.ogg,osprey,Osprey,Pandion haliaetus,train,10.03103125,0.053788815,0.038457613,0.4372430098684211,0.07771283641274129,7495.422291918126,578.8600688009527,4464.206150619912,175.21024755709453,13106.858054226475,506.72096237382254
train_audio/osprey/iNat469808.ogg,iNat469808.ogg,osprey,Osprey,Pandion haliaetus,train,21.8964375,0.0062273373,0.0081165545,0.07162183562363039,0.04753642066535906,2574.162238154087,817.8499661212825,3081.5648406618598,471.8818262342872,5066.55177136596,1496.0777401803468
train_audio/osprey/XC139849.ogg,XC139849.ogg,osprey,Osprey,Pandion haliaetus,train,140.98284375,0.026630763,0.07344728,0.03535384543094644,0.03974550539827701,1571.2255519650178,622.6800257268751,2106.162326731262,384.8941949956464,3041.5395908987743,716.6964475717504
train_audio/osprey/iNat1638851.ogg,iNat1638851.ogg,osprey,Osprey,Pandion haliaetus,train,9.72915625,0.006149223,0.0015319161,0.14069395268883417,0.045354337578077636,4545.278645158234,787.2088612225726,4197.550146637213,199.76046993993413,9617.918719211822,705.6496354113998
train_audio/osprey/iNat1369449.ogg,iNat1369449.ogg,osprey,Osprey,Pandion haliaetus,train,14.5589375,0.023814809,0.01574198,0.2204058636675824,0.1879385258162226,5395.702364008452,2436.170967319602,4593.614638434085,601.3283328946824,11079.412774725275,2177.823896020808
train_audio/osprey/iNat1148717.ogg,iNat1148717.ogg,osprey,Osprey,Pandion haliaetus,train,19.528,0.044586774,0.051279355,0.04931120751433252,0.051537337670821824,1580.0549821559528,873.2816416217138,2139.9584363173985,630.8067729891351,3117.2578828828828,1873.1542722157917
train_audio/osprey/iNat525638.ogg,iNat525638.ogg,osprey,Osprey,Pandion haliaetus,train,35.54978125,0.0521287,0.03734137,0.017552634169666965,0.011128047679952045,1629.4718877199502,657.2833418034292,3224.195157841664,621.6049084329833,3612.813625112511,2697.7523575498312
train_audio/osprey/iNat1004549.ogg,iNat1004549.ogg,osprey,Osprey,Pandion haliaetus,train,0.144,0.35275704,0.14003573,0.111669921875,0.029789198304113636,2126.896848099557,196.52973887595098,1514.108341328686,461.9121081689052,3235.9375,138.4290347298933
train_audio/osprey/iNat1382549.ogg,iNat1382549.ogg,osprey,Osprey,Pandion haliaetus,train,33.36709375,0.0043627517,0.0013288765,0.045862389890939596,0.04378874487942379,1503.0478384850785,577.8381001797229,1759.7571087849867,233.83017327917176,3495.2585690316396,1004.8044959408259
train_audio/osprey/XC670355.ogg,XC670355.ogg,osprey,Osprey,Pandion haliaetus,train,89.75675,0.06383372,0.0015183832,0.00022325158756684492,0.0069547992239097885,754.4249657310554,279.34421560245306,2176.986969102304,117.18207947856399,877.200311942959,1206.6885242730214
train_audio/osprey/iNat1398357.ogg,iNat1398357.ogg,osprey,Osprey,Pandion haliaetus,train,10.15453125,0.018399142,0.016514068,0.03374215674212598,0.027460594070639836,1421.256795789653,497.30181508875626,2490.5678903662983,487.72028710786157,2667.765748031496,1127.0761341643195
train_audio/osprey/XC760075.ogg,XC760075.ogg,osprey,Osprey,Pandion haliaetus,train,16.52959375,0.006705683,0.005067044,0.2464573636968085,0.028501088859029293,5435.159045555508,434.12724825021013,3983.320765040983,320.97962563465035,10542.3416344294,1148.384913747756
train_audio/osprey/iNat1666564.ogg,iNat1666564.ogg,osprey,Osprey,Pandion haliaetus,train,28.5823125,0.0016248875,0.0006864961,0.11301128812255176,0.03902664076070706,3454.971671995247,387.8751197757995,3563.844018674288,208.13799938155245,7133.437674874091,700.0883496759095
train_audio/osprey/iNat1604222.ogg,iNat1604222.ogg,osprey,Osprey,Pandion haliaetus,train,44.04828125,0.0052041924,0.0057548797,0.17237445108251634,0.08885883728226027,4480.005859280822,955.8169823899573,4020.922172469904,291.4622230323351,9293.329021423384,1364.6700958804827
train_audio/osprey/iNat32830.ogg,iNat32830.ogg,osprey,Osprey,Pandion haliaetus,train,16.1175625,0.006636415,0.0033210209,0.026611328125,0.03837005625361242,1485.1327594418556,471.75285607746446,2777.4739782918773,329.13107694726847,2554.315476190476,1093.8633095461705
train_audio/osprey/XC523461.ogg,XC523461.ogg,osprey,Osprey,Pandion haliaetus,train,13.531,0.0066182134,0.0056918594,0.06650783096926714,0.05837815606574895,2675.028916807604,566.7560266440811,3616.850752085499,612.4605637434028,6226.710254137116,1596.232854616585
train_audio/osprey/iNat187766.ogg,iNat187766.ogg,osprey,Osprey,Pandion haliaetus,train,7.4375,0.0034479774,0.0033446588,0.0643649193548387,0.024921688622727402,1587.6258230206784,306.0683215777265,2066.635279829639,313.1683200242423,2599.1263440860216,650.4410991674009
train_audio/osprey/iNat916946.ogg,iNat916946.ogg,osprey,Osprey,Pandion haliaetus,train,35.18984375,0.005983724,0.001984438,0.03529629794034091,0.02389832576155978,1228.862250301833,390.3380413240423,1915.957874863809,293.0364492888701,2176.7329545454545,761.5293207188848
train_audio/osprey/iNat282493.ogg,iNat282493.ogg,osprey,Osprey,Pandion haliaetus,train,15.336,0.016586756,0.007974778,0.3669140828662669,0.09325003314201331,6890.000369550357,847.7293910258119,4205.2735193586395,219.84302106941973,11467.365093847759,932.4487914255736
train_audio/osprey/iNat956571.ogg,iNat956571.ogg,osprey,Osprey,Pandion haliaetus,train,17.879375,0.031301152,0.040585477,0.08174081437276387,0.054546439344738386,3848.385607313649,1468.7578610600724,4664.3240404195185,720.3167440906011,9673.146802325582,3532.079103220974
train_audio/osprey/iNat342797.ogg,iNat342797.ogg,osprey,Osprey,Pandion haliaetus,train,18.91265625,0.0083175115,0.0033857168,0.07204397915786137,0.025541959177564997,3165.8665193215065,361.92170815871094,4036.007027654198,259.74470550707764,7883.783284023669,1074.543351876201
train_audio/osprey/XC272311.ogg,XC272311.ogg,osprey,Osprey,Pandion haliaetus,train,12.32978125,0.10812317,0.15495855,0.04926510821984436,0.04181518194559608,2126.30541240003,916.5088228519685,2879.7389950616557,478.9586259090465,3941.6342412451363,2145.8644223100773
train_audio/osprey/iNat1055509.ogg,iNat1055509.ogg,osprey,Osprey,Pandion haliaetus,train,23.8236875,0.029822554,0.011589221,0.024130734763263936,0.010279169589217086,1262.2254459846213,391.12796814501155,2081.3858700801475,448.75932649596194,2513.9040463398255,925.9396037214066
train_audio/osprey/iNat1005057.ogg,iNat1005057.ogg,osprey,Osprey,Pandion haliaetus,train,15.65025,0.010468399,0.01012043,0.02718115583503575,0.020078021820566238,2043.9811741135636,690.7028539609432,3206.5650760433527,454.81926627743695,4771.498340143003,1995.9573489454053
train_audio/osprey/iNat525089.ogg,iNat525089.ogg,osprey,Osprey,Pandion haliaetus,train,4.296,0.049858432,0.017815324,0.09640922688197026,0.11022947070254191,2141.598111560011,1370.9300374775103,2587.1440943819784,470.94239252569207,4524.221654275093,2204.5144063321054
train_audio/osprey/iNat447669.ogg,iNat447669.ogg,osprey,Osprey,Pandion haliaetus,train,12.16728125,0.016986422,0.0069736745,0.11972386764947437,0.05463114267512308,3147.7189174942223,532.8714977040157,3270.7970309835146,412.93701538712594,6339.766754270697,1262.4783373351988
train_audio/osprey/iNat246527.ogg,iNat246527.ogg,osprey,Osprey,Pandion haliaetus,train,7.015125,0.015853843,0.00419422,0.05301132723519362,0.023815216663282655,1940.6917225437198,193.1115845509546,2650.4860906003505,147.44934173850012,3484.125854214123,308.69956329641224
train_audio/osprey/iNat1404543.ogg,iNat1404543.ogg,osprey,Osprey,Pandion haliaetus,train,6.5555625,0.027292008,0.021072855,0.10748975800304877,0.0524358143232341,2830.5993842349917,515.616618109636,2914.6399467984284,383.03715661390663,5387.690548780488,999.6249472411914
train_audio/osprey/iNat797134.ogg,iNat797134.ogg,osprey,Osprey,Pandion haliaetus,train,13.08334375,0.034115728,0.010625316,0.4706619374617971,0.04232578077138701,7760.532181970302,556.8155463322471,3765.6397606779806,265.02379949002045,11458.034077017115,615.767947582398
train_audio/osprey/iNat1368154.ogg,iNat1368154.ogg,osprey,Osprey,Pandion haliaetus,train,85.7730625,0.039775766,0.042172827,0.023267544243144936,0.017628289875772626,1762.6443115273303,933.8373317645284,3345.2974081999027,918.8845993384383,3942.0962740160417,3540.7967955244776
train_audio/osprey/iNat626122.ogg,iNat626122.ogg,osprey,Osprey,Pandion haliaetus,train,6.56,0.015234003,0.013595237,0.040129352950121655,0.06386195970109977,1384.3805106603768,1019.727857318988,2206.4201825364344,441.98501342918377,2410.4318734793187,2091.0979885567886
train_audio/osprey/iNat1115947.ogg,iNat1115947.ogg,osprey,Osprey,Pandion haliaetus,train,27.70140625,0.045835584,0.06518926,0.04204208691180716,0.03909378193224953,1948.950773146561,959.3614541767397,2802.392398302583,685.9956090051381,4134.824263856813,2238.6769596239014
train_audio/osprey/iNat1314671.ogg,iNat1314671.ogg,osprey,Osprey,Pandion haliaetus,train,10.91046875,0.012986094,0.0055462075,0.06045666468108504,0.06070793171843905,2769.5585549623906,741.6835303915828,3846.884016914572,567.7677391070491,6359.191715542522,2339.592162580819
train_audio/osprey/iNat34675.ogg,iNat34675.ogg,osprey,Osprey,Pandion haliaetus,train,26.4243125,0.022717964,0.005884315,0.015983821693401935,0.011403052517370062,1136.0761970767526,270.7294865021349,2242.6161651976377,218.78893764452934,2002.5348062953994,626.1259959358865
train_audio/osprey/iNat733353.ogg,iNat733353.ogg,osprey,Osprey,Pandion haliaetus,train,24.5899375,0.05102705,0.016694192,0.016194608510897854,0.011105617815639235,1232.5745498898862,432.57828578942156,2254.5533293100993,421.30605472197556,2642.068558880937,1404.8711025512832
train_audio/osprey/iNat374578.ogg,iNat374578.ogg,osprey,Osprey,Pandion haliaetus,train,21.82678125,0.0057744747,0.0055349683,0.0876294929029304,0.033144174853155024,2804.740812411665,455.1696040200884,3181.6009237129965,328.5212304177284,5938.530219780219,1161.4241769081304
train_audio/osprey/iNat762344.ogg,iNat762344.ogg,osprey,Osprey,Pandion haliaetus,train,5.59603125,0.01277245,0.013741272,0.07632254464285715,0.050193362826797566,3489.675628486604,1184.477244528174,5040.0569513825485,599.4990488403816,10358.92857142857,4113.779018626838
train_audio/osprey/XC448626.ogg,XC448626.ogg,osprey,Osprey,Pandion haliaetus,train,7.47103125,0.03744574,0.039264657,0.3191456437366167,0.06425690497154811,6155.59382816039,694.5276141152935,3899.0547129456477,354.27524473017917,10971.560492505354,1175.5127093196968
train_audio/osprey/iNat1729203.ogg,iNat1729203.ogg,osprey,Osprey,Pandion haliaetus,train,13.584,0.009453468,0.005826205,0.08514935661764705,0.07640579403487006,2001.4704869573131,969.410209372077,2398.2875768723598,435.94137689206326,3551.011029411765,1877.1493074331445
train_audio/osprey/iNat288776.ogg,iNat288776.ogg,osprey,Osprey,Pandion haliaetus,train,0.20896875,0.47951382,0.08080399,0.12252371651785714,0.03520826786168609,2533.980826444776,452.1834224055416,2277.55342754754,203.38151091038654,4089.285714285714,345.7444459984506
train_audio/osprey/iNat171870.ogg,iNat171870.ogg,osprey,Osprey,Pandion haliaetus,train,18.1231875,0.01678185,0.021229608,0.06877439251434245,0.10534606413249158,1862.6928276423605,1921.7659221376264,2451.2304983713607,1353.4962875301537,3498.648499558694,4181.874339587126
train_audio/osprey/iNat390870.ogg,iNat390870.ogg,osprey,Osprey,Pandion haliaetus,train,44.41978125,0.020841904,0.023937125,0.015283713033399352,0.02094722414079272,748.2183508681582,608.8163936311265,1447.7691115176524,688.4577073825614,1413.6658264314008,1523.418923826088
train_audio/osprey/iNat59041.ogg,iNat59041.ogg,osprey,Osprey,Pandion haliaetus,train,7.032,0.0026496255,0.00065776793,0.10086226029829545,0.029073523546356776,3395.272665331072,408.2445259731119,3788.5215462555093,210.34875512857002,7862.606534090909,722.809289517438
train_audio/osprey/iNat267235.ogg,iNat267235.ogg,osprey,Osprey,Pandion haliaetus,train,14.976875,0.024661023,0.018031282,0.04276499549759872,0.015563974647093184,1515.3967441625405,324.6090705820651,2181.759657753732,290.44365131440185,2559.4650480256137,671.7717681947996
train_audio/osprey/iNat836277.ogg,iNat836277.ogg,osprey,Osprey,Pandion haliaetus,train,11.44746875,0.031461857,0.023694705,0.011151361731843576,0.01391597024132911,675.0833843270456,356.57055343912987,1747.4568542012184,493.02118999097485,893.6365223463687,889.4464497116147
train_audio/osprey/iNat1359848.ogg,iNat1359848.ogg,osprey,Osprey,Pandion haliaetus,train,0.1393125,0.5011713,0.09752092,0.13883463541666666,0.048797733597509135,2911.8575295111204,558.3010178118582,2609.174686770186,277.8865325795422,4635.416666666667,329.2391797766481
train_audio/osprey/iNat747591.ogg,iNat747591.ogg,osprey,Osprey,Pandion haliaetus,train,14.69825,0.0016299301,0.0025510795,0.10986806311207835,0.049470248286345546,3588.193992612365,716.7792448657683,3813.177236430814,527.4589384442859,7725.091811751904,1775.1325527776546
train_audio/osprey/iNat34846.ogg,iNat34846.ogg,osprey,Osprey,Pandion haliaetus,train,11.904,0.017594736,0.0139689995,0.024800755033557047,0.02166067779253385,1222.8169752682702,436.6708372132275,2096.644499681504,365.85329121891453,2071.665268456376,942.2003021928389
train_audio/osprey/XC602075.ogg,XC602075.ogg,osprey,Osprey,Pandion haliaetus,train,34.848,0.04213195,0.032216925,0.2748427371357274,0.08239448625695031,5896.3413364989065,937.0381356733393,3918.629267332126,378.9794808244466,10931.720399265718,1756.8164474088314
train_audio/osprey/iNat752281.ogg,iNat752281.ogg,osprey,Osprey,Pandion haliaetus,train,54.00540625,0.0022655355,0.0028979694,0.1389821129387589,0.028845405255828325,4793.434736782796,642.8976018931506,4333.352379263092,541.4390352432321,10274.242816943128,1710.9955536890354
train_audio/osprey/XC511013.ogg,XC511013.ogg,osprey,Osprey,Pandion haliaetus,train,51.0955,0.020948375,0.015385373,0.16392216118112085,0.035404345799562746,3217.377671208574,235.72218595691047,2684.334700068888,378.5112393074483,5845.550250469631,625.6174060208687
train_audio/osprey/iNat1149141.ogg,iNat1149141.ogg,osprey,Osprey,Pandion haliaetus,train,17.024,0.0016081044,0.0027944595,0.13293353873239436,0.034696233041553774,3721.171915115716,252.03263671202723,3716.8614868148243,700.013575281588,7804.049295774648,1416.1907766746933
train_audio/osprey/iNat748782.ogg,iNat748782.ogg,osprey,Osprey,Pandion haliaetus,train,17.530375,0.028075406,0.021844447,0.016620274007755474,0.016430842335948936,1094.5017101235312,479.6357459815621,2130.802183845963,470.7566324833343,2168.3394160583944,1293.3428406039318
train_audio/osprey/iNat126091.ogg,iNat126091.ogg,osprey,Osprey,Pandion haliaetus,train,7.168,0.0049915165,0.0038256233,0.06855947243875278,0.0553830996607104,2077.4264718698814,526.8674965558797,2539.3756637276324,365.00834515016356,3876.4615812917596,934.461736270114
train_audio/osprey/iNat1507469.ogg,iNat1507469.ogg,osprey,Osprey,Pandion haliaetus,train,10.79453125,0.0004140294,0.00037276788,0.1845290798611111,0.047884355004416325,3851.991085600763,507.13949670517513,3410.7124882695257,176.24758363190801,6613.7037037037035,476.4981529395482
train_audio/osprey/XC265661.ogg,XC265661.ogg,osprey,Osprey,Pandion haliaetus,train,8.016,0.0023671994,0.0012493484,0.250468827813745,0.03735133946709155,4065.749339149774,490.3048139417505,2185.0622610883543,307.4683152140622,6903.853336653387,847.8552617887094
train_audio/osprey/XC518341.ogg,XC518341.ogg,osprey,Osprey,Pandion haliaetus,train,39.836,0.003008579,0.0035272802,0.2645499968624498,0.09370196581038974,6537.598865966291,1143.11364222787,3841.336112543631,720.8785516737265,10870.136797188756,2263.33273166686
train_audio/osprey/iNat745972.ogg,iNat745972.ogg,osprey,Osprey,Pandion haliaetus,train,14.605375,0.08116158,0.06529037,0.02211705486719606,0.02603149849526402,1386.9362937264998,761.2308120965628,2476.3620833450564,623.071832811119,3056.9379791894853,2123.158154652784
train_audio/osprey/iNat1720623.ogg,iNat1720623.ogg,osprey,Osprey,Pandion haliaetus,train,8.542,0.035876013,0.057190593,0.09631393375468165,0.08237924167615765,2372.1958292986665,1182.4044259926013,2709.1714652257756,854.5755484468599,3647.6474719101125,2117.1735321915903
train_audio/osprey/iNat1135797.ogg,iNat1135797.ogg,osprey,Osprey,Pandion haliaetus,train,0.096,0.35419473,0.09335657,0.16357421875,0.044452369831019696,3267.0940204281824,291.91471845790454,2024.7079324813221,341.8208697422252,5136.160714285715,236.18560832877318
train_audio/osprey/iNat441523.ogg,iNat441523.ogg,osprey,Osprey,Pandion haliaetus,train,12.1991875,0.010938959,0.008229523,0.213690561517038,0.01788137091914617,4528.452109500924,309.8752520204439,3555.659379798189,321.1863136401158,8292.042103538663,1126.3006210089106
train_audio/osprey/iNat1047048.ogg,iNat1047048.ogg,osprey,Osprey,Pandion haliaetus,train,11.68,0.0034527981,0.0072153555,0.19428316839090287,0.069231544813716,4370.757408799258,684.0939566357094,3309.152229727877,984.8466215944322,8006.070451436389,2157.5641254748166
train_audio/osprey/XC152360.ogg,XC152360.ogg,osprey,Osprey,Pandion haliaetus,train,54.12571875,0.014236213,0.062331628,0.24387144246046408,0.0595830023792526,5542.589060838813,998.8226582461874,4274.42256954641,595.1907615351486,10993.769398462902,2211.476095485087
train_audio/osprey/XC799597.ogg,XC799597.ogg,osprey,Osprey,Pandion haliaetus,train,32.574,0.011889199,0.029254775,0.16836829644523577,0.060754915528085984,3136.8642600790436,583.4488176194145,2179.775341367327,648.2396279147298,5118.384700392928,1165.1280813849971
train_audio/osprey/XC671347.ogg,XC671347.ogg,osprey,Osprey,Pandion haliaetus,train,157.02203125,0.005389693,0.005464305,0.15546115760966475,0.08834825941654997,3233.3469545922626,904.440644036393,3067.5990607924523,519.7749533442222,6145.269194518036,1005.7471342201341
train_audio/osprey/XC758691.ogg,XC758691.ogg,osprey,Osprey,Pandion haliaetus,train,79.51284375,0.02473527,0.06386408,0.18554766096579478,0.033530883303785175,4348.5799729024475,788.5111865063557,3448.3958611949274,1007.1600313061449,8218.083501006036,2831.8140187790646
train_audio/osprey/iNat186080.ogg,iNat186080.ogg,osprey,Osprey,Pandion haliaetus,train,37.1403125,0.00973344,0.006331086,0.09375063085432817,0.03679686950977554,3056.8109790834105,644.0605659356513,3342.3988699162087,514.7384884731055,6344.920865633075,1642.6327308826833
train_audio/osprey/iNat612248.ogg,iNat612248.ogg,osprey,Osprey,Pandion haliaetus,train,29.49296875,0.011612955,0.007926637,0.08035483536130694,0.08130734865400223,3503.44323827151,1528.8513658157424,3899.9901846118914,413.6714813476019,8307.051586225596,1575.6752339382156
train_audio/osprey/XC122906.ogg,XC122906.ogg,osprey,Osprey,Pandion haliaetus,train,6.87021875,0.013735479,0.010525005,0.1774981831395349,0.08370875746308443,4345.749992625017,716.2990524738369,4092.27810843844,483.4473390414022,9203.524709302326,1637.2447040270863
train_audio/osprey/iNat1260839.ogg,iNat1260839.ogg,osprey,Osprey,Pandion haliaetus,train,19.08,0.004699552,0.0031879288,0.12297688665653814,0.06897590462628293,3306.8365322656623,718.8660357359903,3180.1477693144884,651.4945202289509,6583.5341575859175,1440.4217018939096
train_audio/osprey/iNat1607924.ogg,iNat1607924.ogg,osprey,Osprey,Pandion haliaetus,train,12.4583125,0.013119577,0.0089467615,0.018057630977214377,0.011317891408401715,1368.9090175839779,321.5132730806077,2442.5399223732074,265.6856862739351,3142.1694480102697,998.0806652226177
train_audio/osprey/iNat319284.ogg,iNat319284.ogg,osprey,Osprey,Pandion haliaetus,train,19.986625,0.009067077,0.009746967,0.100690625,0.058300490964520196,2023.7336642513487,685.0354359018734,1947.05144218196,298.3340856566222,3539.875,986.8464134555082
train_audio/osprey/iNat1645284.ogg,iNat1645284.ogg,osprey,Osprey,Pandion haliaetus,train,13.1425,0.009984534,0.0043018493,0.08437048547749391,0.0731252036028117,3297.696733157949,1017.7078925231264,3743.9637415024663,289.06324131839597,7635.796836982969,1309.6222045720135
train_audio/osprey/iNat100065.ogg,iNat100065.ogg,osprey,Osprey,Pandion haliaetus,train,3.9009375,0.016349392,0.0099148555,0.04902223680840164,0.03846159003197288,1858.378802358023,529.4708267985135,2744.7810520776993,545.0563250315882,3586.7699795081967,1292.0494870933767
train_audio/osprey/iNat108868.ogg,iNat108868.ogg,osprey,Osprey,Pandion haliaetus,train,6.8449375,0.003983666,0.004355496,0.2903276960426402,0.08772066963906848,6088.6223412480695,1000.7070998001856,3745.813805154489,446.77168171519355,10580.534462616823,1793.8439207951994
train_audio/osprey/iNat1635403.ogg,iNat1635403.ogg,osprey,Osprey,Pandion haliaetus,train,10.47221875,0.004126078,0.0024698272,0.1149801705629771,0.027259485307004897,3314.4430415698475,286.36780098708863,3511.342495949727,230.1991387272796,7262.810114503817,576.034796204819
train_audio/osprey/iNat82421.ogg,iNat82421.ogg,osprey,Osprey,Pandion haliaetus,train,33.3670625,0.002992073,0.0011011256,0.060509188863255035,0.025935139343297713,2136.7215374213115,430.05375551402153,2765.86917288805,337.20796625295037,4413.628056088207,1162.7649998790043
train_audio/osprey/iNat1308988.ogg,iNat1308988.ogg,osprey,Osprey,Pandion haliaetus,train,15.30196875,0.02776017,0.005290371,0.015387237134273772,0.00713681669064953,853.8529308123326,246.82229043413435,1718.0356023775146,277.0844482455788,1567.1532131661443,715.6190547480844
train_audio/osprey/iNat479394.ogg,iNat479394.ogg,osprey,Osprey,Pandion haliaetus,train,6.9195625,0.15724286,0.050057292,0.013500469110854504,0.004970249645276557,495.64679790697795,218.51817325578745,946.0576114544358,308.7298206110202,796.8028290993071,497.7440756312456
train_audio/osprey/iNat730480.ogg,iNat730480.ogg,osprey,Osprey,Pandion haliaetus,train,48.32,0.028882673,0.029545266,0.019064627037818603,0.017867938827063282,1188.5814234892393,792.5103956975038,2267.6732779279564,830.4449634238422,2449.333829857663,2368.625084151869
train_audio/osprey/iNat280363.ogg,iNat280363.ogg,osprey,Osprey,Pandion haliaetus,train,6.66665625,0.06800472,0.018496593,0.035141027802757796,0.0243434534566286,2164.889128621353,356.3689898483126,3515.9773562518963,290.4205519720623,4559.389988009592,1428.7379911052262
train_audio/osprey/iNat788102.ogg,iNat788102.ogg,osprey,Osprey,Pandion haliaetus,train,6.034,0.032896806,0.02495301,0.16562164145171956,0.02855476228039784,3495.9361102052967,551.6470440834395,2757.122468858662,713.8060220758589,5999.710648148148,1097.8260660627268
train_audio/osprey/iNat249491.ogg,iNat249491.ogg,osprey,Osprey,Pandion haliaetus,train,3.7355,0.010588316,0.004013965,0.039830395299145296,0.024513670354038362,1007.1732705466984,550.712472260713,1570.9410351892898,395.4014010287284,1655.5154914529915,1096.2066441922493
train_audio/osprey/XC535684.ogg,XC535684.ogg,osprey,Osprey,Pandion haliaetus,train,5.904,0.0015669665,0.00022587295,0.07430980785472972,0.017632918681228606,2869.342987352795,243.96547425923063,3693.9902948938525,138.8828837018368,7102.027027027027,624.9209055595361
train_audio/osprey/iNat123692.ogg,iNat123692.ogg,osprey,Osprey,Pandion haliaetus,train,43.8044375,0.0024820827,0.0063116485,0.14041777472151204,0.08301263099840335,5177.738641662693,1284.9297293957375,5072.804762766256,622.2335366272379,12059.195808984661,2529.1948267123853
train_audio/osprey/iNat310641.ogg,iNat310641.ogg,osprey,Osprey,Pandion haliaetus,train,3.43653125,0.009014723,0.010706381,0.0631813226744186,0.0510022361062164,2390.615543806198,681.6675712538649,2914.170674672639,573.6960036068758,4858.212209302325,1093.931052966565
train_audio/osprey/iNat1613368.ogg,iNat1613368.ogg,osprey,Osprey,Pandion haliaetus,train,17.27565625,0.0013692805,0.00043227867,0.16093388310185186,0.03393717554837956,4820.382978562419,432.72720519120844,4425.4742517379145,278.40607072653614,10355.946180555555,1260.8949921399415
train_audio/osprey/XC270546.ogg,XC270546.ogg,osprey,Osprey,Pandion haliaetus,train,18.93878125,0.0026445605,0.0032127919,0.12270458324535473,0.04703538571190961,3033.057044176335,786.610196893648,3029.8071974429317,498.08774662735755,5746.81957347973,1706.3797988579179
train_audio/osprey/iNat1721581.ogg,iNat1721581.ogg,osprey,Osprey,Pandion haliaetus,train,20.293875,0.0060491427,0.007341087,0.09458688866725769,0.07050631404529804,2919.96948327702,862.1952157269344,3258.9152235260553,499.9237664169627,6568.828802206462,1557.6603170266558
train_audio/osprey/iNat516795.ogg,iNat516795.ogg,osprey,Osprey,Pandion haliaetus,train,39.68290625,0.077949814,0.067192376,0.03241215267281338,0.033179856683287844,1775.6131141721953,978.5362435823619,2787.416220632849,697.5253979732713,3819.962968561064,2605.759973495318
train_audio/osprey/XC1013321.ogg,XC1013321.ogg,osprey,Osprey,Pandion haliaetus,train,8.60071875,0.010138557,0.017411534,0.03686704954693309,0.028163259707411518,1825.2975889297682,387.6013694153232,2795.357879862794,574.531806566026,3665.1370817843867,961.1262488106453
train_audio/osprey/iNat1670343.ogg,iNat1670343.ogg,osprey,Osprey,Pandion haliaetus,train,0.072,0.41844806,0.08562429,0.27412109375,0.06313882506405033,5125.507096166463,206.20587649547664,3236.2262211777634,168.9368999873794,7231.25,22.963966338592293
train_audio/osprey/iNat506475.ogg,iNat506475.ogg,osprey,Osprey,Pandion haliaetus,train,14.528,0.007255659,0.0036169696,0.10118809732535754,0.0463803219875685,4322.895183917734,623.366873771896,3948.434216312135,477.3419365528395,8168.557480748075,1028.6344455653596
train_audio/osprey/iNat376728.ogg,iNat376728.ogg,osprey,Osprey,Pandion haliaetus,train,7.96446875,0.002264681,0.0005241031,0.09782195186997993,0.036256167149057876,2791.872011322877,396.2883453272761,3166.5696137950554,277.30709046238445,5941.265060240964,962.4766219969496
train_audio/osprey/XC134647.ogg,XC134647.ogg,osprey,Osprey,Pandion haliaetus,train,3.9445,0.0018435173,0.002537613,0.10596296179149797,0.011290044329706093,2209.0104457743187,128.4943737962835,2023.5011025595131,264.1344114738918,3874.1776315789475,621.8960084955932
train_audio/osprey/iNat1720620.ogg,iNat1720620.ogg,osprey,Osprey,Pandion haliaetus,train,7.34,0.01975513,0.03581737,0.07844520186546841,0.05584388727403743,2460.964821133833,764.2185478329849,3347.112245063009,710.6660781639384,5382.182734204793,2709.2897935171286
train_audio/osprey/iNat734701.ogg,iNat734701.ogg,osprey,Osprey,Pandion haliaetus,train,15.74315625,0.015454582,0.014265232,0.043420807132876015,0.03748563858588766,2130.2009924322356,1052.7348638304184,3293.3906635057815,761.151057633551,4803.178988821138,3137.109763059414
train_audio/osprey/iNat1087898.ogg,iNat1087898.ogg,osprey,Osprey,Pandion haliaetus,train,132.8761875,0.009540311,0.012230723,0.03064083900888019,0.02305576944350785,1466.8800719810317,525.8033257261178,2368.0662318825553,540.0279846957721,2813.9656080674295,1242.9394959837714
train_audio/osprey/XC534561.ogg,XC534561.ogg,osprey,Osprey,Pandion haliaetus,train,63.312,0.019058678,0.024324756,0.3012755761669404,0.06597222018114188,6087.6912307636385,1052.9119179212173,4005.1430642438827,622.5861344843755,10994.007390096009,2291.640558239302
train_audio/osprey/iNat1096890.ogg,iNat1096890.ogg,osprey,Osprey,Pandion haliaetus,train,24.7525,0.061987154,0.070961244,0.027500517300549095,0.026551748232831015,1650.9731521364615,884.3924106551694,2581.1390510024607,768.7999536180647,3488.765746124031,2109.9788425357165
train_audio/osprey/iNat1607715.ogg,iNat1607715.ogg,osprey,Osprey,Pandion haliaetus,train,9.65953125,0.0057973443,0.004614015,0.054979336972268214,0.056515081677539235,2498.898741200355,1238.475511266953,3346.5756132665288,609.2996353431639,5527.21440397351,2641.2199024076103
train_audio/osprey/iNat381283.ogg,iNat381283.ogg,osprey,Osprey,Pandion haliaetus,train,72.8,0.009757357,0.008470715,0.06893928274692375,0.02648467140192775,1785.1439101425383,366.78417621021845,1916.811926015337,207.0704590698196,3648.343083937596,897.7924577533438
train_audio/osprey/iNat626497.ogg,iNat626497.ogg,osprey,Osprey,Pandion haliaetus,train,4.33678125,0.06502598,0.04742882,0.14825439453125,0.019906550258337985,3625.1914974355964,230.19494435953584,3377.439176452128,469.91965766528017,7326.573988970588,1174.7591346545898
train_audio/osprey/iNat784270.ogg,iNat784270.ogg,osprey,Osprey,Pandion haliaetus,train,32.7169375,0.039029296,0.05226699,0.02651426879584352,0.025618162885914824,1481.4761714887488,617.0445147723026,2525.7864382456287,575.3050230020197,3110.3759168704155,1689.5834835809935
train_audio/osprey/XC192153.ogg,XC192153.ogg,osprey,Osprey,Pandion haliaetus,train,71.549375,0.020232009,0.032000393,0.2829465371338327,0.08147489996307122,5640.733470967336,1081.096108050176,3391.8446319400496,513.0312573748494,9374.811326028623,2283.752785232624
train_audio/osprey/iNat632960.ogg,iNat632960.ogg,osprey,Osprey,Pandion haliaetus,train,7.87159375,0.07408019,0.10402776,0.010790817136686991,0.00914206761412118,811.5846895550302,490.682790602016,1841.9050774327693,618.1027898828745,1366.8064024390244,1370.947158454718
train_audio/osprey/iNat1693776.ogg,iNat1693776.ogg,osprey,Osprey,Pandion haliaetus,train,22.802,0.013240296,0.0077432105,0.07918648097826086,0.0458670392516869,3191.068091243141,919.1670160310492,4012.7053143255966,659.7334331695159,7871.855276998597,2041.0929304237086
train_audio/osprey/iNat442114.ogg,iNat442114.ogg,osprey,Osprey,Pandion haliaetus,train,11.77253125,0.00532883,0.0035948444,0.09178758704144022,0.04495676244866722,2850.6244100615177,396.7378996377257,3175.7590509518777,459.84544520382246,6151.81300951087,1089.232964892499
train_audio/osprey/iNat232424.ogg,iNat232424.ogg,osprey,Osprey,Pandion haliaetus,train,14.62859375,0.0017440777,0.0019174765,0.1543486381489071,0.04275965052506626,3161.2546593102243,506.3773205353651,2740.6416173829407,548.0899873843902,4899.7609289617485,981.2595967562235
train_audio/osprey/iNat797599.ogg,iNat797599.ogg,osprey,Osprey,Pandion haliaetus,train,43.49846875,0.11274996,0.057515413,0.07295737173593232,0.10573084271210091,2599.2690312330087,1201.0052948120945,3378.891668570342,462.1303961711584,5630.18917800662,1861.265493207219
train_audio/osprey/iNat286704.ogg,iNat286704.ogg,osprey,Osprey,Pandion haliaetus,train,3.33334375,0.02532824,0.0031912518,0.4282343376196172,0.046580836654023475,8261.946752772688,420.3537093997225,4030.12962736487,222.1953611701167,13416.118421052632,366.9780808355927
train_audio/osprey/iNat309976.ogg,iNat309976.ogg,osprey,Osprey,Pandion haliaetus,train,4.10415625,0.105509214,0.0448475,0.014627538302529183,0.009139907444032317,1514.367160733005,1161.8987169460818,2477.640001832429,1076.1515796435854,3116.1843385214006,3159.965678993627
train_audio/osprey/XC493749.ogg,XC493749.ogg,osprey,Osprey,Pandion haliaetus,train,10.00490625,0.008834774,0.00726566,0.1893766848043131,0.028632945571881986,4999.988099909701,362.60067012667304,4443.237813154076,481.4450752049187,10649.11142172524,1376.2932499796082
train_audio/osprey/iNat1069492.ogg,iNat1069492.ogg,osprey,Osprey,Pandion haliaetus,train,13.53725,0.00791724,0.00703871,0.20009500442739078,0.13279690675660547,5765.019604754532,1386.0337990329444,4594.530442088793,563.9518067903385,11453.235684769776,1327.4428066751384
train_audio/osprey/iNat1197496.ogg,iNat1197496.ogg,osprey,Osprey,Pandion haliaetus,train,16.02178125,0.008972256,0.020444337,0.19653222851172655,0.039203462541059116,3735.2312313751067,476.2899686405117,3160.8866640565966,209.7158835616112,6487.930389221557,702.7458156008183
train_audio/osprey/iNat130212.ogg,iNat130212.ogg,osprey,Osprey,Pandion haliaetus,train,5.22221875,0.032633655,0.025577268,0.032290770737767586,0.02603816688047359,1947.3134711918892,915.2453651879667,2994.0333900047394,564.7973607085709,4166.666666666667,2171.7071805190362
train_audio/osprey/iNat354715.ogg,iNat354715.ogg,osprey,Osprey,Pandion haliaetus,train,5.805,0.052046116,0.02755447,0.018632704889807162,0.012874214515863285,710.4988925466869,203.43017177547492,1364.178836390193,178.7567786100814,1115.0998622589532,377.68981761020154
train_audio/osprey/iNat1149651.ogg,iNat1149651.ogg,osprey,Osprey,Pandion haliaetus,train,28.9553125,0.049229458,0.044720404,0.07901658537638122,0.05036932364792632,2652.367402885636,881.6645089461518,3381.622987618226,363.6961122550572,5678.21132596685,2083.4814170392706
train_audio/osprey/iNat927275.ogg,iNat927275.ogg,osprey,Osprey,Pandion haliaetus,train,26.772625,0.008722101,0.0018667552,0.06798047575044804,0.026933376254829042,3122.080148566201,589.4028191628876,4099.436039632763,321.18563478712457,8273.353494623656,1186.6613972700643
train_audio/osprey/iNat498746.ogg,iNat498746.ogg,osprey,Osprey,Pandion haliaetus,train,6.40875,0.013032635,0.004174521,0.06988266638092269,0.02424066401550695,1713.5078637712704,367.1918693996596,1973.4802694835153,378.7173453795052,2912.4454488778056,891.3202742592916
train_audio/osprey/XC326522.ogg,XC326522.ogg,osprey,Osprey,Pandion haliaetus,train,148.2,0.014327861,0.024863891,0.39633187606269565,0.09346107965684196,6867.070947405707,946.3916831994006,4265.3229843726,267.6741282023604,11197.492712943971,786.1704297559307
train_audio/osprey/iNat261410.ogg,iNat261410.ogg,osprey,Osprey,Pandion haliaetus,train,6.09721875,0.037473254,0.020304734,0.1747331070026178,0.05468566132823944,4603.61044989684,427.8990556008635,3859.61239169984,106.25181860911691,8443.471858638743,698.5874707553912
train_audio/osprey/iNat341977.ogg,iNat341977.ogg,osprey,Osprey,Pandion haliaetus,train,27.6781875,0.093681484,0.05942819,0.019614511831647398,0.019757765886423525,1210.3170187294763,683.4276968738583,2324.569519390953,680.7085675574853,2313.041907514451,2085.2347765198124
train_audio/osprey/iNat951779.ogg,iNat951779.ogg,osprey,Osprey,Pandion haliaetus,train,20.32325,0.030882405,0.030782843,0.019453263301534227,0.01487505231067435,1208.6182759652065,523.4353744671866,2317.0264051493064,536.2823282500132,2231.4860346184105,1358.024488507264
train_audio/osprey/XC414080.ogg,XC414080.ogg,osprey,Osprey,Pandion haliaetus,train,81.4236875,0.01904085,0.027016876,0.21318681761519945,0.03387063208967505,4363.279400393405,487.53948400055066,3318.7836154184065,710.7399955903987,7653.529671841226,2084.922606610441
train_audio/osprey/iNat125245.ogg,iNat125245.ogg,osprey,Osprey,Pandion haliaetus,train,7.032,0.002357667,0.0025863894,0.20025634765625,0.04528573256054011,4418.100496022479,639.1298432964857,3560.321480673105,753.2255219521635,8254.367897727272,1729.2128298102934
train_audio/osprey/iNat1414539.ogg,iNat1414539.ogg,osprey,Osprey,Pandion haliaetus,train,7.56971875,0.0014507491,0.0008158899,0.104446861814346,0.04373809944398091,3281.100682110511,544.073660833408,3759.7366350899174,278.5676284302206,7406.579641350211,1204.985775462105
train_audio/osprey/iNat653605.ogg,iNat653605.ogg,osprey,Osprey,Pandion haliaetus,train,8.59140625,0.005448875,0.0016402351,0.049868336824953445,0.03867246737523433,2430.9099851508913,652.714659847266,3343.194123594075,479.73495137365285,5483.560288640596,1651.0852939070437
train_audio/osprey/iNat1407817.ogg,iNat1407817.ogg,osprey,Osprey,Pandion haliaetus,train,4.76009375,0.014343633,0.0049428907,0.020222708682885907,0.013162105538128887,1468.8960870271833,638.9442312912645,2607.9898047195015,576.4378835445004,3060.8221476510066,1922.2225098970162
train_audio/osprey/XC466207.ogg,XC466207.ogg,osprey,Osprey,Pandion haliaetus,train,96.20896875,0.0014928007,0.0036786576,0.295096353950158,0.05646300244954179,5205.0044818293545,659.012264083777,3004.0753120755808,313.01336222631767,8527.79192301297,997.3149979063661
train_audio/osprey/iNat398252.ogg,iNat398252.ogg,osprey,Osprey,Pandion haliaetus,train,30.77225,0.030678412,0.010875142,0.09777273705496362,0.0542846168077253,2693.920536755284,317.0241005649429,3686.5546561203264,358.0259682567238,6033.3858497921,1581.07234048994
train_audio/osprey/iNat543039.ogg,iNat543039.ogg,osprey,Osprey,Pandion haliaetus,train,7.776,0.014820895,0.015789963,0.03217141780030801,0.03036032168571162,2228.9923007145308,830.5342605567862,3314.286133751403,522.0402727485438,5858.444558521561,2553.427715530756
train_audio/osprey/iNat482129.ogg,iNat482129.ogg,osprey,Osprey,Pandion haliaetus,train,11.26165625,0.047338437,0.032751586,0.01318636807528409,0.012022587514111057,1086.8208102324525,649.6151781951095,2302.7914762160553,697.4522031736764,2198.8414417613635,2111.6832982378182
train_audio/osprey/XC448776.ogg,XC448776.ogg,osprey,Osprey,Pandion haliaetus,train,42.912,0.04572606,0.06760556,0.21269862473210957,0.028664626575969396,4788.940699386592,509.5432757019396,4056.5642049230623,870.6308022347596,10026.73662877376,2715.175294625729
train_audio/osprey/XC841760.ogg,XC841760.ogg,osprey,Osprey,Pandion haliaetus,train,49.92,0.06824681,0.029476687,0.079220777595322,0.03424627040717888,2484.56729502431,445.32351743535133,2945.4143411514565,283.80331288143736,5310.747757129126,754.070778794304
train_audio/osprey/iNat434577.ogg,iNat434577.ogg,osprey,Osprey,Pandion haliaetus,train,5.13265625,0.0824627,0.03469362,0.10411038502725857,0.06731651577960297,2523.3108080546076,1176.4390681870004,2988.634257574467,958.0035317756741,5103.777258566978,3116.3211601573594
train_audio/osprey/iNat1159016.ogg,iNat1159016.ogg,osprey,Osprey,Pandion haliaetus,train,13.287625,0.0044120387,0.0068617943,0.05186475255716005,0.06016953758300995,1445.0665901028567,795.665816706175,2270.6197656095674,541.4229155201781,2221.194344163658,1345.4538021241465
train_audio/osprey/iNat1204386.ogg,iNat1204386.ogg,osprey,Osprey,Pandion haliaetus,train,43.9599375,0.0029695323,0.00063268596,0.0315247026246361,0.017456349132791156,2822.2784984539535,520.4341910391136,4384.462358829654,317.3984046800519,8663.368813682679,1448.3458797610433
train_audio/osprey/iNat294510.ogg,iNat294510.ogg,osprey,Osprey,Pandion haliaetus,train,7.96734375,0.0111871455,0.003110775,0.07437758847891567,0.022666530299610296,1247.0819653328388,438.1012593189919,1023.4865669955764,302.30166815812265,2284.889558232932,863.293986065531
train_audio/osprey/XC424249.ogg,XC424249.ogg,osprey,Osprey,Pandion haliaetus,train,43.493875,0.011835808,0.020494211,0.2758634622678374,0.063542032549936,5461.7391440107085,836.9066960342349,3765.521384101652,453.5393854977313,9898.641504229496,1708.510965162675
train_audio/osprey/iNat514014.ogg,iNat514014.ogg,osprey,Osprey,Pandion haliaetus,train,2.925,0.0041901423,0.0024122696,0.030433529713114756,0.028323172114775568,1658.5429695629862,703.9342906682451,3021.5206178956055,479.7569591870612,3313.8661202185795,1848.8999840806916
train_audio/osprey/XC789814.ogg,XC789814.ogg,osprey,Osprey,Pandion haliaetus,train,44.496,0.0831856,0.106291585,0.15637145601186198,0.054284955273251875,3564.1279259729195,828.2273129033262,2863.7599370389594,445.35627716585947,6167.1740204888565,1292.7077635457013
train_audio/osprey/XC840078.ogg,XC840078.ogg,osprey,Osprey,Pandion haliaetus,train,4.80740625,0.010799964,0.00655778,0.17931115033222592,0.03774389816270902,4670.797006829783,416.7068534755149,4217.731993863676,261.65120631265836,9880.087209302326,768.8836959171364
train_audio/osprey/XC994088.ogg,XC994088.ogg,osprey,Osprey,Pandion haliaetus,train,9.50228125,0.022824375,0.023151973,0.10046592224326599,0.041212555578618644,3299.1141262334045,563.0377401958998,3779.7280044227364,422.8206466199299,7500.1052188552185,1344.383606582529
train_audio/osprey/iNat751622.ogg,iNat751622.ogg,osprey,Osprey,Pandion haliaetus,train,10.03103125,0.0071894974,0.0038555851,0.02746990879186603,0.016236387406855082,1095.1057725131072,200.0433985938194,1908.999513063201,207.89784970578307,2050.7127192982457,668.3342892741618
train_audio/osprey/XC979316.ogg,XC979316.ogg,osprey,Osprey,Pandion haliaetus,train,36.608875,0.023526695,0.0218901,0.2688162134119703,0.1189391974074821,4167.663943695635,1477.5900458594708,2372.567116960889,363.3762254570781,6188.872051114024,1265.7018695211464
train_audio/osprey/iNat1556374.ogg,iNat1556374.ogg,osprey,Osprey,Pandion haliaetus,train,0.096,0.30928463,0.10780531,0.18198939732142858,0.06488905056618181,3064.8351250504443,328.17330998570156,1821.8191166219801,167.80093656019338,5104.910714285715,450.6717987106152
train_audio/osprey/iNat1090289.ogg,iNat1090289.ogg,osprey,Osprey,Pandion haliaetus,train,18.496,0.010861793,0.0140277315,0.10955604810393259,0.0655670033027832,4653.724080510197,1485.3823087444077,4671.88668243251,532.6643077184068,10379.929235090753,2732.044431124046
train_audio/osprey/iNat364922.ogg,iNat364922.ogg,osprey,Osprey,Pandion haliaetus,train,30.77225,0.03067968,0.010875594,0.09776740758186071,0.05422836672990868,2693.680508337546,316.08621969312765,3686.479827963905,357.90465341745204,6032.679313929314,1578.3969088654985
train_audio/osprey/iNat1574595.ogg,iNat1574595.ogg,osprey,Osprey,Pandion haliaetus,train,19.20290625,0.0118605895,0.005971877,0.09514572816923397,0.036868808951939516,3174.3998886703835,575.1881634292273,3512.0251984299794,524.3198610815017,7126.235949208993,1573.7868702764529
train_audio/osprey/iNat489755.ogg,iNat489755.ogg,osprey,Osprey,Pandion haliaetus,train,11.1688125,0.01775835,0.0145353675,0.0633529204667382,0.047029509567926175,2158.885759156802,819.7908992952166,2576.5403043626866,528.8212942761934,4704.913268955651,1694.111801667915
train_audio/osprey/iNat815006.ogg,iNat815006.ogg,osprey,Osprey,Pandion haliaetus,train,8.05734375,0.14951421,0.11131095,0.015526181175595238,0.015969628949324827,795.324645328334,610.8357092486904,1715.9446804115792,805.0019619962782,1280.7229662698412,1613.3267279316399
train_audio/osprey/iNat614381.ogg,iNat614381.ogg,osprey,Osprey,Pandion haliaetus,train,2.712,0.03458304,0.03140487,0.05624712775735294,0.036183247148172594,1262.7013919724936,687.3116555009497,1463.3979485804039,671.793839964916,2179.6875,1634.37644985033
train_audio/osprey/iNat628034.ogg,iNat628034.ogg,osprey,Osprey,Pandion haliaetus,train,4.32,0.07620714,0.035402417,0.08560777502306273,0.11637082000374542,1946.2467833556402,1642.9122950903213,2303.3376956239927,723.5600978067937,3389.8178044280444,2851.4388947887182
train_audio/osprey/XC951390.ogg,XC951390.ogg,osprey,Osprey,Pandion haliaetus,train,3.31084375,0.011029633,0.0037673786,0.1243560348731884,0.018746591541428635,2768.45352131341,205.95351691695598,2509.8975125037223,182.8039171738104,5129.227053140096,390.11115091889866
train_audio/osprey/XC545879.ogg,XC545879.ogg,osprey,Osprey,Pandion haliaetus,train,37.38121875,0.027500696,0.04334839,0.1881754870694266,0.02017871706715346,3920.1970396671854,348.3834212271607,2796.0840116957843,561.5993328121384,6022.531557552417,1210.598331474596
train_audio/osprey/iNat433774.ogg,iNat433774.ogg,osprey,Osprey,Pandion haliaetus,train,7.21996875,0.020258732,0.009978683,0.03280558628318584,0.03247222512540923,1426.5297532545635,437.0773444764816,2393.496960460173,360.6045659356395,2691.8210730088495,1036.8403089953838
train_audio/osprey/XC530768.ogg,XC530768.ogg,osprey,Osprey,Pandion haliaetus,train,14.064,0.0034759736,0.011873915,0.3728515625,0.06081974416157539,6749.82196096612,805.2043745737337,4222.856749039448,449.66523067853984,12070.543323863636,1488.9315724497462
train_audio/osprey/XC466212.ogg,XC466212.ogg,osprey,Osprey,Pandion haliaetus,train,120.65959375,0.009119248,0.028512169,0.17109084957570936,0.03404220263278858,3586.2326904780134,515.5452896936868,2584.415299240326,836.8602937746098,5947.618337311058,1887.0672223324193
train_audio/osprey/iNat1117042.ogg,iNat1117042.ogg,osprey,Osprey,Pandion haliaetus,train,16.95059375,0.0016432627,0.0007244887,0.08692235406839623,0.034655657978550004,2650.670977476575,351.62185237036186,3274.835129592178,343.57377285633754,5294.280660377359,1098.8550396819726
train_audio/osprey/XC703247.ogg,XC703247.ogg,osprey,Osprey,Pandion haliaetus,train,6.072,0.007354536,0.0043042284,0.14205515008223685,0.025611014627395783,3902.327337157264,405.0587733765398,3953.3801509309988,176.20146286497564,8899.38322368421,752.0102274092385
train_audio/osprey/iNat1359973.ogg,iNat1359973.ogg,osprey,Osprey,Pandion haliaetus,train,9.84528125,0.06907519,0.06603829,0.034579983005275976,0.027400232684097657,1491.087300150129,718.2038797928781,2278.597542375009,580.6423913045408,2986.5817775974024,1570.0934995842815
train_audio/osprey/iNat393353.ogg,iNat393353.ogg,osprey,Osprey,Pandion haliaetus,train,2.56203125,0.05603411,0.040051747,0.05147272903726708,0.04096123529891606,1217.7875658793455,440.76206483104323,1650.7022836532174,252.42953360238076,1958.0745341614906,796.555094949106
train_audio/osprey/iNat1483757.ogg,iNat1483757.ogg,osprey,Osprey,Pandion haliaetus,train,17.06121875,0.0067146686,0.0012194915,0.13118886187910028,0.08691261526494566,4166.571006604479,1472.939412314851,4241.29882332052,292.5069241833718,9207.078842549203,866.0126791449305
train_audio/osprey/XC764010.ogg,XC764010.ogg,osprey,Osprey,Pandion haliaetus,train,17.232,0.0029153833,0.0030877676,0.31061934717068646,0.05959533882694882,5711.563233113627,805.1086259837816,3425.978158379062,607.1513107685341,9380.638334879406,1880.7154206006794
train_audio/osprey/iNat1115478.ogg,iNat1115478.ogg,osprey,Osprey,Pandion haliaetus,train,14.3035,0.0027042017,0.0019764227,0.20370394644854586,0.03269222741634288,3474.287817500235,395.83220719592924,2760.6761904086966,406.09081254968703,5709.381991051454,758.4765643062759
train_audio/osprey/iNat651010.ogg,iNat651010.ogg,osprey,Osprey,Pandion haliaetus,train,9.380875,0.047875073,0.047613624,0.02626237755536627,0.02483428538066033,1632.5130274924124,868.2477067241268,2713.365756381913,736.4063987886153,3560.956132879046,2442.2423573970595
train_audio/osprey/iNat203297.ogg,iNat203297.ogg,osprey,Osprey,Pandion haliaetus,train,11.42421875,0.0840028,0.08674203,0.025465062281468533,0.031094047952833152,1293.1505722627164,932.3775056886947,2205.7448473325057,770.725857671127,2439.6634615384614,2204.73753572824
train_audio/osprey/XC664256.ogg,XC664256.ogg,osprey,Osprey,Pandion haliaetus,train,52.056,0.018921034,0.030674957,0.15519765937115856,0.03037318440656648,3187.8856724706206,239.2613896170594,2426.0483134558367,548.9967173018373,5052.320221266134,820.4708661385499
train_audio/osprey/XC723303.ogg,XC723303.ogg,osprey,Osprey,Pandion haliaetus,train,37.929,0.030123962,0.033106405,0.2081151066928511,0.030620295269721706,3431.2028820221244,436.76806551884596,1582.0475553848078,347.4994870425912,4726.842576971741,1020.2528849909163
train_audio/osprey/XC272314.ogg,XC272314.ogg,osprey,Osprey,Pandion haliaetus,train,151.7453125,0.08578059,0.1368866,0.13559650105429627,0.030182303017339377,3743.89328482827,621.1543907984624,3677.1871353802803,591.5413687716178,7852.108592514496,1812.4481199297022
train_audio/osprey/iNat380295.ogg,iNat380295.ogg,osprey,Osprey,Pandion haliaetus,train,11.517125,0.000625122,0.00018482392,0.08212415907118055,0.022900085027441505,2888.824973465308,311.864689893897,3520.01867852318,210.0283271192023,6800.434027777777,641.894238416732
train_audio/osprey/XC348476.ogg,XC348476.ogg,osprey,Osprey,Pandion haliaetus,train,13.728,0.017471364,0.0045816265,0.12398648955908033,0.040054885575039015,2600.275677250269,464.52750118273764,2532.195250609216,213.9790540684739,4406.85026193248,789.8428296710247
train_audio/osprey/iNat1501632.ogg,iNat1501632.ogg,osprey,Osprey,Pandion haliaetus,train,3.0,0.13450032,0.016558027,0.14349495096409576,0.028800937171253423,3416.752360262655,201.1423332465886,3135.4101481821926,74.68694822097183,7311.668882978724,189.53717970144484
train_audio/osprey/iNat555.ogg,iNat555.ogg,osprey,Osprey,Pandion haliaetus,train,16.27575,0.047642153,0.07628304,0.023879255433447936,0.022634378663540945,2714.552161981122,906.7158718743058,3918.200380643071,510.1051802823787,7110.526154223969,1925.1770973333914
train_audio/osprey/iNat1370949.ogg,iNat1370949.ogg,osprey,Osprey,Pandion haliaetus,train,0.1045,0.40843043,0.08328769,0.14041573660714285,0.032733950001579026,2744.229852317359,273.5379409744115,2569.5179842105144,307.92728406016016,4747.767857142857,73.96447109723613
train_audio/osprey/XC573482.ogg,XC573482.ogg,osprey,Osprey,Pandion haliaetus,train,5.485,0.024635559,0.0372053,0.23998667547376093,0.053734212406311266,4404.798960251529,815.5674868788941,2251.0508884045225,766.2075403268796,6184.220116618076,1747.1393326480006
train_audio/osprey/iNat226664.ogg,iNat226664.ogg,osprey,Osprey,Pandion haliaetus,train,0.1045,0.46623093,0.1215992,0.16029575892857142,0.0395139184591704,3381.971596326253,114.59231846319058,2572.491213871044,123.42804704236119,4799.107142857143,191.626571708346
train_audio/osprey/XC138770.ogg,XC138770.ogg,osprey,Osprey,Pandion haliaetus,train,2.79509375,0.007479888,0.0063800868,0.09589006696428572,0.023620626786466842,1887.2476928966319,347.9684322771067,1571.753820831511,230.04346546770117,3289.7321428571427,612.0641540712702
train_audio/osprey/iNat804339.ogg,iNat804339.ogg,osprey,Osprey,Pandion haliaetus,train,13.4670625,0.0029664987,0.005311759,0.1756716476766627,0.10177214087999754,4806.884794549368,1182.9427825174425,4188.214601340717,375.3160606117064,9490.83283847981,2693.9968190082045
train_audio/osprey/iNat1169100.ogg,iNat1169100.ogg,osprey,Osprey,Pandion haliaetus,train,13.0031875,0.017164223,0.011043912,0.06206637261685117,0.03977835079857895,2466.078537445683,647.620390439417,3015.8705413978005,301.5633259342632,5568.284901599016,880.5479358403962
train_audio/osprey/iNat1484308.ogg,iNat1484308.ogg,osprey,Osprey,Pandion haliaetus,train,7.50003125,0.00079180615,0.0012677197,0.27698873101012794,0.1087213086607952,4924.185959980371,1513.5221850380449,2850.8309657755585,1022.6806467894186,7674.4736140724945,3146.2397059532573
train_audio/osprey/iNat33234.ogg,iNat33234.ogg,osprey,Osprey,Pandion haliaetus,train,70.368,0.056557752,0.07261095,0.0845773275886565,0.05264810960852572,2461.604666386368,1020.8611341251028,2842.3930828919174,690.5180733113382,5203.718174585133,2353.9338246466664
train_audio/osprey/iNat611895.ogg,iNat611895.ogg,osprey,Osprey,Pandion haliaetus,train,63.73878125,0.006574241,0.0027516852,0.03227889585686496,0.02567760179096802,1809.6471300416524,464.34124392043105,2922.1673227683473,324.4808490700145,3937.472546435743,1129.2487769292447
train_audio/osprey/iNat317271.ogg,iNat317271.ogg,osprey,Osprey,Pandion haliaetus,train,31.09771875,0.010157157,0.0043707364,0.0508764447498714,0.04259864045661901,1481.8619425931533,469.4922759815872,2047.2815353826486,208.34343051081467,2814.059284979424,722.9948027244327
train_audio/osprey/iNat121780.ogg,iNat121780.ogg,osprey,Osprey,Pandion haliaetus,train,10.9468125,0.017607685,0.005401212,0.04088660469890511,0.021370029122081857,2121.045968276361,385.3963257734874,3538.666853097883,304.6650095954157,4579.995437956204,1358.9414297164572
train_audio/osprey/iNat964232.ogg,iNat964232.ogg,osprey,Osprey,Pandion haliaetus,train,4.551125,0.03173455,0.017856104,0.05600328947368421,0.06146501209657929,1985.1864258562598,1048.8739130695424,2701.2192255564755,651.6887441173714,4305.811403508772,2180.1571967359623
train_audio/osprey/iNat1682227.ogg,iNat1682227.ogg,osprey,Osprey,Pandion haliaetus,train,6.08,0.024722828,0.0057856236,0.015941549786745408,0.021323618124876032,1754.4161401584192,540.2667403004622,3365.9331194975443,403.5989278392386,3367.5360892388453,1842.5104163950712
train_audio/osprey/iNat1672198.ogg,iNat1672198.ogg,osprey,Osprey,Pandion haliaetus,train,10.86984375,0.010625078,0.010944709,0.05661190257352941,0.03854735777861384,2996.174744312927,942.9287883801558,3894.2059794798197,486.221336394916,7628.354779411765,1875.820387020396
train_audio/osprey/iNat385662.ogg,iNat385662.ogg,osprey,Osprey,Pandion haliaetus,train,51.7546875,0.022839863,0.019365516,0.3201269984061051,0.03665381545229546,4793.092807939269,339.61296184301017,2456.3227204318664,326.23323450645836,7080.052163833076,295.51577978896876
train_audio/osprey/iNat787085.ogg,iNat787085.ogg,osprey,Osprey,Pandion haliaetus,train,41.4679375,0.039736945,0.024623439,0.04569234965760031,0.02656187518311621,2093.2273661033278,500.6808575741399,3105.158077627201,298.94788359236173,5668.637876157408,1540.7888835559456
train_audio/osprey/iNat916947.ogg,iNat916947.ogg,osprey,Osprey,Pandion haliaetus,train,15.36,0.01315458,0.0031296166,0.032385596871748176,0.023246519238134155,968.9210225635749,446.26862373845364,1455.9373040851117,291.19163753263535,1654.103798126951,825.1514342592394
train_audio/osprey/iNat99434.ogg,iNat99434.ogg,osprey,Osprey,Pandion haliaetus,train,16.6719375,0.0022814039,0.0028899165,0.1080291806621881,0.038262144294762025,3111.294316456377,609.8882999685707,3529.8576648831877,533.4706542592926,6568.513075815739,1302.8240867560125
train_audio/osprey/XC132652.ogg,XC132652.ogg,osprey,Osprey,Pandion haliaetus,train,10.872,0.004421596,0.0046667503,0.049103860294117646,0.04251195746367953,2657.746321685211,827.2083204781017,3549.4660161195475,883.693372001785,6201.999080882353,2612.3547531876125
train_audio/osprey/iNat740842.ogg,iNat740842.ogg,osprey,Osprey,Pandion haliaetus,train,2.68190625,0.008203929,0.0042721652,0.04928734188988095,0.06624926012241583,1817.316382450385,1132.852074669845,2797.210453361905,634.6184680955369,3496.0007440476193,2370.105411406582
train_audio/osprey/iNat1595562.ogg,iNat1595562.ogg,osprey,Osprey,Pandion haliaetus,train,0.048,0.4764044,0.040872846,0.119384765625,0.02733829988932419,4400.361916859947,792.3913871895704,3351.4996763881873,288.32368364223686,8335.9375,1425.9257204203345
train_audio/osprey/iNat236054.ogg,iNat236054.ogg,osprey,Osprey,Pandion haliaetus,train,21.952,0.039422,0.033751007,0.024080836330116533,0.025713453672456314,1120.6373662714084,632.8314551984633,1966.5364009016482,563.4245757961049,2170.9076839038603,1420.5942605518453
train_audio/osprey/XC225658.ogg,XC225658.ogg,osprey,Osprey,Pandion haliaetus,train,29.77959375,0.021970734,0.048356753,0.18912034900308808,0.042264989374575894,3807.7935501254606,578.1314172657903,2937.875893266267,755.5299587301067,6742.942736305048,1401.8004531342644
train_audio/osprey/iNat1584200.ogg,iNat1584200.ogg,osprey,Osprey,Pandion haliaetus,train,27.01859375,0.0069820406,0.005047538,0.09880395666814683,0.060816467193366815,2682.6654137274554,547.1757939731299,3052.817574261688,362.50341797593495,5594.221802841918,807.1620038810773
train_audio/osprey/iNat513999.ogg,iNat513999.ogg,osprey,Osprey,Pandion haliaetus,train,12.3298125,0.00544885,0.0011489727,0.07468233219844359,0.023867562486715486,2331.9392592952695,337.73586723441923,2975.1755370158226,280.12843230226684,6560.898994811932,759.267354923839
train_audio/osprey/iNat227465.ogg,iNat227465.ogg,osprey,Osprey,Pandion haliaetus,train,29.736,0.0048426306,0.006468854,0.13621155737291554,0.018377693841615795,3223.3487519865826,277.56532437785785,3100.0901240102526,398.06092277878093,5903.451116191501,970.9223963306791
train_audio/osprey/XC1027115.ogg,XC1027115.ogg,osprey,Osprey,Pandion haliaetus,train,95.952,0.047750507,0.05722371,0.1853681044723241,0.05140420911293907,3948.112123760023,625.8111881395478,2661.414700039092,1062.6101292959122,6834.903301100367,1924.6124377438814
train_audio/osprey/iNat1141360.ogg,iNat1141360.ogg,osprey,Osprey,Pandion haliaetus,train,32.0,0.005778816,0.003755575,0.06343873961456771,0.031143971320578088,3054.1544289430517,448.2761024289345,3693.992176277828,272.1003246603484,6687.421914042979,1338.3504920604637
train_audio/osprey/iNat516229.ogg,iNat516229.ogg,osprey,Osprey,Pandion haliaetus,train,34.99103125,0.015648372,0.005866454,0.029224090506401464,0.012260206209555051,1967.8470339430858,506.6459670947412,3258.009056375253,455.1051599378567,4383.20901920439,1537.8971294189714
train_audio/osprey/iNat1135468.ogg,iNat1135468.ogg,osprey,Osprey,Pandion haliaetus,train,66.3161875,0.006926064,0.018376192,0.04878842637967431,0.037009460432939345,2702.356909385546,1286.768293861557,3823.4013018585847,1023.9012208391373,6933.021712907117,3693.183609818612
train_audio/osprey/XC670351.ogg,XC670351.ogg,osprey,Osprey,Pandion haliaetus,train,33.69796875,0.005005233,0.004277993,0.2108413269014001,0.022225180066106708,4357.217044569336,481.3253270767317,3121.3972703574327,748.5111058023849,7661.240804461319,1653.4514067378889
train_audio/osprey/XC826075.ogg,XC826075.ogg,osprey,Osprey,Pandion haliaetus,train,21.768,0.017921938,0.022784898,0.23240788310525348,0.04826570501882089,4878.952302394943,759.8502163296068,3520.764440213762,775.3389634384974,8490.321914033799,2729.6197580549815
train_audio/osprey/XC194723.ogg,XC194723.ogg,osprey,Osprey,Pandion haliaetus,train,48.45715625,0.0066681486,0.013153784,0.1928278915793166,0.03971647761609403,4117.139339812981,716.1085863453773,2836.117344800405,555.6876584896539,7269.3390970617365,1834.6990851836365
train_audio/osprey/XC924318.ogg,XC924318.ogg,osprey,Osprey,Pandion haliaetus,train,23.797,0.023946296,0.042620897,0.20376455655661962,0.031638418690019834,3654.9285108910212,333.782454571502,2312.2223287531865,807.4035833373404,5391.780073924731,1635.8788249774302
train_audio/osprey/iNat1051351.ogg,iNat1051351.ogg,osprey,Osprey,Pandion haliaetus,train,33.343875,0.0035185544,0.0027583558,0.07769295075575816,0.03874882841492064,2052.611487525671,373.43016107775253,1819.273437397281,112.0849699667864,4136.65127159309,468.0278260049179
train_audio/osprey/iNat238753.ogg,iNat238753.ogg,osprey,Osprey,Pandion haliaetus,train,13.28184375,0.0068313144,0.002508225,0.056731112740673884,0.02049206385878581,1637.1443461442643,448.82046272674273,2279.800096704907,457.17904566548725,2814.117027677497,1191.1138992205724
train_audio/osprey/iNat792607.ogg,iNat792607.ogg,osprey,Osprey,Pandion haliaetus,train,14.535125,0.009932363,0.003443182,0.02694195200770077,0.024826126290601384,2016.045435385519,535.4867379906152,3397.879332496854,560.1586590366488,4751.718921892189,1913.18598232377
train_audio/osprey/iNat1569569.ogg,iNat1569569.ogg,osprey,Osprey,Pandion haliaetus,train,2.99496875,0.017488176,0.006674181,0.4269811751994681,0.04910610413938996,7354.109295468405,410.5977218359099,3958.9459338794322,133.93054685026434,12134.22539893617,430.838133545529
train_audio/osprey/iNat943167.ogg,iNat943167.ogg,osprey,Osprey,Pandion haliaetus,train,10.3096875,0.011854129,0.01009088,0.1079578488372093,0.05119866742378094,3429.3594276009358,718.7435491412077,3850.8419594634424,494.9224201497296,7689.874031007752,1761.5660140413731
train_audio/osprey/iNat120805.ogg,iNat120805.ogg,osprey,Osprey,Pandion haliaetus,train,46.94203125,0.0032487176,0.001900577,0.10656896381859236,0.05920470305839539,2514.4560402662796,598.835262996218,2790.754161500706,410.8003926741862,4402.005581117928,1179.5302287547988
train_audio/osprey/iNat412214.ogg,iNat412214.ogg,osprey,Osprey,Pandion haliaetus,train,9.3344375,0.014954392,0.028974887,0.07397962596318493,0.05566982665139675,1825.340538487875,557.5567244428302,2102.420818960833,429.66581973652126,2993.4985017123286,681.5927135895978
train_audio/osprey/iNat516228.ogg,iNat516228.ogg,osprey,Osprey,Pandion haliaetus,train,29.99871875,0.019791646,0.0043777875,0.08728255208333334,0.027953217858499732,2537.4003677687833,413.1079252015578,2965.077266413635,285.9137974486294,5339.4,1207.987019797812
train_audio/osprey/iNat383643.ogg,iNat383643.ogg,osprey,Osprey,Pandion haliaetus,train,4.0,0.09741151,0.01402369,0.01837766123007968,0.01870291442471516,1999.2029616973473,1159.7868637076228,3583.969512656731,748.396700799579,4483.316733067729,4065.6204314879365
train_audio/osprey/XC739086.ogg,XC739086.ogg,osprey,Osprey,Pandion haliaetus,train,28.872,0.01559312,0.005472661,0.045946318819252076,0.03268223364510687,1264.167316507741,293.73410097040477,1854.028769578628,306.2019690966258,2428.159626038781,671.8346344023043
train_audio/osprey/iNat908204.ogg,iNat908204.ogg,osprey,Osprey,Pandion haliaetus,train,14.88396875,0.01703145,0.016586715,0.10162386294978518,0.07898729174259765,2809.706945738865,1002.1601900151289,2944.080127458485,453.63157248297324,5881.948174006445,1842.65421913436
train_audio/osprey/iNat173577.ogg,iNat173577.ogg,osprey,Osprey,Pandion haliaetus,train,26.85284375,0.26500762,0.17302606,0.011944132947438952,0.02398917327568684,676.2338358254706,484.20327737021483,1572.9635284766991,432.38747901936523,1088.231462179869,1182.192185533096
train_audio/osprey/iNat1469254.ogg,iNat1469254.ogg,osprey,Osprey,Pandion haliaetus,train,9.35765625,0.011534199,0.0036638025,0.04716796875,0.029641213930649026,2010.5230738057667,608.3902929017637,2879.009822056329,530.407424606039,4328.178418803419,1628.534637003443
train_audio/osprey/iNat661776.ogg,iNat661776.ogg,osprey,Osprey,Pandion haliaetus,train,52.77896875,0.0053358157,0.0033337916,0.11201207397127917,0.10435648738171985,3964.467412660435,1910.4396865371589,4071.912099371979,692.9716943788422,8589.861511063958,2913.7329469112487
train_audio/osprey/iNat988036.ogg,iNat988036.ogg,osprey,Osprey,Pandion haliaetus,train,10.147125,0.021792851,0.016896438,0.018057178887795275,0.015613001903898928,1633.7427559607684,750.8031362731435,3108.940614117492,692.5488900373489,3581.7913385826773,2542.081245132443
train_audio/osprey/iNat794737.ogg,iNat794737.ogg,osprey,Osprey,Pandion haliaetus,train,4.551125,0.011520052,0.009490828,0.07196580317982457,0.05936757404148297,1545.4478337145247,888.493513979179,1935.4017543783739,441.1213302548331,2393.4758771929824,1473.2685580741063
train_audio/osprey/XC714754.ogg,XC714754.ogg,osprey,Osprey,Pandion haliaetus,train,59.97715625,0.0030123014,0.005204715,0.22877311553914378,0.07217331102390832,5177.2723384918945,1039.5341621028829,4522.200225956,771.3686125448672,10990.05568151507,2547.8082637998523
train_audio/osprey/XC447580.ogg,XC447580.ogg,osprey,Osprey,Pandion haliaetus,train,35.709375,0.003318008,0.0061200242,0.23056763132840502,0.04272374739357566,4369.766310467379,490.1267641252941,2508.1926661930966,469.8344557916531,7003.192204301075,1209.981486435438
train_audio/osprey/iNat1359015.ogg,iNat1359015.ogg,osprey,Osprey,Pandion haliaetus,train,47.616,0.043811146,0.054670822,0.019098242777964392,0.041853204903636074,883.7970180215291,766.3120948603026,1647.486270807537,654.4582761278792,1606.4725394692643,1259.2379356496294
train_audio/osprey/iNat555307.ogg,iNat555307.ogg,osprey,Osprey,Pandion haliaetus,train,4.201375,0.23866698,0.11271868,0.011419840185361217,0.0076689460451940025,418.4513425427663,150.85621027321758,1025.98546081426,332.82162489135186,537.1316539923954,366.4459938713419
train_audio/osprey/iNat449009.ogg,iNat449009.ogg,osprey,Osprey,Pandion haliaetus,train,11.122375,0.005900768,0.007159166,0.025090360093390805,0.029001403725420746,2135.6620681962086,1268.8738426571663,3740.584885726371,1130.167935526087,5418.934087643678,4354.048119696679
train_audio/osprey/iNat1231784.ogg,iNat1231784.ogg,osprey,Osprey,Pandion haliaetus,train,21.6183125,0.0031833812,0.0031590015,0.39333041038738903,0.07274123777988321,7015.830905017162,730.0162160080441,4173.234179499893,307.17541856909605,12082.262389053254,651.4735198199654
train_audio/osprey/iNat1230307.ogg,iNat1230307.ogg,osprey,Osprey,Pandion haliaetus,train,19.07809375,0.0012829726,0.00062897184,0.08735936845138306,0.05673623624723115,3427.1134909736106,635.7587131295016,4214.15427688904,230.3267977362855,8809.841261525566,1097.3669443322112
train_audio/osprey/iNat529427.ogg,iNat529427.ogg,osprey,Osprey,Pandion haliaetus,train,7.6485,0.10496952,0.043695744,0.2614323052583507,0.06769120000375475,5960.034244661309,765.1624920708192,4854.8628342434395,218.3378071939559,12141.114300626305,513.0750880501239
train_audio/osprey/XC434498.ogg,XC434498.ogg,osprey,Osprey,Pandion haliaetus,train,20.064,0.0055023693,0.02131607,0.20709933702689243,0.05813570949886465,5371.106735298206,1054.5345775527412,4725.629849031501,693.5147711642314,11713.010458167331,2401.1914242318276
train_audio/osprey/iNat479362.ogg,iNat479362.ogg,osprey,Osprey,Pandion haliaetus,train,10.20834375,0.040205367,0.017196346,0.08039447623239436,0.03914180233613672,1996.3147271759601,356.66062440948053,2506.7649103576287,216.74411493001892,4235.157472613459,937.5640622462226
train_audio/osprey/iNat1159553.ogg,iNat1159553.ogg,osprey,Osprey,Pandion haliaetus,train,23.14159375,0.00096710376,0.00060112344,0.23661495227194196,0.05781108974550846,5703.279370731354,531.0591701319149,4457.498499412606,317.1028478355642,10866.555805114029,877.1694255888046
train_audio/osprey/XC602073.ogg,XC602073.ogg,osprey,Osprey,Pandion haliaetus,train,33.552,0.013915293,0.029126877,0.32957518134830793,0.04946098996980805,6315.273915334595,615.1959553385245,4064.5467989964504,428.77014938280445,11590.175166825547,1578.2527899918277
train_audio/osprey/iNat988037.ogg,iNat988037.ogg,osprey,Osprey,Pandion haliaetus,train,14.976875,0.022650704,0.026893992,0.02084445037353255,0.016875631942627922,1755.339721565553,851.2044749924455,3161.6668010563994,792.7719298949622,4038.237059765208,2811.2279986941026
train_audio/osprey/iNat1589816.ogg,iNat1589816.ogg,osprey,Osprey,Pandion haliaetus,train,6.77996875,0.00054604106,0.00045693916,0.2434588738207547,0.07592053346980752,6866.760969636411,887.6580546366441,5101.289445184871,286.2285959347221,13164.099351415094,800.0868831604581
train_audio/osprey/iNat1131047.ogg,iNat1131047.ogg,osprey,Osprey,Pandion haliaetus,train,13.22646875,0.01986369,0.008709357,0.02943916735943168,0.042163858786966046,1142.498523640209,1010.6974468278419,1873.1444204876004,839.192816038273,2167.548367593712,2325.1421235140347
train_audio/osprey/iNat1584380.ogg,iNat1584380.ogg,osprey,Osprey,Pandion haliaetus,train,7.12853125,0.0039008406,0.0018542366,0.12082223934977579,0.048432934390979294,3738.8522513283096,557.8633743505433,4148.9128112421795,268.00752008392067,8804.161995515695,1041.2395471385967
train_audio/osprey/iNat1722929.ogg,iNat1722929.ogg,osprey,Osprey,Pandion haliaetus,train,10.0078125,0.013235483,0.0053669894,0.13761341229033547,0.04012953273296315,4112.210071210324,699.2693534595011,4215.454581825818,371.40070611176026,9508.361621405751,1215.90246246094
train_audio/osprey/XC109038.ogg,XC109038.ogg,osprey,Osprey,Pandion haliaetus,train,15.648,0.020195786,0.0400836,0.19129901765194077,0.04139674322283352,3647.798853677457,411.22233267472984,2574.008447805436,485.16294676126756,6050.242594484168,1047.7270360516645
train_audio/osprey/iNat758898.ogg,iNat758898.ogg,osprey,Osprey,Pandion haliaetus,train,40.9386875,0.0042270785,0.0017467842,0.1326705378077374,0.05245053095160924,4028.762342416803,698.8114554105235,3978.8974885380912,417.5157531829192,8730.516070730755,1411.9058490449693
train_audio/osprey/iNat105134.ogg,iNat105134.ogg,osprey,Osprey,Pandion haliaetus,train,22.2679375,0.07917071,0.08818909,0.02038012975933908,0.023194233775164358,703.0393884234253,596.0686442736258,1437.2411650275662,813.6439929739572,955.0444504310345,919.2652361705822
train_audio/osprey/iNat482127.ogg,iNat482127.ogg,osprey,Osprey,Pandion haliaetus,train,0.048,0.28929582,0.0331656,0.178466796875,0.04040287621523526,4770.846696879276,906.5398898949085,3103.2769020720525,568.6685487196398,8136.71875,2314.778622944792
train_audio/osprey/iNat200308.ogg,iNat200308.ogg,osprey,Osprey,Pandion haliaetus,train,42.9105,0.0014548503,0.000679641,0.1385806636255593,0.039627994727794824,3712.5915751979705,344.73979044018915,3733.9638607025113,318.7898932992177,8080.472828113348,941.4008746984995
train_audio/osprey/iNat100038.ogg,iNat100038.ogg,osprey,Osprey,Pandion haliaetus,train,22.2,0.0072393413,0.0051875557,0.1304836657961095,0.06255716439398154,2752.0131471415134,897.1116151861268,2422.106605288875,470.33144992244274,5015.017110951008,1752.1217973259475
train_audio/osprey/iNat525687.ogg,iNat525687.ogg,osprey,Osprey,Pandion haliaetus,train,68.784,0.08525186,0.046081174,0.06777321039244186,0.05775164918488447,1459.9858065153358,725.3695816763145,1918.41002081179,502.66454030067115,2655.875726744186,1305.4055504911512
train_audio/osprey/iNat535430.ogg,iNat535430.ogg,osprey,Osprey,Pandion haliaetus,train,4.945875,0.022733603,0.013252247,0.03366462953629032,0.019054032996553418,1324.9608049555482,430.1159570813662,2186.171030965518,413.7125037692075,2098.7903225806454,916.7055983902667
train_audio/osprey/iNat1346754.ogg,iNat1346754.ogg,osprey,Osprey,Pandion haliaetus,train,10.0078125,0.04696758,0.04149903,0.052920795477236424,0.0652361988491919,2510.4927272231957,1453.2035114647686,3530.8970158755965,703.7849379524594,5415.41034345048,3345.004756694398
train_audio/osprey/iNat293483.ogg,iNat293483.ogg,osprey,Osprey,Pandion haliaetus,train,25.425875,0.0033392764,0.0011605565,0.05148511202830189,0.03056431062277967,2608.962284036791,358.04924403868955,3251.719898095328,431.3120326208955,5627.977594339623,1322.7208807380189
train_audio/osprey/iNat79906.ogg,iNat79906.ogg,osprey,Osprey,Pandion haliaetus,train,13.52025,0.14929488,0.024477907,0.06953159629875887,0.03215038800985306,2142.7005845703975,348.81635092602454,2459.486561491334,188.77980621119877,4370.825945626478,636.6701958395589
train_audio/osprey/XC721669.ogg,XC721669.ogg,osprey,Osprey,Pandion haliaetus,train,13.3224375,0.01947109,0.051892348,0.08696681797719087,0.03994730105724432,2412.5153977730934,405.03404827257697,2870.6422487093005,351.7956133284989,4571.053421368548,840.8592368894474
train_audio/osprey/XC174764.ogg,XC174764.ogg,osprey,Osprey,Pandion haliaetus,train,71.39265625,0.007805632,0.012865857,0.18772067292880348,0.052641067692579396,3518.3149389667824,547.5574520946193,2869.8025759347365,470.4061912359704,6225.34940062738,1033.1987203100903
train_audio/osprey/iNat740843.ogg,iNat740843.ogg,osprey,Osprey,Pandion haliaetus,train,2.8444375,0.0329244,0.026842477,0.042230841818820225,0.08453774124324688,1232.3031301890642,1324.5924004880876,2097.715455316748,770.4660815831212,2009.3047752808989,2503.369853007401
train_audio/osprey/iNat1703509.ogg,iNat1703509.ogg,osprey,Osprey,Pandion haliaetus,train,49.057,0.051218353,0.031795558,0.04780953242174764,0.045365805694864376,1671.8273768223964,624.0207572358706,2529.5834186421016,398.855459699477,3200.144685360287,1569.2338750362667
train_audio/osprey/iNat1194943.ogg,iNat1194943.ogg,osprey,Osprey,Pandion haliaetus,train,38.06209375,0.009219027,0.005486797,0.0806111499711013,0.035282923975034845,3289.8939046078813,645.039252906802,4254.282163004251,491.5393492918434,8620.540405632619,2431.9385124789883
train_audio/osprey/iNat50258.ogg,iNat50258.ogg,osprey,Osprey,Pandion haliaetus,train,25.86703125,0.001195334,0.00095405156,0.2497569162608225,0.035749723849222474,4735.246651922057,426.8330474277884,3297.604855928251,293.49008111770695,8059.388528138528,995.9579907127885
train_audio/osprey/iNat1371014.ogg,iNat1371014.ogg,osprey,Osprey,Pandion haliaetus,train,17.7999375,0.0073050354,0.004498972,0.05998708445642408,0.045047030581892585,3549.295311717185,983.3498952874671,4297.20875360477,540.381089877497,8939.507524707997,2330.0440924899003
train_audio/osprey/iNat496238.ogg,iNat496238.ogg,osprey,Osprey,Pandion haliaetus,train,13.723,0.023880085,0.018586313,0.11270475943327506,0.035137381891490675,3358.3614569594615,409.98500755039413,3204.154551475654,479.1460040497341,6964.270104895105,1406.3962333045592
train_audio/osprey/iNat916948.ogg,iNat916948.ogg,osprey,Osprey,Pandion haliaetus,train,44.12953125,0.0070286538,0.005750123,0.025006052634559624,0.023299540946681328,1286.4442481748638,462.9606356966721,2309.8429351270074,420.9837951313066,2306.3043675244653,950.3292352658177
train_audio/osprey/iNat100041.ogg,iNat100041.ogg,osprey,Osprey,Pandion haliaetus,train,24.816,0.0037389726,0.0042426926,0.10752695614529639,0.025103030439472655,2486.5671355119593,373.91319656482847,2527.034310798736,391.6192375547564,4656.964803479382,1133.7720446147084
train_audio/osprey/XC301217.ogg,XC301217.ogg,osprey,Osprey,Pandion haliaetus,train,124.872,0.0028383434,0.011623189,0.1084118879123959,0.03503635211733399,3097.682523790094,448.28516104794585,3330.1979953685377,416.1299168746652,6199.089125560538,1240.0310317631597
train_audio/osprey/iNat132489.ogg,iNat132489.ogg,osprey,Osprey,Pandion haliaetus,train,5.2245,0.0011456296,0.00029806886,0.09980199971330275,0.01896437661274218,3209.7995149903477,255.62079351650556,3696.7655941914427,150.32892007790642,7671.875,592.4937418216831
train_audio/osprey/iNat38128.ogg,iNat38128.ogg,osprey,Osprey,Pandion haliaetus,val,30.03696875,0.045067787,0.07563834,0.013836455421325878,0.01446602774920392,1205.1883072899107,526.8512443657626,2329.3927950435004,533.4295069542472,2492.054379659212,1446.3838953979455
train_audio/osprey/XC460749.ogg,XC460749.ogg,osprey,Osprey,Pandion haliaetus,val,65.208,0.03051558,0.055897042,0.2558968705915726,0.06417217921987564,4802.816962565817,808.5569472711093,3066.116940561904,794.5573828838195,7633.629017419038,1956.0290277157399
train_audio/osprey/XC994089.ogg,XC994089.ogg,osprey,Osprey,Pandion haliaetus,val,7.58709375,0.002605399,0.0028540094,0.13017783717105263,0.04305167540815185,3884.84075168631,456.3537926923462,4060.281550221835,475.3617488723134,8870.361842105263,1248.980082522294
train_audio/osprey/XC580785.ogg,XC580785.ogg,osprey,Osprey,Pandion haliaetus,val,68.5191875,0.0011577648,0.0007348274,0.09742710096602848,0.038438801822811584,2853.433133885206,298.6600262469462,2822.7792644199594,193.76020400073114,5993.447933691338,508.26949823123874
train_audio/osprey/XC254695.ogg,XC254695.ogg,osprey,Osprey,Pandion haliaetus,val,25.18203125,0.015845308,0.006380548,0.07366035975222364,0.012721639016615272,2076.945406141585,304.322869707224,2768.6882672571355,309.3512688534486,3114.13000317662,962.5009500383023
train_audio/osprey/XC466220.ogg,XC466220.ogg,osprey,Osprey,Pandion haliaetus,val,42.8408125,0.002426012,0.013628402,0.2288430906926811,0.03952466279139072,4614.792357211709,613.0342768471626,2922.047193026093,454.3424524472903,7749.3698655713215,1398.4933069354602
train_audio/osprey/iNat1201682.ogg,iNat1201682.ogg,osprey,Osprey,Pandion haliaetus,val,14.72146875,0.015027614,0.016210062,0.1326974543634636,0.07446881018931084,5353.810310113853,1503.4929037472834,5240.862210701769,617.2709879910551,12009.110342019543,2353.970200950904
train_audio/osprey/iNat1004561.ogg,iNat1004561.ogg,osprey,Osprey,Pandion haliaetus,val,9.68128125,0.05759997,0.057431493,0.023058800020627063,0.042008905615059135,1051.4891058113787,742.2381410997247,1991.8461706049616,590.8007365607589,1780.270214521452,1516.8599432586584
train_audio/osprey/iNat567366.ogg,iNat567366.ogg,osprey,Osprey,Pandion haliaetus,val,13.11928125,0.01401308,0.007180201,0.028159536966463415,0.020775576817387533,1228.4275075651205,248.51772264657734,2126.725588184343,174.22686997660662,2572.4466463414633,519.2097828446203
train_audio/osprey/iNat1600637.ogg,iNat1600637.ogg,osprey,Osprey,Pandion haliaetus,val,7.415875,0.038957976,0.024256663,0.0422784213362069,0.02473539784965981,1400.5379855073702,359.39782460827104,2051.5834082008532,257.84840840810693,2419.1810344827586,1139.3788692661838
train_audio/osprey/iNat525678.ogg,iNat525678.ogg,osprey,Osprey,Pandion haliaetus,val,5.352,0.05033616,0.01837865,0.09231722248134329,0.11758352459798058,2487.0974552934917,1529.4479062041319,3179.872126598135,441.15051622938626,4602.145522388059,2627.855989488607
train_audio/osprey/iNat439593.ogg,iNat439593.ogg,osprey,Osprey,Pandion haliaetus,val,6.6176875,0.018538566,0.016008582,0.15035288345410627,0.09605983609445276,4699.202274197319,1282.7313394635703,4240.264572539845,393.03879174195725,9877.679649758455,1283.3844910262007
train_audio/osprey/XC42192.ogg,XC42192.ogg,osprey,Osprey,Pandion haliaetus,val,22.83103125,0.00842377,0.021464422,0.19264286418185003,0.03975170162204226,3909.2918704012077,386.2556821628477,3117.8018022393776,743.6174159290347,6588.417571829012,1561.2422012835432
train_audio/osprey/iNat302955.ogg,iNat302955.ogg,osprey,Osprey,Pandion haliaetus,val,15.19709375,0.01711738,0.019797305,0.2661924342105263,0.07346971415858154,5307.223777132472,750.5285424447693,3837.0572861706846,206.04596646994852,9150.263157894737,703.1623766612302
train_audio/osprey/iNat307692.ogg,iNat307692.ogg,osprey,Osprey,Pandion haliaetus,val,48.70890625,0.027875733,0.051039785,0.2924694042487685,0.09935948435042537,5427.740276364135,1618.859548630948,3352.4578405210077,1171.271363640538,9056.655377668309,3953.126155574748
train_audio/osprey/iNat1138216.ogg,iNat1138216.ogg,osprey,Osprey,Pandion haliaetus,val,45.2789375,0.009959432,0.004497889,0.04573124861969965,0.01566175367117437,1562.27389337674,237.35563317639736,2047.014908996774,269.74890033908196,2707.679991166078,596.3626450516749
train_audio/osprey/iNat658506.ogg,iNat658506.ogg,osprey,Osprey,Pandion haliaetus,val,7.05884375,0.009980664,0.002564088,0.029990632070135748,0.015049547274384175,1187.2070753121516,271.59611711027844,2077.807643268371,221.83225070056534,2032.310520361991,623.0367052474429
train_audio/osprey/XC598006.ogg,XC598006.ogg,osprey,Osprey,Pandion haliaetus,val,71.83675,0.072927564,0.03574783,0.03943616021714922,0.027221408502189032,2446.7773206210904,477.21291650175635,3699.3048957563597,283.0887352987516,6615.830317371938,1467.412989062032
train_audio/osprey/XC602071.ogg,XC602071.ogg,osprey,Osprey,Pandion haliaetus,val,35.52,0.022660233,0.017921021,0.20036349582113913,0.026743168704559044,4678.352408786394,543.4225963527592,3923.8756243587395,500.4984789879761,9510.531573615488,2093.205652271023
train_audio/osprey/XC455158.ogg,XC455158.ogg,osprey,Osprey,Pandion haliaetus,val,10.161625,0.024313822,0.04562613,0.24176831515330188,0.032997145945158915,4997.902838919225,528.7746562243672,3718.9627343582583,643.6258865287,9412.981525157233,1676.2718667678837
train_audio/osprey/iNat131913.ogg,iNat131913.ogg,osprey,Osprey,Pandion haliaetus,val,4.14475,0.002407821,0.0017014538,0.1084735576923077,0.05499062710167157,2699.556479318726,928.4094324777217,3277.6677567131455,573.1182566055245,4445.7932692307695,2517.4717663325678
train_audio/osprey/iNat119998.ogg,iNat119998.ogg,osprey,Osprey,Pandion haliaetus,val,3.71521875,0.011152845,0.01026903,0.046977685756437765,0.03667299633718711,1552.37354693758,733.4516767561007,2444.8658062224563,832.5396655982673,2956.81330472103,1670.5040986737042
train_audio/osprey/iNat1111429.ogg,iNat1111429.ogg,osprey,Osprey,Pandion haliaetus,val,6.3796875,0.022786284,0.014653226,0.022536810776942355,0.02167099988308433,1769.7232082333471,520.1363858085942,3016.529310235995,354.16835005051905,5055.725250626567,1932.1060400846316
train_audio/osprey/iNat1166259.ogg,iNat1166259.ogg,osprey,Osprey,Pandion haliaetus,val,15.5109375,0.018177168,0.01257798,0.18305211018041237,0.058874385868225035,4720.976791549537,737.4116618040841,3703.1762219319244,464.71778203376795,9047.938144329897,1025.2578357229206
train_audio/osprey/iNat483963.ogg,iNat483963.ogg,osprey,Osprey,Pandion haliaetus,val,8.01090625,0.0013185695,0.0014688288,0.10083348927145709,0.027520724208451083,3123.834144995713,438.693000539583,3168.8557718745633,420.5630243719923,6731.911177644711,1199.7242954943488
train_audio/osprey/iNat505790.ogg,iNat505790.ogg,osprey,Osprey,Pandion haliaetus,val,12.93353125,0.0010308829,0.00048109537,0.11962226707354759,0.028097307468336878,3426.927777905864,348.31410371459134,3504.1051203909324,328.5520913689864,7377.279048207663,1056.6032135036787
train_audio/osprey/iNat1261392.ogg,iNat1261392.ogg,osprey,Osprey,Pandion haliaetus,val,11.2,0.0034396523,0.0011081209,0.07994299438302425,0.046188008608726315,2505.7374406920158,311.9818082053734,3078.678925328232,248.00435767286723,5082.159415121256,579.1816647721926
train_audio/osprey/XC109330.ogg,XC109330.ogg,osprey,Osprey,Pandion haliaetus,val,22.3085625,0.017241886,0.015423431,0.20995953741039428,0.044935459119904674,4857.099631854145,600.6715252004727,4135.20786060774,399.7321940116279,9956.350806451614,1487.198876247071
train_audio/osprey/XC452068.ogg,XC452068.ogg,osprey,Osprey,Pandion haliaetus,val,11.28,0.021155875,0.053013153,0.5449080426699717,0.162140379612474,8598.953600730738,1798.8121704758646,3799.7096948967246,490.5166664057206,12517.063562322946,1907.2997902811178
train_audio/osprey/iNat328833.ogg,iNat328833.ogg,osprey,Osprey,Pandion haliaetus,val,7.14584375,0.02809071,0.0205343,0.04445981019295302,0.022384446061657733,3075.5191659453635,691.7232062299072,4157.231364771651,367.1740825911142,7985.423657718121,1677.7152292089938
train_audio/osprey/iNat632961.ogg,iNat632961.ogg,osprey,Osprey,Pandion haliaetus,val,8.05734375,0.12619509,0.07189842,0.011457170758928572,0.017264408993216507,539.0070480614525,493.60339297733583,1386.8987964932173,615.8590345503901,713.5106646825396,1204.0149373962593
train_audio/osprey/iNat376664.ogg,iNat376664.ogg,osprey,Osprey,Pandion haliaetus,val,44.625,0.02909641,0.03417161,0.04775198112679212,0.040517106364599,1548.7120657972064,779.9340638931332,1937.5113643976426,477.15038400795453,3471.8918010752686,1948.2069846109407
train_audio/osprey/iNat641019.ogg,iNat641019.ogg,osprey,Osprey,Pandion haliaetus,val,22.2911875,0.04191163,0.06229021,0.03345462136836442,0.02788904955277097,1476.5375194123687,631.6648325082922,2373.9229634668127,594.565420771597,2808.700233142037,1551.8860583139135
train_audio/osprey/iNat1613783.ogg,iNat1613783.ogg,osprey,Osprey,Pandion haliaetus,val,10.63475,0.007836235,0.0038909889,0.040884192904135336,0.035535159332301024,1531.2468410107122,450.33560754557766,2466.7996373695937,211.11354325116866,2468.1625939849623,963.4522824267864
train_audio/osprey/iNat534356.ogg,iNat534356.ogg,osprey,Osprey,Pandion haliaetus,val,5.688875,0.0012973488,0.0006752324,0.13119678283005617,0.04276341137830615,2722.731890388756,341.69245658279766,2419.981765371835,321.8169317014795,5143.477879213483,610.677453809931
train_audio/osprey/XC721671.ogg,XC721671.ogg,osprey,Osprey,Pandion haliaetus,val,63.08571875,0.07039152,0.113011025,0.14300647012902612,0.04703833404645798,2842.3828708995015,518.5503080382782,2218.911280485123,621.9252408594568,4469.035315749429,945.6976546282225
train_audio/osprey/iNat1599799.ogg,iNat1599799.ogg,osprey,Osprey,Pandion haliaetus,val,13.3050625,0.01741914,0.0121299345,0.1545392549954928,0.10995668009918262,3818.408451907745,1488.4355160004286,3403.3072875728094,880.3221011117812,7222.2243088942305,2233.4602286157387
train_audio/osprey/XC926548.ogg,XC926548.ogg,osprey,Osprey,Pandion haliaetus,val,17.009,0.009437428,0.012998368,0.17312323778195488,0.017144658744778017,4343.425453213604,379.0189097307242,4012.1495575610165,459.18475300102034,9380.93280075188,1612.787362325352
train_audio/osprey/XC509477.ogg,XC509477.ogg,osprey,Osprey,Pandion haliaetus,val,3.395,0.024285102,0.016659416,0.02210103066314554,0.024173719713212725,1200.042360278491,618.0932512865459,2437.7026471203526,409.52598145926396,1873.1660798122066,1435.6537574199097
train_audio/osprey/iNat1285384.ogg,iNat1285384.ogg,osprey,Osprey,Pandion haliaetus,val,2.72709375,0.09086627,0.048659895,0.2371819033260234,0.045222555681538774,4951.203560656748,706.1335405493354,3571.008558116445,232.78248144962072,9076.663011695906,1361.0887642264029
train_audio/osprey/iNat426414.ogg,iNat426414.ogg,osprey,Osprey,Pandion haliaetus,val,36.75,0.0028007003,0.005283443,0.12922383475729213,0.049638273187229916,2786.10770061348,584.5479145662086,2413.5136809347096,175.7547438425005,5618.047997387897,802.6377802933793
train_audio/osprey/iNat780640.ogg,iNat780640.ogg,osprey,Osprey,Pandion haliaetus,val,11.05271875,0.02234252,0.005274881,0.024529949801013026,0.017649693179140568,1111.772532774599,400.8817380500475,1983.2189021253512,386.20954971684,2071.477026049204,1044.2053717299725
train_audio/osprey/iNat328114.ogg,iNat328114.ogg,osprey,Osprey,Pandion haliaetus,val,43.824,0.016060662,0.017330183,0.18113398865191604,0.03419475156232145,4312.867924766479,746.6862966966773,3615.1693296045582,752.653665820378,8358.816149635037,2463.163340933514
train_audio/osprey/iNat492734.ogg,iNat492734.ogg,osprey,Osprey,Pandion haliaetus,val,5.87465625,0.0026558943,0.0010996155,0.07579902980638586,0.059388672588199534,2656.009772027254,469.36649801612396,3013.2270697612753,371.16759697349136,5868.418817934783,767.925483841929
train_audio/osprey/iNat789164.ogg,iNat789164.ogg,osprey,Osprey,Pandion haliaetus,val,11.776,0.009496589,0.008999572,0.17695657013229307,0.08729237470677063,4197.552988783208,1265.0961002246468,3830.175786934884,467.0318317111245,8342.626356852103,1486.7391492212732
train_audio/osprey/iNat994193.ogg,iNat994193.ogg,osprey,Osprey,Pandion haliaetus,val,11.26165625,0.018948372,0.004284851,0.09436312588778409,0.07800173567056867,3661.894520040702,1426.2165277594593,4352.792266472756,652.1652794628616,9143.022017045454,2901.6022080958937
train_audio/osprey/XC1018235.ogg,XC1018235.ogg,osprey,Osprey,Pandion haliaetus,val,145.06390625,0.058473416,0.03395135,0.1881746111413643,0.041479540202785825,3807.927179577513,404.2111146987925,3020.4337669149522,497.5933969197923,7019.996967023271,1218.055376007285
train_audio/osprey/iNat971456.ogg,iNat971456.ogg,osprey,Osprey,Pandion haliaetus,val,45.568,0.016376523,0.027654938,0.06287756531897157,0.020542455464296613,1163.2962492219451,267.0897791555879,868.0344775620999,98.61248190427581,1963.0078536328535,435.94360749858896
train_audio/osprey/iNat618724.ogg,iNat618724.ogg,osprey,Osprey,Pandion haliaetus,val,14.027,0.035045464,0.007521261,0.06812275067702395,0.03051743466769518,1576.5406576940748,573.4883383130706,1881.7519447453328,428.6536388625992,2560.4867445838086,1573.13392900717
train_audio/osprey/iNat1538891.ogg,iNat1538891.ogg,osprey,Osprey,Pandion haliaetus,val,13.85996875,0.0055989604,0.0035271195,0.031046690275374857,0.03478352922214676,2077.0890501895146,644.6124136950399,3709.5925007594537,477.1807514134167,4239.907727797001,2265.382703714772
train_audio/osprey/iNat1140543.ogg,iNat1140543.ogg,osprey,Osprey,Pandion haliaetus,val,12.63165625,0.12902196,0.088279106,0.019795787183544303,0.016920321852684626,713.8340972804591,539.9973771107399,1255.945150410656,687.2879714429648,1242.5237341772151,1288.8411578977136
train_audio/osprey/iNat1618941.ogg,iNat1618941.ogg,osprey,Osprey,Pandion haliaetus,val,26.26178125,0.0019232432,0.00055884063,0.06116005157582217,0.03321198056389814,3170.5644705179143,650.1857427428848,3827.962993472894,321.52369936653184,7304.497183313033,1411.744190877587
train_audio/osprey/iNat329328.ogg,iNat329328.ogg,osprey,Osprey,Pandion haliaetus,val,2.89584375,0.022591075,0.022696422,0.051361252589779006,0.04240472046289704,3241.819431342102,1264.7944459867178,3998.3648511799784,585.616635754671,7689.399171270718,2652.305357797381
train_audio/osprey/iNat186555.ogg,iNat186555.ogg,osprey,Osprey,Pandion haliaetus,val,32.91428125,0.009519773,0.009015557,0.06343646554603985,0.07235001716529113,2186.959456186494,1239.1149279200497,2939.9408293364054,725.0361621865553,4236.69065840622,2704.699834060721
train_audio/osprey/XC783486.ogg,XC783486.ogg,osprey,Osprey,Pandion haliaetus,val,11.9803125,0.041275278,0.012824,0.022228205315420562,0.011428600293119666,1082.0442001001554,147.98985491973266,2049.459320789567,109.31942385746754,1867.5734312416555,269.0449464171971
train_audio/osprey/iNat1571168.ogg,iNat1571168.ogg,osprey,Osprey,Pandion haliaetus,val,15.8128125,0.0049288464,0.004926503,0.15830779196157735,0.05397210583784421,3842.1390690612466,518.1880094440309,3488.150465156215,481.27087676129327,7326.402932254803,1263.7931592954794
train_audio/osprey/iNat1122191.ogg,iNat1122191.ogg,osprey,Osprey,Pandion haliaetus,val,35.6906875,0.056731436,0.05014797,0.1169935882171672,0.13763138300858724,3870.423182642792,2159.5507896871845,4065.505013943323,877.9126275662253,8237.876792917974,3815.526585768426
train_audio/osprey/iNat201802.ogg,iNat201802.ogg,osprey,Osprey,Pandion haliaetus,val,22.63946875,0.123203,0.09707556,0.020305598498233216,0.016332710084851976,1247.6608667600428,855.6912635186482,2213.354825624384,951.5093418934114,2564.8189045936397,2523.0798472574015
train_audio/osprey/iNat896792.ogg,iNat896792.ogg,osprey,Osprey,Pandion haliaetus,val,13.07028125,0.009674513,0.0026123447,0.07885353714045287,0.042075158924153165,3345.076409292443,758.6287798149024,3789.5678898096603,219.9417227236126,8279.22276621787,528.5686366493816
train_audio/osprey/XC685801.ogg,XC685801.ogg,osprey,Osprey,Pandion haliaetus,val,7.368,0.0030587022,0.0017528555,0.06988141438449023,0.03528524542909547,3205.3537291733137,649.8686976344611,4302.455619182404,256.76924061712685,8645.166757049892,1517.2800049966877
train_audio/osprey/iNat606593.ogg,iNat606593.ogg,osprey,Osprey,Pandion haliaetus,val,12.58521875,0.014578213,0.010455253,0.09489097740628971,0.05418574295802682,3068.0414420215384,770.1029469066442,3603.089237448701,448.16854983626365,6894.81416772554,1573.4194401131845
train_audio/osprey/iNat91602.ogg,iNat91602.ogg,osprey,Osprey,Pandion haliaetus,val,19.36546875,0.011759621,0.010121187,0.08687132277043766,0.0483753244201572,1980.213010051653,542.4319323889991,2221.9261137805606,346.5307012734048,3613.490916597853,896.520065476788
train_audio/osprey/XC994090.ogg,XC994090.ogg,osprey,Osprey,Pandion haliaetus,val,70.97178125,0.013575383,0.014165257,0.11474169085324616,0.03309373811395879,3690.6635586387215,417.453334418834,4072.8395430026317,378.3190356252269,8725.238108656447,1042.080322301033
train_audio/osprey/iNat1619932.ogg,iNat1619932.ogg,osprey,Osprey,Pandion haliaetus,val,7.9876875,0.034876715,0.05869299,0.0497607421875,0.034185901709092845,2092.5399472293475,893.2171395047288,2800.4830081625973,769.6405191085381,4792.0,2321.258469626444
train_audio/osprey/XC333145.ogg,XC333145.ogg,osprey,Osprey,Pandion haliaetus,val,48.0,0.049248338,0.035657607,0.10353482432939021,0.06923541496880226,2703.197592334048,632.9415197763805,3187.9708442237957,440.9471724712014,5449.2669110296565,1152.848325521598
train_audio/osprey/iNat430169.ogg,iNat430169.ogg,osprey,Osprey,Pandion haliaetus,val,56.331125,0.019102247,0.031851098,0.39126069476001135,0.09790140314323376,7196.9263921444835,1226.8285478349226,3920.3420663883894,602.1234342937086,11904.741195683044,2602.5719972470297
train_audio/osprey/XC272312.ogg,XC272312.ogg,osprey,Osprey,Pandion haliaetus,val,63.2163125,0.06383031,0.14159057,0.17215274702682187,0.04344793685650965,4274.458898610019,854.2549833074978,3913.7354638714087,694.8970214471569,8971.06291118421,2262.98837495568
train_audio/osprey/XC977163.ogg,XC977163.ogg,osprey,Osprey,Pandion haliaetus,val,29.61796875,0.013730956,0.006474412,0.01640461536514579,0.02780403248457462,1399.174285428294,490.2235857968155,2972.3770547849845,459.32195189827974,2447.851984341253,1720.6839391841227
train_audio/osprey/XC520049.ogg,XC520049.ogg,osprey,Osprey,Pandion haliaetus,val,18.912,0.0073104375,0.009896055,0.12022697855029586,0.040725622360547775,4321.894865812604,614.4406610328537,3772.8329893759455,561.1069765772502,8518.055262045647,1477.4284938108053
train_audio/osprey/iNat530152.ogg,iNat530152.ogg,osprey,Osprey,Pandion haliaetus,val,26.98159375,0.022959154,0.018076168,0.06421028684425015,0.019806468199107936,2200.6280509104727,340.74331114062744,2610.984186183591,259.68142715013505,4698.429164196799,855.6673898953569
train_audio/osprey/iNat1361039.ogg,iNat1361039.ogg,osprey,Osprey,Pandion haliaetus,val,0.1045,0.5350787,0.12746559,0.15269252232142858,0.04362616181180288,3754.125588985507,507.4165783684973,3043.8071849467697,235.9052410205765,6089.285714285715,1173.8440090800232
train_audio/osprey/XC288796.ogg,XC288796.ogg,osprey,Osprey,Pandion haliaetus,val,21.0024375,0.0098317405,0.018407028,0.05703556383282559,0.04446355084917277,2416.9867009238533,1054.8167911520634,3478.005708771317,665.0385576038076,5435.4293602437165,2922.673922433389
train_audio/osprey/iNat733055.ogg,iNat733055.ogg,osprey,Osprey,Pandion haliaetus,val,5.7585625,0.024708007,0.03658402,0.031175401475694444,0.03239791574380459,1278.3965646989025,595.1530701799971,2173.810555332783,456.4925259062922,2101.6927083333335,1182.6191425946083
train_audio/osprey/iNat1144757.ogg,iNat1144757.ogg,osprey,Osprey,Pandion haliaetus,val,6.74540625,0.0123773115,0.006180782,0.2782138625592417,0.07680053347603018,6478.347041472566,700.8111297034809,4208.602449288086,191.796136957017,10219.157286729858,515.5255323723244
train_audio/osprey/iNat785722.ogg,iNat785722.ogg,osprey,Osprey,Pandion haliaetus,test,11.05271875,0.0028299175,0.0012764261,0.10140774805535456,0.03369449168438262,2659.7576769823163,288.9613566363512,2865.233521947727,353.21164032519266,5070.4368668596235,843.8301240931008
train_audio/osprey/iNat88041.ogg,iNat88041.ogg,osprey,Osprey,Pandion haliaetus,test,5.03871875,0.026399724,0.014297385,0.11031746031746031,0.049749647284027185,3457.66708877166,910.587674620143,3885.3644324908128,505.3915711630652,7909.077380952381,2266.836308255819
train_audio/osprey/XC708890.ogg,XC708890.ogg,osprey,Osprey,Pandion haliaetus,test,27.768,0.011960349,0.0038189418,0.327536868609591,0.036052890378479606,6470.647330093121,325.83228637290966,4428.808372691316,118.4536751104493,12387.141777073733,411.12993851145603
train_audio/osprey/iNat1618940.ogg,iNat1618940.ogg,osprey,Osprey,Pandion haliaetus,test,13.46759375,0.0023744437,0.0007808855,0.05891211865350356,0.03278142646923712,2868.9658186226798,541.173566701289,3561.8728587823766,361.6880737331264,6375.371140142518,1271.0906681804404
train_audio/osprey/iNat80362.ogg,iNat80362.ogg,osprey,Osprey,Pandion haliaetus,test,5.7278125,0.008830408,0.0038844992,0.17792532297486033,0.01433212338929133,4183.331468259062,250.58716492153627,3850.4013028927407,292.5914385731406,8703.474162011173,931.3278190251914
train_audio/osprey/iNat1512917.ogg,iNat1512917.ogg,osprey,Osprey,Pandion haliaetus,test,4.0635,0.0035440295,0.0024492056,0.14952940452755906,0.0661370523330751,4177.67276628149,1609.3306096724575,3873.864144822618,745.7458595691951,8421.136811023622,2921.6357421488133
train_audio/osprey/iNat27261.ogg,iNat27261.ogg,osprey,Osprey,Pandion haliaetus,test,16.008,0.014492861,0.009184341,0.07245781562187813,0.042283588520025985,2087.9325878221566,488.47824707077933,2603.4859163625542,293.6154318078854,3956.918081918082,1041.0653506293138
train_audio/osprey/iNat287585.ogg,iNat287585.ogg,osprey,Osprey,Pandion haliaetus,test,4.096,0.0051637106,0.004422781,0.23344213582198445,0.10456139180604329,4596.815228861137,1247.297351381479,3141.5980663163555,649.3190849779742,7751.215953307393,1590.738398408907
train_audio/osprey/iNat1355409.ogg,iNat1355409.ogg,osprey,Osprey,Pandion haliaetus,test,5.5,0.016562894,0.010816116,0.037374806958575583,0.020935455381493537,2479.6222410242303,621.9340954949358,3930.015253162832,414.6530114781652,7073.764534883721,2692.467375983809
train_audio/osprey/iNat284592.ogg,iNat284592.ogg,osprey,Osprey,Pandion haliaetus,test,12.95675,0.002497155,0.0007577752,0.20915858892746914,0.04499040582356944,4559.30260788288,601.9917223460244,4020.338855970569,343.50665906872473,9608.873456790123,812.9530368009673
train_audio/osprey/iNat758899.ogg,iNat758899.ogg,osprey,Osprey,Pandion haliaetus,test,18.7946875,0.0069284188,0.0014487795,0.06287898936170212,0.02315072492914423,2975.692678627612,435.7669586823714,3743.9763794451546,354.8661962273246,7175.33244680851,1220.066500159547
train_audio/osprey/iNat426412.ogg,iNat426412.ogg,osprey,Osprey,Pandion haliaetus,test,63.325,0.011877801,0.02470464,0.09964613796424962,0.05899053603857056,2269.570110195638,844.9859498633426,2137.9936022793727,413.1402564307412,4573.245641738252,1578.3816973913733
train_audio/osprey/XC575221.ogg,XC575221.ogg,osprey,Osprey,Pandion haliaetus,test,5.72,0.0033817724,0.0024805728,0.150400172398743,0.08142298206314912,3811.553673351756,821.9951792744373,3654.4911051923773,547.27084142186,7277.8456703910615,1190.2725455297493
train_audio/osprey/XC532161.ogg,XC532161.ogg,osprey,Osprey,Pandion haliaetus,test,9.6130625,0.04664315,0.04190164,0.1272163581530782,0.02842596710412186,3014.1513524360657,323.2312090234561,2990.445605302986,428.08367465523605,5312.967970049916,932.2181748515651
train_audio/osprey/iNat118402.ogg,iNat118402.ogg,osprey,Osprey,Pandion haliaetus,test,6.01396875,0.00086420536,0.00056676415,0.20821818899601063,0.04332782490397643,4829.2626363407,544.065257682491,4377.1864906587225,275.6683866088681,10504.197140957447,971.1799368487304
train_audio/osprey/XC760074.ogg,XC760074.ogg,osprey,Osprey,Pandion haliaetus,test,36.860375,0.009352444,0.02147288,0.3714247809516059,0.06113863082129052,6826.506795029105,688.3286330455401,3952.0541259908027,366.149909291907,11803.419325086805,1389.7402354027606
train_audio/osprey/XC466204.ogg,XC466204.ogg,osprey,Osprey,Pandion haliaetus,test,287.5036875,0.0043946947,0.015827095,0.1342515832388419,0.04628610057962372,3185.9426999645852,490.6440483443119,2848.184330568962,570.7039806743747,6007.352071623352,1270.5903791958588
train_audio/osprey/iNat1692289.ogg,iNat1692289.ogg,osprey,Osprey,Pandion haliaetus,test,0.072,0.5596887,0.11274015,0.2205078125,0.05012401459978649,5395.423790707363,370.1390595154451,3567.9678369110743,141.15454508917324,7943.75,535.242351650166
train_audio/osprey/XC183064.ogg,XC183064.ogg,osprey,Osprey,Pandion haliaetus,test,8.2024375,0.0228682,0.008598395,0.18821766873781676,0.022257484047259486,4834.57749878542,368.38680607144676,4213.551029528579,290.0742265202569,10377.345272904484,960.9164991641118
train_audio/osprey/iNat1570067.ogg,iNat1570067.ogg,osprey,Osprey,Pandion haliaetus,test,18.96525,0.002127925,0.0022755368,0.09550633036467117,0.04269682288614279,3211.2934740360615,404.9049652796634,3458.0751530886864,517.3763058816517,6880.401559865093,1216.028468671959
train_audio/osprey/iNat792610.ogg,iNat792610.ogg,osprey,Osprey,Pandion haliaetus,test,30.88128125,0.0117131835,0.005563577,0.08224669051009839,0.06192891016319869,2768.0533004781983,694.9091545221387,3192.3217762260074,717.4895229872941,5494.7485111341275,1534.0197511372714
train_audio/osprey/iNat110869.ogg,iNat110869.ogg,osprey,Osprey,Pandion haliaetus,test,3.9791875,0.02734935,0.019420864,0.10327638679718876,0.027707613936726966,2297.8021407097813,641.5217000643802,2618.9154528450363,655.703972040654,3754.2043172690765,2124.1455313992
train_audio/osprey/iNat1144047.ogg,iNat1144047.ogg,osprey,Osprey,Pandion haliaetus,test,7.720625,0.0014644597,0.001366234,0.09185652012163562,0.05811800974781045,2699.5289382785268,816.334031457441,3434.661360264089,454.73583301884025,5695.490424430642,1993.4052520512384
train_audio/osprey/iNat946673.ogg,iNat946673.ogg,osprey,Osprey,Pandion haliaetus,test,13.46759375,0.04010642,0.033495735,0.02515054372030879,0.02075200730733227,2000.167553408891,1011.4608596815318,3625.916828824732,850.0997972387433,4783.179928741092,3851.6326115137285
train_audio/osprey/iNat1413454.ogg,iNat1413454.ogg,osprey,Osprey,Pandion haliaetus,test,10.464,0.023743363,0.009475585,0.11112684875954199,0.06493773402424487,2409.808972507107,785.2295707150506,2315.244076631816,328.673647285872,4426.765267175572,1294.849171860591
train_audio/osprey/iNat628239.ogg,iNat628239.ogg,osprey,Osprey,Pandion haliaetus,test,4.82978125,0.04467173,0.02347272,0.023253181912251654,0.0086951880213273,981.4595230670632,222.15708109378153,1696.513954721028,209.6212267190766,1586.7653145695365,380.03936289044566
train_audio/osprey/iNat282608.ogg,iNat282608.ogg,osprey,Osprey,Pandion haliaetus,test,12.288,0.018177409,0.022743681,0.021207534135240572,0.014967838969495231,691.1714549152586,357.39889226332116,897.7224081082339,264.7322259700297,1509.712288686606,1047.3752458601457
train_audio/osprey/iNat743634.ogg,iNat743634.ogg,osprey,Osprey,Pandion haliaetus,test,9.00934375,0.008780571,0.0020019573,0.0543212890625,0.027255764117859464,1881.2234660872537,483.3698120844699,2626.4186420783544,456.0167960435697,3992.9909131205673,1119.2489591944673
train_audio/osprey/iNat751499.ogg,iNat751499.ogg,osprey,Osprey,Pandion haliaetus,test,17.904,0.019262223,0.024332236,0.10846165248325892,0.054986092314796405,2705.1330217072796,589.4963757449704,2795.75173936353,566.1257934081159,4713.197544642857,1159.5039509581234
train_audio/osprey/XC453006.ogg,XC453006.ogg,osprey,Osprey,Pandion haliaetus,test,205.128,0.00807887,0.01791703,0.14142218455073707,0.05268416097239742,3543.6816807802634,563.7501438912715,3602.1132268784427,686.6603905148078,6923.048611652757,1760.6935778809752
train_audio/osprey/iNat1693805.ogg,iNat1693805.ogg,osprey,Osprey,Pandion haliaetus,test,22.802,0.013240296,0.0077432105,0.07918648097826086,0.0458670392516869,3191.068091243141,919.1670160310492,4012.7053143255966,659.7334331695159,7871.855276998597,2041.0929304237086
train_audio/osprey/iNat563872.ogg,iNat563872.ogg,osprey,Osprey,Pandion haliaetus,test,13.2266875,0.03217318,0.0113786915,0.1886082272143289,0.04068816745417115,4685.246809961672,523.6819219708176,4129.762771936607,253.86147133252635,9991.649032648125,811.7558635723592
train_audio/osprey/iNat1152682.ogg,iNat1152682.ogg,osprey,Osprey,Pandion haliaetus,test,15.5109375,0.004272334,0.0008447003,0.056436251610824745,0.014753469845730281,2648.2678384232668,263.7987889233398,3419.959941840551,160.24442069523985,6326.73969072165,604.0088819183411
train_audio/osprey/iNat295741.ogg,iNat295741.ogg,osprey,Osprey,Pandion haliaetus,test,2.519375,0.0036321762,0.0023640294,0.09777059434335443,0.04831643128820235,2459.460080241076,515.9398924488407,2881.7826857955015,284.50822153281655,4737.6384493670885,830.8318212174094
train_audio/osprey/iNat1223106.ogg,iNat1223106.ogg,osprey,Osprey,Pandion haliaetus,test,4.39896875,0.0015553797,0.0020472473,0.26831498579545454,0.03674297576652437,4471.132193556164,305.27764813093495,2085.885695904576,269.0067101682462,6450.965909090909,235.3912609100217
train_audio/osprey/iNat532362.ogg,iNat532362.ogg,osprey,Osprey,Pandion haliaetus,test,6.1533125,0.0108787045,0.003403663,0.03739346590909091,0.016526372097536234,1853.0308310654173,304.42567683406605,2575.8135883615837,220.44317341647098,4592.288961038961,761.8103492486154
train_audio/osprey/iNat429573.ogg,iNat429573.ogg,osprey,Osprey,Pandion haliaetus,test,41.5158125,0.03494847,0.020323843,0.007084311777456647,0.007254971012792626,664.7585526904122,439.45370952481056,1856.6052651458067,640.9458914810593,894.8819845857419,1277.4040412646727
train_audio/osprey/iNat998657.ogg,iNat998657.ogg,osprey,Osprey,Pandion haliaetus,test,9.221,0.008906192,0.0047177994,0.06766461086438474,0.048467439918766154,2475.8589584447936,553.3919505267636,3011.526931867421,286.06281293963025,5057.923526863085,1063.5467331133257
train_audio/osprey/iNat1102521.ogg,iNat1102521.ogg,osprey,Osprey,Pandion haliaetus,test,17.664,0.005073258,0.001334515,0.05132874363687783,0.029200576698143965,2089.7935162292033,376.41555263836193,2981.226657767241,266.0622586820446,4208.215497737557,888.4163436702586
train_audio/osprey/XC379017.ogg,XC379017.ogg,osprey,Osprey,Pandion haliaetus,test,7.758375,0.009640251,0.0057540135,0.11908726643041237,0.07094841427844337,2636.1577083272678,460.33638829748656,3057.985399513593,503.4684864770796,4771.681701030928,1042.9270760509821
train_audio/osprey/iNat1618665.ogg,iNat1618665.ogg,osprey,Osprey,Pandion haliaetus,test,16.927375,0.005785743,0.0012432729,0.11886463994565218,0.03166958339867244,3764.036051250421,358.65473521643554,3875.722078864552,246.97163606630616,7942.536034971645,892.6484499921751
train_audio/osprey/iNat717865.ogg,iNat717865.ogg,osprey,Osprey,Pandion haliaetus,test,25.6580625,0.01783268,0.017206617,0.07262787854582295,0.04499568646199783,3086.627555580355,942.3781680317729,3682.4492500933943,555.280104481027,7559.801667705736,2049.798608764361
train_audio/osprey/iNat24777.ogg,iNat24777.ogg,osprey,Osprey,Pandion haliaetus,test,13.16571875,0.006904187,0.0032575827,0.15621143586725394,0.055530081807765114,3085.7867539826684,499.9903201509418,2543.0461844115025,177.37333974427912,5784.059842041313,776.142819369584
train_audio/osprey/XC478514.ogg,XC478514.ogg,osprey,Osprey,Pandion haliaetus,test,37.7730625,0.001169781,0.0016519184,0.3617136210821686,0.12910640081355138,6609.519960420565,1334.339998760068,4624.444820479186,326.10804396854144,12547.411054637865,1690.2265476963983
train_audio/osprey/iNat281017.ogg,iNat281017.ogg,osprey,Osprey,Pandion haliaetus,test,10.88,0.009796247,0.017461253,0.21437626193098386,0.14856908751732442,4891.2500892397165,2028.9219182461961,3765.0174813211543,891.4885406529917,8735.843428781203,3053.470906212506
train_audio/osprey/iNat1170803.ogg,iNat1170803.ogg,osprey,Osprey,Pandion haliaetus,test,10.432,0.0031174198,0.000642597,0.048946269620980094,0.019957579720531082,1610.5753593014797,257.1090218948578,2142.4833397445345,245.80887350182712,3031.752488514548,689.0579950749385
train_audio/osprey/iNat298906.ogg,iNat298906.ogg,osprey,Osprey,Pandion haliaetus,test,23.40571875,0.029544959,0.024156187,0.09327840642088175,0.07522445641108048,4080.1359718442664,1655.870471751927,4560.097045131122,658.676127546763,9768.124145591251,3366.594982375196
train_audio/osprey/XC760076.ogg,XC760076.ogg,osprey,Osprey,Pandion haliaetus,test,24.23034375,0.0053592017,0.003036576,0.25295998349834986,0.022101595176270188,5236.964602753222,281.1800313116805,3869.300559715343,215.2194998623388,10039.377062706271,777.3160168313531
train_audio/osprey/XC899493.ogg,XC899493.ogg,osprey,Osprey,Pandion haliaetus,test,73.83953125,0.019929793,0.008715868,0.23441626320422534,0.016910109599813164,4405.495077802584,195.66429786430047,2855.4181401821443,200.39560908132256,6622.017199349946,323.77584938043316
train_audio/osprey/iNat236121.ogg,iNat236121.ogg,osprey,Osprey,Pandion haliaetus,test,3.912,0.033235695,0.03014501,0.05923947704081633,0.05461913995268936,1798.8440835333593,908.1552330818416,2501.7760726658,545.7509052656482,3365.3698979591836,1852.5489236838891
train_audio/osprey/XC144699.ogg,XC144699.ogg,osprey,Osprey,Pandion haliaetus,test,12.53878125,0.01693502,0.029069174,0.25851627272002553,0.06313118459828158,5181.8321464101155,808.176143349433,3229.275734450035,834.5518472977394,8530.213647959185,2363.1888495374383
train_audio/osprey/iNat1545860.ogg,iNat1545860.ogg,osprey,Osprey,Pandion haliaetus,test,9.5571875,0.040288452,0.032542255,0.07635232676630435,0.08035210124039568,3393.235247128606,1908.4927122426734,4055.20162093565,750.2904414072539,7474.446070234114,3616.3174728371146
train_audio/osprey/iNat132477.ogg,iNat132477.ogg,osprey,Osprey,Pandion haliaetus,test,8.37078125,0.0013511752,0.00048208502,0.09467344793654581,0.04691650067544269,4855.878911565744,830.4219391931166,5715.845443274227,252.26162583280518,13027.19465648855,748.0482810057929
train_audio/osprey/XC670352.ogg,XC670352.ogg,osprey,Osprey,Pandion haliaetus,test,40.75103125,0.06320364,0.0020159243,0.0004309604436592069,0.009232136222665874,733.2045816945456,270.7821498054144,2162.069291343684,147.50227950905523,896.035777385159,912.0591350480848
train_audio/osprey/iNat245926.ogg,iNat245926.ogg,osprey,Osprey,Pandion haliaetus,test,29.496,0.013002772,0.019870358,0.13974032122763017,0.04035803791293543,2904.5813120833777,370.5101865936823,2537.321111600939,511.69951960166657,4717.639981019523,929.2667734437506
train_audio/osprey/XC789397.ogg,XC789397.ogg,osprey,Osprey,Pandion haliaetus,test,5.376,0.0089342175,0.018509518,0.11535173636869436,0.029634713987325846,3153.0420472249552,446.7835337048399,3463.0098824720335,368.84600178986267,6518.916913946588,1205.5759463208651
train_audio/osprey/iNat927283.ogg,iNat927283.ogg,osprey,Osprey,Pandion haliaetus,test,5.607625,0.0010516354,0.0012190216,0.08224965500356125,0.0677123900579707,3295.5023665231124,779.7626855326536,4210.74130162486,520.690655023814,8204.326923076924,2134.8636653465787
train_audio/osprey/iNat133040.ogg,iNat133040.ogg,osprey,Osprey,Pandion haliaetus,test,8.34134375,0.015546636,0.019461444,0.1319332195881226,0.07333612694699997,3566.5402348101484,1350.2889427691468,3474.9513658097912,850.8939475105996,7209.650383141762,2476.0473029693917
train_audio/osprey/XC349609.ogg,XC349609.ogg,osprey,Osprey,Pandion haliaetus,test,104.208,0.01022385,0.017496102,0.12095395194484955,0.022812677144640296,3610.3947860555404,315.7910727797773,4328.725749088699,379.0299470353629,9621.073361221983,1288.3734021029672
train_audio/osprey/XC138771.ogg,XC138771.ogg,osprey,Osprey,Pandion haliaetus,test,2.79509375,0.00748004,0.0063793166,0.09581194196428572,0.023690629581156565,1886.7611623114522,347.0579023647978,1571.7907548885746,229.09221379795878,3290.8035714285716,612.1782786884546
train_audio/osprey/iNat100066.ogg,iNat100066.ogg,osprey,Osprey,Pandion haliaetus,test,7.9644375,0.008431799,0.0056611854,0.040630294615963854,0.03303156461253114,2260.3045600690753,656.5074837621992,3302.864412078412,494.2627814499406,4904.618473895583,1702.5688677017295
train_audio/osprey/XC540198.ogg,XC540198.ogg,osprey,Osprey,Pandion haliaetus,test,44.88,0.03590761,0.024743013,0.11256727353216323,0.020151848065410434,3785.2544667669467,300.3953149474252,4022.568506026743,449.7089220018956,8902.708481824662,1360.9490519085632
train_audio/osprey/XC384803.ogg,XC384803.ogg,osprey,Osprey,Pandion haliaetus,test,4.848,0.022219256,0.02126212,0.16164358038651316,0.02816326476423297,3492.970492807531,339.7529877015623,2820.5076487896654,760.0595090993702,6300.010279605263,1355.7026900340759
train_audio/osprey/iNat1639508.ogg,iNat1639508.ogg,osprey,Osprey,Pandion haliaetus,test,22.987,0.0017634539,0.00042539867,0.03799997009829506,0.019353976407277585,1683.6750172482768,407.5382113527127,2436.8016868424243,335.5072446807932,3402.455201809325,958.0515516063375
train_audio/osprey/iNat642910.ogg,iNat642910.ogg,osprey,Osprey,Pandion haliaetus,test,5.50315625,0.0061959918,0.0042325486,0.06416356286337209,0.05274912588108208,2320.2356467595896,547.7087996078262,2939.4161922998833,482.3203257419261,4584.938226744186,1169.8021253378565
train_audio/osprey/iNat398970.ogg,iNat398970.ogg,osprey,Osprey,Pandion haliaetus,test,13.1836875,0.0018250513,0.0002230482,0.060252958131067964,0.012264652725479273,2092.9407213732666,187.07100442826612,2794.5854531387167,181.8482546995184,4125.265473300971,596.4370173761517
train_audio/osprey/iNat1553307.ogg,iNat1553307.ogg,osprey,Osprey,Pandion haliaetus,test,16.60228125,0.02153089,0.0056201722,0.08818274701950866,0.015751887420269867,2451.1525983398237,258.24298614721255,2648.032108256989,211.88588851409602,5152.577071290944,594.8550974287292
train_audio/osprey/iNat360691.ogg,iNat360691.ogg,osprey,Osprey,Pandion haliaetus,test,7.08209375,0.020028362,0.013372281,0.02499823645598194,0.02088373777247367,1761.0200322863143,693.2030693145695,3027.983121054969,558.4906682341224,3597.6650677200905,1916.1290407835484
train_audio/osprey/XC825313.ogg,XC825313.ogg,osprey,Osprey,Pandion haliaetus,test,68.91103125,0.010454128,0.0063107107,0.03615435265265846,0.03359213472844081,2140.1369487881175,475.48155184263595,3465.8168756013238,287.52611778638686,4675.332307870908,1353.8073099065762
train_audio/osprey/iNat945688.ogg,iNat945688.ogg,osprey,Osprey,Pandion haliaetus,test,36.432125,0.1140544,0.11125116,0.05921321128731343,0.05527524659820459,1682.8143592027754,995.5174748164206,2244.2074397119372,678.5296719267551,3315.758066286216,2205.8142600643837
train_audio/osprey/iNat786260.ogg,iNat786260.ogg,osprey,Osprey,Pandion haliaetus,test,25.58840625,0.039100595,0.0064155115,0.04810882568359375,0.01142650402668483,1979.6274526758875,221.90125711297964,2789.413532646309,218.03001659649044,4225.224609375,595.7657842782214
train_audio/osprey/iNat969367.ogg,iNat969367.ogg,osprey,Osprey,Pandion haliaetus,test,8.8,0.035615426,0.038232364,0.03371267439882033,0.04650957529413749,1390.416567375503,1213.6943132047568,2388.0453242639824,965.8758865639769,2577.019056261343,2871.672247257128
train_audio/osprey/iNat1446938.ogg,iNat1446938.ogg,osprey,Osprey,Pandion haliaetus,test,10.285,0.0752214,0.06823189,0.023360043254276826,0.02924620471608371,1069.8260997390923,858.2724443413623,2110.1567685650734,1009.1483005346861,1946.1508553654744,2193.7077701905973
train_audio/osprey/iNat612247.ogg,iNat612247.ogg,osprey,Osprey,Pandion haliaetus,test,8.48071875,0.00784918,0.005153068,0.10714233168549905,0.09193353184142279,3939.0613430207386,1459.331203538788,4039.7237417092265,480.8310981413174,8697.328154425612,1312.2652595484574
train_audio/osprey/iNat1058578.ogg,iNat1058578.ogg,osprey,Osprey,Pandion haliaetus,test,9.23996875,0.0115959,0.014968421,0.030234577746539794,0.0438791839829546,2133.527499460396,1178.273677539021,3751.9298191849075,967.890463068511,5738.889489619377,4365.033539382719
train_audio/osprey/iNat691918.ogg,iNat691918.ogg,osprey,Osprey,Pandion haliaetus,test,20.1766875,0.0024840275,0.0043982067,0.14750775368958002,0.055690307519787624,3663.4087899987544,649.6611602128012,3639.58606347479,491.14802109841816,7217.264263074485,1424.311628929253
train_audio/osprey/iNat502184.ogg,iNat502184.ogg,osprey,Osprey,Pandion haliaetus,test,10.84375,0.0072433027,0.010435392,0.3658270821810472,0.1513435963080394,6904.044923778442,1514.0546250205696,3695.2700061867545,435.01933725896276,10341.860250737464,1282.284684027107
train_audio/osprey/iNat1577311.ogg,iNat1577311.ogg,osprey,Osprey,Pandion haliaetus,test,32.16690625,0.001282246,0.0015564642,0.17555859763488313,0.053824427095310046,3916.4722648875304,656.531795474949,3510.150177690929,536.9232913166328,7476.729549975137,1423.089788641073
train_audio/osprey/iNat1547337.ogg,iNat1547337.ogg,osprey,Osprey,Pandion haliaetus,test,16.346875,0.012133667,0.01905031,0.09663382155088063,0.040293838574330616,2635.6723656868558,389.29111573058475,2757.7408657135484,596.6287706888262,5331.824853228963,1010.4911142636778
train_audio/osprey/iNat1167671.ogg,iNat1167671.ogg,osprey,Osprey,Pandion haliaetus,test,12.416,0.0005480898,0.0005902511,0.4165680049469112,0.11332339578875436,7364.389790673205,1049.4498249680519,4698.768899739461,380.488652251316,12632.802445302445,644.9372556544943
train_audio/osprey/iNat1070554.ogg,iNat1070554.ogg,osprey,Osprey,Pandion haliaetus,test,20.08528125,0.0066239024,0.0021793293,0.0605651466709793,0.022179253079974575,2452.8351119007607,366.51485512078074,3087.22983702156,312.81061090521047,5265.77428343949,860.4862040568099
train_audio/osprey/iNat1081010.ogg,iNat1081010.ogg,osprey,Osprey,Pandion haliaetus,test,24.0,0.008110234,0.0018929779,0.07071978056295802,0.026514840677576423,2648.4427391094864,425.0018861110151,3171.14445876507,296.7524637192266,6055.99392071952,1091.7281055979092
train_audio/osprey/iNat367158.ogg,iNat367158.ogg,osprey,Osprey,Pandion haliaetus,test,5.0641875,0.006286116,0.0009849913,0.10492039629337539,0.033950802048402326,2942.5407400711138,512.4986562338215,3254.0212510326373,283.0063865313117,6365.486987381703,1097.125219479659
train_audio/osprey/iNat646064.ogg,iNat646064.ogg,osprey,Osprey,Pandion haliaetus,test,29.48934375,0.0077101556,0.0037056864,0.068978464784436,0.04533705347434329,2431.702168070137,652.0295522100424,2998.1812687760626,431.42537591516384,5229.934924078091,1629.7422366744852
train_audio/osprey/iNat1162431.ogg,iNat1162431.ogg,osprey,Osprey,Pandion haliaetus,test,8.7075,0.007279424,0.0018093868,0.05611740252293578,0.04044259097840522,2154.8647492989708,382.29622728899767,2830.713273214589,269.8832175790324,4724.598623853211,899.4519328740466
train_audio/osprey/iNat545842.ogg,iNat545842.ogg,osprey,Osprey,Pandion haliaetus,test,14.04809375,0.034369417,0.012031178,0.01661100593714448,0.006799189286011675,760.8077922295148,170.41637223892022,1275.3200212829206,142.0471673062174,1406.9610352673492,300.7284912884849
train_audio/osprey/XC602076.ogg,XC602076.ogg,osprey,Osprey,Pandion haliaetus,test,41.4,0.032508418,0.020006312,0.28528096171029754,0.06313045657505147,6150.2737384651855,634.9435104265795,3848.3038196686907,281.33169297711305,11238.595198995363,1144.2949377810621
train_audio/osprey/XC982371.ogg,XC982371.ogg,osprey,Osprey,Pandion haliaetus,test,5.2451875,0.006651813,0.009638516,0.2066456864519817,0.036003737069798175,4355.8917468692125,623.9513697275197,3314.633386957012,528.2206478871018,7972.942073170731,1756.7261188658458
train_audio/osprey/iNat821030.ogg,iNat821030.ogg,osprey,Osprey,Pandion haliaetus,test,43.86065625,0.014951276,0.010102925,0.018129622823212982,0.010297970062327725,916.121389316016,306.6873972202798,1802.2897987507015,289.3015974940876,1528.5603574033553,880.0789509268246
train_audio/osprey/iNat1187680.ogg,iNat1187680.ogg,osprey,Osprey,Pandion haliaetus,test,9.6130625,0.0054691015,0.002832811,0.026717352589434275,0.019624438019914463,1405.3130938508673,388.96293384559385,2379.6346909273643,224.7369139339972,2624.376039933444,849.1349434684552
train_audio/osprey/XC1034309.ogg,XC1034309.ogg,osprey,Osprey,Pandion haliaetus,test,13.165,0.008182682,0.016894372,0.2709480369076549,0.04445099156276864,4696.314171812423,542.385348715939,3861.4515599855126,479.01872281819743,8497.702764277035,1309.1261144523523
train_audio/osprey/iNat1270952.ogg,iNat1270952.ogg,osprey,Osprey,Pandion haliaetus,test,25.1326875,0.048880763,0.07400801,0.030092235737587524,0.02509926311837972,1973.4009302608097,940.9563096445705,3369.25778333898,765.3402470284611,5558.511696371737,3340.500776451429
train_audio/osprey/iNat1566304.ogg,iNat1566304.ogg,osprey,Osprey,Pandion haliaetus,test,9.0775625,0.11280315,0.06396175,0.007311323998679577,0.002293410942527927,369.616033315348,237.0873785485998,1207.6096242171059,521.5146602328585,363.5288292253521,513.1142763946903
train_audio/osprey/iNat1597743.ogg,iNat1597743.ogg,osprey,Osprey,Pandion haliaetus,test,13.049625,0.05351651,0.035669863,0.07409189261642157,0.03533651193155922,3129.6466081932635,839.7491844832878,4022.573329164713,495.4133543160566,8254.174325980392,2164.4418212142873
train_audio/osprey/iNat1636350.ogg,iNat1636350.ogg,osprey,Osprey,Pandion haliaetus,test,16.97234375,0.006059504,0.0016329556,0.02204951107445806,0.008847959952198335,1632.8839608494493,250.34158199248935,2962.1612383837596,223.8342033043264,3197.7939443920827,922.556853644978
train_audio/osprey/XC109037.ogg,XC109037.ogg,osprey,Osprey,Pandion haliaetus,test,87.624,0.021010982,0.038032882,0.18644863962365346,0.03815963567611607,3673.5451259783786,561.6535722583674,2540.668516347388,480.3019873061029,5879.336315501187,1208.918084263828
train_audio/osprey/iNat1058291.ogg,iNat1058291.ogg,osprey,Osprey,Pandion haliaetus,test,28.6534375,0.011436412,0.001488304,0.1556567560022334,0.013511209597743589,3236.536155131615,147.7388069163778,2706.5180177984894,116.21955307646613,6117.505932439978,242.738819085351
train_audio/osprey/iNat1200030.ogg,iNat1200030.ogg,osprey,Osprey,Pandion haliaetus,test,8.3591875,0.02275418,0.004779061,0.03300893283938815,0.008820006088270426,1284.506426836786,247.6928156005685,1898.4278252026347,206.90059803049303,2516.640774378585,531.1998194631016
train_audio/osprey/iNat767253.ogg,iNat767253.ogg,osprey,Osprey,Pandion haliaetus,test,9.64253125,0.0052485485,0.004380087,0.307187208488806,0.16767529634404701,7045.654730206738,1926.391947442673,5032.371801932523,444.46017227435243,12687.681384742951,652.2805124708884
