filepath,filename,label,common_name,scientific_name,split
train_audio/rubthr1/iNat334890.ogg,iNat334890.ogg,rubthr1,Rufous-bellied Thrush,Turdus rufiventris,train
train_audio/rubthr1/XC351066.ogg,XC351066.ogg,rubthr1,Rufous-bellied Thrush,Turdus rufiventris,train
train_audio/rubthr1/iNat1318270.ogg,iNat1318270.ogg,rubthr1,Rufous-bellied Thrush,Turdus rufiventris,train
train_audio/rubthr1/iNat320486.ogg,iNat320486.ogg,rubthr1,Rufous-bellied Thrush,Turdus rufiventris,train
train_audio/rubthr1/iNat140546.ogg,iNat140546.ogg,rubthr1,Rufous-bellied Thrush,Turdus rufiventris,train
train_audio/rubthr1/iNat1624732.ogg,iNat1624732.ogg,rubthr1,Rufous-bellied Thrush,Turdus rufiventris,train
train_audio/rubthr1/XC286714.ogg,XC286714.ogg,rubthr1,Rufous-bellied Thrush,Turdus rufiventris,train
train_audio/rubthr1/iNat762495.ogg,iNat762495.ogg,rubthr1,Rufous-bellied Thrush,Turdus rufiventris,train
train_audio/rubthr1/iNat1626515.ogg,iNat1626515.ogg,rubthr1,Rufous-bellied Thrush,Turdus rufiventris,train
train_audio/rubthr1/XC82473.ogg,XC82473.ogg,rubthr1,Rufous-bellied Thrush,Turdus rufiventris,train
train_audio/rubthr1/XC293500.ogg,XC293500.ogg,rubthr1,Rufous-bellied Thrush,Turdus rufiventris,train
train_audio/rubthr1/XC763360.ogg,XC763360.ogg,rubthr1,Rufous-bellied Thrush,Turdus rufiventris,train
train_audio/rubthr1/iNat1662806.ogg,iNat1662806.ogg,rubthr1,Rufous-bellied Thrush,Turdus rufiventris,train
train_audio/rubthr1/iNat798410.ogg,iNat798410.ogg,rubthr1,Rufous-bellied Thrush,Turdus rufiventris,train
train_audio/rubthr1/XC82482.ogg,XC82482.ogg,rubthr1,Rufous-bellied Thrush,Turdus rufiventris,train
train_audio/rubthr1/iNat148783.ogg,iNat148783.ogg,rubthr1,Rufous-bellied Thrush,Turdus rufiventris,train
train_audio/rubthr1/XC394552.ogg,XC394552.ogg,rubthr1,Rufous-bellied Thrush,Turdus rufiventris,train
train_audio/rubthr1/iNat334710.ogg,iNat334710.ogg,rubthr1,Rufous-bellied Thrush,Turdus rufiventris,train
train_audio/rubthr1/iNat772218.ogg,iNat772218.ogg,rubthr1,Rufous-bellied Thrush,Turdus rufiventris,train
train_audio/rubthr1/iNat852442.ogg,iNat852442.ogg,rubthr1,Rufous-bellied Thrush,Turdus rufiventris,train
train_audio/rubthr1/XC611393.ogg,XC611393.ogg,rubthr1,Rufous-bellied Thrush,Turdus rufiventris,train
train_audio/rubthr1/XC289110.ogg,XC289110.ogg,rubthr1,Rufous-bellied Thrush,Turdus rufiventris,train
train_audio/rubthr1/iNat857160.ogg,iNat857160.ogg,rubthr1,Rufous-bellied Thrush,Turdus rufiventris,train
train_audio/rubthr1/XC289121.ogg,XC289121.ogg,rubthr1,Rufous-bellied Thrush,Turdus rufiventris,train
train_audio/rubthr1/iNat1151816.ogg,iNat1151816.ogg,rubthr1,Rufous-bellied Thrush,Turdus rufiventris,train
train_audio/rubthr1/XC620672.ogg,XC620672.ogg,rubthr1,Rufous-bellied Thrush,Turdus rufiventris,train
train_audio/rubthr1/XC313981.ogg,XC313981.ogg,rubthr1,Rufous-bellied Thrush,Turdus rufiventris,train
train_audio/rubthr1/iNat836925.ogg,iNat836925.ogg,rubthr1,Rufous-bellied Thrush,Turdus rufiventris,train
train_audio/rubthr1/iNat858156.ogg,iNat858156.ogg,rubthr1,Rufous-bellied Thrush,Turdus rufiventris,train
train_audio/rubthr1/iNat772222.ogg,iNat772222.ogg,rubthr1,Rufous-bellied Thrush,Turdus rufiventris,train
train_audio/rubthr1/iNat1706704.ogg,iNat1706704.ogg,rubthr1,Rufous-bellied Thrush,Turdus rufiventris,train
train_audio/rubthr1/iNat332657.ogg,iNat332657.ogg,rubthr1,Rufous-bellied Thrush,Turdus rufiventris,train
train_audio/rubthr1/XC415211.ogg,XC415211.ogg,rubthr1,Rufous-bellied Thrush,Turdus rufiventris,train
train_audio/rubthr1/iNat1279077.ogg,iNat1279077.ogg,rubthr1,Rufous-bellied Thrush,Turdus rufiventris,train
train_audio/rubthr1/XC164996.ogg,XC164996.ogg,rubthr1,Rufous-bellied Thrush,Turdus rufiventris,train
train_audio/rubthr1/iNat1241813.ogg,iNat1241813.ogg,rubthr1,Rufous-bellied Thrush,Turdus rufiventris,train
train_audio/rubthr1/XC614076.ogg,XC614076.ogg,rubthr1,Rufous-bellied Thrush,Turdus rufiventris,train
train_audio/rubthr1/iNat1615216.ogg,iNat1615216.ogg,rubthr1,Rufous-bellied Thrush,Turdus rufiventris,train
train_audio/rubthr1/iNat836924.ogg,iNat836924.ogg,rubthr1,Rufous-bellied Thrush,Turdus rufiventris,train
train_audio/rubthr1/iNat312443.ogg,iNat312443.ogg,rubthr1,Rufous-bellied Thrush,Turdus rufiventris,train
train_audio/rubthr1/XC299267.ogg,XC299267.ogg,rubthr1,Rufous-bellied Thrush,Turdus rufiventris,train
train_audio/rubthr1/iNat810356.ogg,iNat810356.ogg,rubthr1,Rufous-bellied Thrush,Turdus rufiventris,train
train_audio/rubthr1/iNat317135.ogg,iNat317135.ogg,rubthr1,Rufous-bellied Thrush,Turdus rufiventris,train
train_audio/rubthr1/iNat49908.ogg,iNat49908.ogg,rubthr1,Rufous-bellied Thrush,Turdus rufiventris,train
train_audio/rubthr1/XC400267.ogg,XC400267.ogg,rubthr1,Rufous-bellied Thrush,Turdus rufiventris,train
train_audio/rubthr1/iNat264731.ogg,iNat264731.ogg,rubthr1,Rufous-bellied Thrush,Turdus rufiventris,train
train_audio/rubthr1/iNat276456.ogg,iNat276456.ogg,rubthr1,Rufous-bellied Thrush,Turdus rufiventris,train
train_audio/rubthr1/XC421912.ogg,XC421912.ogg,rubthr1,Rufous-bellied Thrush,Turdus rufiventris,train
train_audio/rubthr1/iNat421698.ogg,iNat421698.ogg,rubthr1,Rufous-bellied Thrush,Turdus rufiventris,train
train_audio/rubthr1/iNat344147.ogg,iNat344147.ogg,rubthr1,Rufous-bellied Thrush,Turdus rufiventris,train
train_audio/rubthr1/iNat1652046.ogg,iNat1652046.ogg,rubthr1,Rufous-bellied Thrush,Turdus rufiventris,train
train_audio/rubthr1/iNat1668162.ogg,iNat1668162.ogg,rubthr1,Rufous-bellied Thrush,Turdus rufiventris,train
train_audio/rubthr1/XC605339.ogg,XC605339.ogg,rubthr1,Rufous-bellied Thrush,Turdus rufiventris,train
train_audio/rubthr1/XC838400.ogg,XC838400.ogg,rubthr1,Rufous-bellied Thrush,Turdus rufiventris,train
train_audio/rubthr1/iNat139344.ogg,iNat139344.ogg,rubthr1,Rufous-bellied Thrush,Turdus rufiventris,train
train_audio/rubthr1/iNat574777.ogg,iNat574777.ogg,rubthr1,Rufous-bellied Thrush,Turdus rufiventris,train
train_audio/rubthr1/XC200397.ogg,XC200397.ogg,rubthr1,Rufous-bellied Thrush,Turdus rufiventris,train
train_audio/rubthr1/iNat1712721.ogg,iNat1712721.ogg,rubthr1,Rufous-bellied Thrush,Turdus rufiventris,train
train_audio/rubthr1/iNat1691551.ogg,iNat1691551.ogg,rubthr1,Rufous-bellied Thrush,Turdus rufiventris,train
train_audio/rubthr1/XC856544.ogg,XC856544.ogg,rubthr1,Rufous-bellied Thrush,Turdus rufiventris,train
train_audio/rubthr1/iNat52897.ogg,iNat52897.ogg,rubthr1,Rufous-bellied Thrush,Turdus rufiventris,train
train_audio/rubthr1/iNat1684709.ogg,iNat1684709.ogg,rubthr1,Rufous-bellied Thrush,Turdus rufiventris,train
train_audio/rubthr1/iNat1278983.ogg,iNat1278983.ogg,rubthr1,Rufous-bellied Thrush,Turdus rufiventris,train
train_audio/rubthr1/iNat327564.ogg,iNat327564.ogg,rubthr1,Rufous-bellied Thrush,Turdus rufiventris,train
train_audio/rubthr1/iNat1105306.ogg,iNat1105306.ogg,rubthr1,Rufous-bellied Thrush,Turdus rufiventris,train
train_audio/rubthr1/iNat1666862.ogg,iNat1666862.ogg,rubthr1,Rufous-bellied Thrush,Turdus rufiventris,train
train_audio/rubthr1/XC251882.ogg,XC251882.ogg,rubthr1,Rufous-bellied Thrush,Turdus rufiventris,train
train_audio/rubthr1/iNat544859.ogg,iNat544859.ogg,rubthr1,Rufous-bellied Thrush,Turdus rufiventris,train
train_audio/rubthr1/iNat850317.ogg,iNat850317.ogg,rubthr1,Rufous-bellied Thrush,Turdus rufiventris,train
train_audio/rubthr1/XC678305.ogg,XC678305.ogg,rubthr1,Rufous-bellied Thrush,Turdus rufiventris,train
train_audio/rubthr1/iNat1666863.ogg,iNat1666863.ogg,rubthr1,Rufous-bellied Thrush,Turdus rufiventris,train
train_audio/rubthr1/XC812895.ogg,XC812895.ogg,rubthr1,Rufous-bellied Thrush,Turdus rufiventris,train
train_audio/rubthr1/XC82478.ogg,XC82478.ogg,rubthr1,Rufous-bellied Thrush,Turdus rufiventris,train
train_audio/rubthr1/XC293351.ogg,XC293351.ogg,rubthr1,Rufous-bellied Thrush,Turdus rufiventris,train
train_audio/rubthr1/XC451334.ogg,XC451334.ogg,rubthr1,Rufous-bellied Thrush,Turdus rufiventris,train
train_audio/rubthr1/XC457477.ogg,XC457477.ogg,rubthr1,Rufous-bellied Thrush,Turdus rufiventris,train
train_audio/rubthr1/iNat544636.ogg,iNat544636.ogg,rubthr1,Rufous-bellied Thrush,Turdus rufiventris,train
train_audio/rubthr1/XC292644.ogg,XC292644.ogg,rubthr1,Rufous-bellied Thrush,Turdus rufiventris,train
train_audio/rubthr1/iNat776743.ogg,iNat776743.ogg,rubthr1,Rufous-bellied Thrush,Turdus rufiventris,train
train_audio/rubthr1/iNat1705419.ogg,iNat1705419.ogg,rubthr1,Rufous-bellied Thrush,Turdus rufiventris,train
train_audio/rubthr1/iNat1199240.ogg,iNat1199240.ogg,rubthr1,Rufous-bellied Thrush,Turdus rufiventris,train
train_audio/rubthr1/iNat1146651.ogg,iNat1146651.ogg,rubthr1,Rufous-bellied Thrush,Turdus rufiventris,train
train_audio/rubthr1/XC174817.ogg,XC174817.ogg,rubthr1,Rufous-bellied Thrush,Turdus rufiventris,train
train_audio/rubthr1/iNat870334.ogg,iNat870334.ogg,rubthr1,Rufous-bellied Thrush,Turdus rufiventris,train
train_audio/rubthr1/XC203427.ogg,XC203427.ogg,rubthr1,Rufous-bellied Thrush,Turdus rufiventris,train
train_audio/rubthr1/XC575517.ogg,XC575517.ogg,rubthr1,Rufous-bellied Thrush,Turdus rufiventris,train
train_audio/rubthr1/XC293361.ogg,XC293361.ogg,rubthr1,Rufous-bellied Thrush,Turdus rufiventris,train
train_audio/rubthr1/iNat1654873.ogg,iNat1654873.ogg,rubthr1,Rufous-bellied Thrush,Turdus rufiventris,train
train_audio/rubthr1/XC212138.ogg,XC212138.ogg,rubthr1,Rufous-bellied Thrush,Turdus rufiventris,train
train_audio/rubthr1/iNat1251399.ogg,iNat1251399.ogg,rubthr1,Rufous-bellied Thrush,Turdus rufiventris,train
train_audio/rubthr1/iNat1630816.ogg,iNat1630816.ogg,rubthr1,Rufous-bellied Thrush,Turdus rufiventris,train
train_audio/rubthr1/iNat539246.ogg,iNat539246.ogg,rubthr1,Rufous-bellied Thrush,Turdus rufiventris,train
train_audio/rubthr1/XC1053005.ogg,XC1053005.ogg,rubthr1,Rufous-bellied Thrush,Turdus rufiventris,train
train_audio/rubthr1/iNat712464.ogg,iNat712464.ogg,rubthr1,Rufous-bellied Thrush,Turdus rufiventris,train
train_audio/rubthr1/iNat537275.ogg,iNat537275.ogg,rubthr1,Rufous-bellied Thrush,Turdus rufiventris,train
train_audio/rubthr1/iNat1666865.ogg,iNat1666865.ogg,rubthr1,Rufous-bellied Thrush,Turdus rufiventris,train
train_audio/rubthr1/iNat1677445.ogg,iNat1677445.ogg,rubthr1,Rufous-bellied Thrush,Turdus rufiventris,train
train_audio/rubthr1/XC32481.ogg,XC32481.ogg,rubthr1,Rufous-bellied Thrush,Turdus rufiventris,train
train_audio/rubthr1/XC394330.ogg,XC394330.ogg,rubthr1,Rufous-bellied Thrush,Turdus rufiventris,train
train_audio/rubthr1/iNat319381.ogg,iNat319381.ogg,rubthr1,Rufous-bellied Thrush,Turdus rufiventris,train
train_audio/rubthr1/XC799775.ogg,XC799775.ogg,rubthr1,Rufous-bellied Thrush,Turdus rufiventris,train
train_audio/rubthr1/XC188005.ogg,XC188005.ogg,rubthr1,Rufous-bellied Thrush,Turdus rufiventris,train
train_audio/rubthr1/XC393257.ogg,XC393257.ogg,rubthr1,Rufous-bellied Thrush,Turdus rufiventris,train
train_audio/rubthr1/XC387821.ogg,XC387821.ogg,rubthr1,Rufous-bellied Thrush,Turdus rufiventris,train
train_audio/rubthr1/iNat1650335.ogg,iNat1650335.ogg,rubthr1,Rufous-bellied Thrush,Turdus rufiventris,train
train_audio/rubthr1/XC289115.ogg,XC289115.ogg,rubthr1,Rufous-bellied Thrush,Turdus rufiventris,train
train_audio/rubthr1/iNat363018.ogg,iNat363018.ogg,rubthr1,Rufous-bellied Thrush,Turdus rufiventris,train
train_audio/rubthr1/XC394261.ogg,XC394261.ogg,rubthr1,Rufous-bellied Thrush,Turdus rufiventris,train
train_audio/rubthr1/iNat312537.ogg,iNat312537.ogg,rubthr1,Rufous-bellied Thrush,Turdus rufiventris,train
train_audio/rubthr1/XC289056.ogg,XC289056.ogg,rubthr1,Rufous-bellied Thrush,Turdus rufiventris,train
train_audio/rubthr1/iNat1278985.ogg,iNat1278985.ogg,rubthr1,Rufous-bellied Thrush,Turdus rufiventris,train
train_audio/rubthr1/XC598625.ogg,XC598625.ogg,rubthr1,Rufous-bellied Thrush,Turdus rufiventris,train
train_audio/rubthr1/iNat1622143.ogg,iNat1622143.ogg,rubthr1,Rufous-bellied Thrush,Turdus rufiventris,train
train_audio/rubthr1/iNat1684008.ogg,iNat1684008.ogg,rubthr1,Rufous-bellied Thrush,Turdus rufiventris,train
train_audio/rubthr1/XC293367.ogg,XC293367.ogg,rubthr1,Rufous-bellied Thrush,Turdus rufiventris,train
train_audio/rubthr1/iNat870811.ogg,iNat870811.ogg,rubthr1,Rufous-bellied Thrush,Turdus rufiventris,train
train_audio/rubthr1/XC82480.ogg,XC82480.ogg,rubthr1,Rufous-bellied Thrush,Turdus rufiventris,train
train_audio/rubthr1/iNat321534.ogg,iNat321534.ogg,rubthr1,Rufous-bellied Thrush,Turdus rufiventris,train
train_audio/rubthr1/iNat1256577.ogg,iNat1256577.ogg,rubthr1,Rufous-bellied Thrush,Turdus rufiventris,train
train_audio/rubthr1/XC200174.ogg,XC200174.ogg,rubthr1,Rufous-bellied Thrush,Turdus rufiventris,train
train_audio/rubthr1/iNat1181925.ogg,iNat1181925.ogg,rubthr1,Rufous-bellied Thrush,Turdus rufiventris,train
train_audio/rubthr1/XC144561.ogg,XC144561.ogg,rubthr1,Rufous-bellied Thrush,Turdus rufiventris,train
train_audio/rubthr1/XC855452.ogg,XC855452.ogg,rubthr1,Rufous-bellied Thrush,Turdus rufiventris,train
train_audio/rubthr1/XC289116.ogg,XC289116.ogg,rubthr1,Rufous-bellied Thrush,Turdus rufiventris,train
train_audio/rubthr1/XC293371.ogg,XC293371.ogg,rubthr1,Rufous-bellied Thrush,Turdus rufiventris,train
train_audio/rubthr1/XC292636.ogg,XC292636.ogg,rubthr1,Rufous-bellied Thrush,Turdus rufiventris,train
train_audio/rubthr1/XC212464.ogg,XC212464.ogg,rubthr1,Rufous-bellied Thrush,Turdus rufiventris,train
train_audio/rubthr1/iNat573857.ogg,iNat573857.ogg,rubthr1,Rufous-bellied Thrush,Turdus rufiventris,train
train_audio/rubthr1/iNat1714629.ogg,iNat1714629.ogg,rubthr1,Rufous-bellied Thrush,Turdus rufiventris,train
train_audio/rubthr1/iNat822051.ogg,iNat822051.ogg,rubthr1,Rufous-bellied Thrush,Turdus rufiventris,train
train_audio/rubthr1/XC293364.ogg,XC293364.ogg,rubthr1,Rufous-bellied Thrush,Turdus rufiventris,train
train_audio/rubthr1/iNat1082349.ogg,iNat1082349.ogg,rubthr1,Rufous-bellied Thrush,Turdus rufiventris,train
train_audio/rubthr1/iNat1234331.ogg,iNat1234331.ogg,rubthr1,Rufous-bellied Thrush,Turdus rufiventris,train
train_audio/rubthr1/XC342094.ogg,XC342094.ogg,rubthr1,Rufous-bellied Thrush,Turdus rufiventris,train
train_audio/rubthr1/XC1070609.ogg,XC1070609.ogg,rubthr1,Rufous-bellied Thrush,Turdus rufiventris,train
train_audio/rubthr1/iNat1627934.ogg,iNat1627934.ogg,rubthr1,Rufous-bellied Thrush,Turdus rufiventris,train
train_audio/rubthr1/XC358018.ogg,XC358018.ogg,rubthr1,Rufous-bellied Thrush,Turdus rufiventris,train
train_audio/rubthr1/XC289057.ogg,XC289057.ogg,rubthr1,Rufous-bellied Thrush,Turdus rufiventris,train
train_audio/rubthr1/XC1006659.ogg,XC1006659.ogg,rubthr1,Rufous-bellied Thrush,Turdus rufiventris,train
train_audio/rubthr1/XC520336.ogg,XC520336.ogg,rubthr1,Rufous-bellied Thrush,Turdus rufiventris,train
train_audio/rubthr1/iNat288755.ogg,iNat288755.ogg,rubthr1,Rufous-bellied Thrush,Turdus rufiventris,train
train_audio/rubthr1/XC676516.ogg,XC676516.ogg,rubthr1,Rufous-bellied Thrush,Turdus rufiventris,train
train_audio/rubthr1/iNat1581115.ogg,iNat1581115.ogg,rubthr1,Rufous-bellied Thrush,Turdus rufiventris,train
train_audio/rubthr1/iNat52896.ogg,iNat52896.ogg,rubthr1,Rufous-bellied Thrush,Turdus rufiventris,train
train_audio/rubthr1/iNat1720250.ogg,iNat1720250.ogg,rubthr1,Rufous-bellied Thrush,Turdus rufiventris,train
train_audio/rubthr1/iNat295189.ogg,iNat295189.ogg,rubthr1,Rufous-bellied Thrush,Turdus rufiventris,train
train_audio/rubthr1/XC440383.ogg,XC440383.ogg,rubthr1,Rufous-bellied Thrush,Turdus rufiventris,train
train_audio/rubthr1/XC812902.ogg,XC812902.ogg,rubthr1,Rufous-bellied Thrush,Turdus rufiventris,train
train_audio/rubthr1/XC147038.ogg,XC147038.ogg,rubthr1,Rufous-bellied Thrush,Turdus rufiventris,train
train_audio/rubthr1/iNat838375.ogg,iNat838375.ogg,rubthr1,Rufous-bellied Thrush,Turdus rufiventris,train
train_audio/rubthr1/iNat714751.ogg,iNat714751.ogg,rubthr1,Rufous-bellied Thrush,Turdus rufiventris,train
train_audio/rubthr1/iNat297915.ogg,iNat297915.ogg,rubthr1,Rufous-bellied Thrush,Turdus rufiventris,train
train_audio/rubthr1/XC115202.ogg,XC115202.ogg,rubthr1,Rufous-bellied Thrush,Turdus rufiventris,train
train_audio/rubthr1/iNat829410.ogg,iNat829410.ogg,rubthr1,Rufous-bellied Thrush,Turdus rufiventris,train
train_audio/rubthr1/XC293352.ogg,XC293352.ogg,rubthr1,Rufous-bellied Thrush,Turdus rufiventris,train
train_audio/rubthr1/XC236543.ogg,XC236543.ogg,rubthr1,Rufous-bellied Thrush,Turdus rufiventris,train
train_audio/rubthr1/XC556651.ogg,XC556651.ogg,rubthr1,Rufous-bellied Thrush,Turdus rufiventris,train
train_audio/rubthr1/iNat1227683.ogg,iNat1227683.ogg,rubthr1,Rufous-bellied Thrush,Turdus rufiventris,train
train_audio/rubthr1/XC670414.ogg,XC670414.ogg,rubthr1,Rufous-bellied Thrush,Turdus rufiventris,train
train_audio/rubthr1/iNat1241099.ogg,iNat1241099.ogg,rubthr1,Rufous-bellied Thrush,Turdus rufiventris,train
train_audio/rubthr1/iNat1707784.ogg,iNat1707784.ogg,rubthr1,Rufous-bellied Thrush,Turdus rufiventris,train
train_audio/rubthr1/iNat851734.ogg,iNat851734.ogg,rubthr1,Rufous-bellied Thrush,Turdus rufiventris,train
train_audio/rubthr1/XC537184.ogg,XC537184.ogg,rubthr1,Rufous-bellied Thrush,Turdus rufiventris,train
train_audio/rubthr1/XC383124.ogg,XC383124.ogg,rubthr1,Rufous-bellied Thrush,Turdus rufiventris,train
train_audio/rubthr1/XC32479.ogg,XC32479.ogg,rubthr1,Rufous-bellied Thrush,Turdus rufiventris,train
train_audio/rubthr1/XC293504.ogg,XC293504.ogg,rubthr1,Rufous-bellied Thrush,Turdus rufiventris,train
train_audio/rubthr1/iNat306438.ogg,iNat306438.ogg,rubthr1,Rufous-bellied Thrush,Turdus rufiventris,train
train_audio/rubthr1/iNat588517.ogg,iNat588517.ogg,rubthr1,Rufous-bellied Thrush,Turdus rufiventris,train
train_audio/rubthr1/XC148701.ogg,XC148701.ogg,rubthr1,Rufous-bellied Thrush,Turdus rufiventris,train
train_audio/rubthr1/XC289118.ogg,XC289118.ogg,rubthr1,Rufous-bellied Thrush,Turdus rufiventris,train
train_audio/rubthr1/iNat546228.ogg,iNat546228.ogg,rubthr1,Rufous-bellied Thrush,Turdus rufiventris,train
train_audio/rubthr1/iNat588095.ogg,iNat588095.ogg,rubthr1,Rufous-bellied Thrush,Turdus rufiventris,train
train_audio/rubthr1/XC513653.ogg,XC513653.ogg,rubthr1,Rufous-bellied Thrush,Turdus rufiventris,train
train_audio/rubthr1/iNat1205025.ogg,iNat1205025.ogg,rubthr1,Rufous-bellied Thrush,Turdus rufiventris,train
train_audio/rubthr1/iNat1438943.ogg,iNat1438943.ogg,rubthr1,Rufous-bellied Thrush,Turdus rufiventris,train
train_audio/rubthr1/iNat1627927.ogg,iNat1627927.ogg,rubthr1,Rufous-bellied Thrush,Turdus rufiventris,train
train_audio/rubthr1/XC292645.ogg,XC292645.ogg,rubthr1,Rufous-bellied Thrush,Turdus rufiventris,train
train_audio/rubthr1/iNat1278988.ogg,iNat1278988.ogg,rubthr1,Rufous-bellied Thrush,Turdus rufiventris,train
train_audio/rubthr1/XC677767.ogg,XC677767.ogg,rubthr1,Rufous-bellied Thrush,Turdus rufiventris,train
train_audio/rubthr1/XC289061.ogg,XC289061.ogg,rubthr1,Rufous-bellied Thrush,Turdus rufiventris,train
train_audio/rubthr1/XC289111.ogg,XC289111.ogg,rubthr1,Rufous-bellied Thrush,Turdus rufiventris,train
train_audio/rubthr1/iNat51132.ogg,iNat51132.ogg,rubthr1,Rufous-bellied Thrush,Turdus rufiventris,train
train_audio/rubthr1/iNat772456.ogg,iNat772456.ogg,rubthr1,Rufous-bellied Thrush,Turdus rufiventris,train
train_audio/rubthr1/XC293511.ogg,XC293511.ogg,rubthr1,Rufous-bellied Thrush,Turdus rufiventris,train
train_audio/rubthr1/XC52189.ogg,XC52189.ogg,rubthr1,Rufous-bellied Thrush,Turdus rufiventris,train
train_audio/rubthr1/iNat160456.ogg,iNat160456.ogg,rubthr1,Rufous-bellied Thrush,Turdus rufiventris,train
train_audio/rubthr1/iNat1672514.ogg,iNat1672514.ogg,rubthr1,Rufous-bellied Thrush,Turdus rufiventris,train
train_audio/rubthr1/XC284280.ogg,XC284280.ogg,rubthr1,Rufous-bellied Thrush,Turdus rufiventris,train
train_audio/rubthr1/iNat1670702.ogg,iNat1670702.ogg,rubthr1,Rufous-bellied Thrush,Turdus rufiventris,train
train_audio/rubthr1/iNat559281.ogg,iNat559281.ogg,rubthr1,Rufous-bellied Thrush,Turdus rufiventris,train
train_audio/rubthr1/XC293507.ogg,XC293507.ogg,rubthr1,Rufous-bellied Thrush,Turdus rufiventris,train
train_audio/rubthr1/XC1694.ogg,XC1694.ogg,rubthr1,Rufous-bellied Thrush,Turdus rufiventris,train
train_audio/rubthr1/XC1048627.ogg,XC1048627.ogg,rubthr1,Rufous-bellied Thrush,Turdus rufiventris,train
train_audio/rubthr1/XC214654.ogg,XC214654.ogg,rubthr1,Rufous-bellied Thrush,Turdus rufiventris,train
train_audio/rubthr1/iNat1697203.ogg,iNat1697203.ogg,rubthr1,Rufous-bellied Thrush,Turdus rufiventris,train
train_audio/rubthr1/iNat856943.ogg,iNat856943.ogg,rubthr1,Rufous-bellied Thrush,Turdus rufiventris,train
train_audio/rubthr1/iNat1281125.ogg,iNat1281125.ogg,rubthr1,Rufous-bellied Thrush,Turdus rufiventris,train
train_audio/rubthr1/iNat148785.ogg,iNat148785.ogg,rubthr1,Rufous-bellied Thrush,Turdus rufiventris,train
train_audio/rubthr1/iNat554940.ogg,iNat554940.ogg,rubthr1,Rufous-bellied Thrush,Turdus rufiventris,train
train_audio/rubthr1/XC52192.ogg,XC52192.ogg,rubthr1,Rufous-bellied Thrush,Turdus rufiventris,train
train_audio/rubthr1/XC131424.ogg,XC131424.ogg,rubthr1,Rufous-bellied Thrush,Turdus rufiventris,train
train_audio/rubthr1/XC1032057.ogg,XC1032057.ogg,rubthr1,Rufous-bellied Thrush,Turdus rufiventris,train
train_audio/rubthr1/XC351258.ogg,XC351258.ogg,rubthr1,Rufous-bellied Thrush,Turdus rufiventris,train
train_audio/rubthr1/XC974088.ogg,XC974088.ogg,rubthr1,Rufous-bellied Thrush,Turdus rufiventris,train
train_audio/rubthr1/iNat950752.ogg,iNat950752.ogg,rubthr1,Rufous-bellied Thrush,Turdus rufiventris,train
train_audio/rubthr1/XC973698.ogg,XC973698.ogg,rubthr1,Rufous-bellied Thrush,Turdus rufiventris,train
train_audio/rubthr1/iNat1688310.ogg,iNat1688310.ogg,rubthr1,Rufous-bellied Thrush,Turdus rufiventris,train
train_audio/rubthr1/iNat1239185.ogg,iNat1239185.ogg,rubthr1,Rufous-bellied Thrush,Turdus rufiventris,train
train_audio/rubthr1/iNat815154.ogg,iNat815154.ogg,rubthr1,Rufous-bellied Thrush,Turdus rufiventris,train
train_audio/rubthr1/iNat1691286.ogg,iNat1691286.ogg,rubthr1,Rufous-bellied Thrush,Turdus rufiventris,train
train_audio/rubthr1/XC293509.ogg,XC293509.ogg,rubthr1,Rufous-bellied Thrush,Turdus rufiventris,train
train_audio/rubthr1/XC422231.ogg,XC422231.ogg,rubthr1,Rufous-bellied Thrush,Turdus rufiventris,train
train_audio/rubthr1/XC82474.ogg,XC82474.ogg,rubthr1,Rufous-bellied Thrush,Turdus rufiventris,train
train_audio/rubthr1/XC210713.ogg,XC210713.ogg,rubthr1,Rufous-bellied Thrush,Turdus rufiventris,train
train_audio/rubthr1/XC940068.ogg,XC940068.ogg,rubthr1,Rufous-bellied Thrush,Turdus rufiventris,train
train_audio/rubthr1/XC934139.ogg,XC934139.ogg,rubthr1,Rufous-bellied Thrush,Turdus rufiventris,train
train_audio/rubthr1/iNat856789.ogg,iNat856789.ogg,rubthr1,Rufous-bellied Thrush,Turdus rufiventris,train
train_audio/rubthr1/XC761456.ogg,XC761456.ogg,rubthr1,Rufous-bellied Thrush,Turdus rufiventris,train
train_audio/rubthr1/XC586910.ogg,XC586910.ogg,rubthr1,Rufous-bellied Thrush,Turdus rufiventris,train
train_audio/rubthr1/iNat1251487.ogg,iNat1251487.ogg,rubthr1,Rufous-bellied Thrush,Turdus rufiventris,train
train_audio/rubthr1/XC1665.ogg,XC1665.ogg,rubthr1,Rufous-bellied Thrush,Turdus rufiventris,train
train_audio/rubthr1/iNat1650616.ogg,iNat1650616.ogg,rubthr1,Rufous-bellied Thrush,Turdus rufiventris,train
train_audio/rubthr1/iNat842426.ogg,iNat842426.ogg,rubthr1,Rufous-bellied Thrush,Turdus rufiventris,train
train_audio/rubthr1/iNat1679742.ogg,iNat1679742.ogg,rubthr1,Rufous-bellied Thrush,Turdus rufiventris,train
train_audio/rubthr1/XC82495.ogg,XC82495.ogg,rubthr1,Rufous-bellied Thrush,Turdus rufiventris,train
train_audio/rubthr1/iNat1248624.ogg,iNat1248624.ogg,rubthr1,Rufous-bellied Thrush,Turdus rufiventris,train
train_audio/rubthr1/XC52191.ogg,XC52191.ogg,rubthr1,Rufous-bellied Thrush,Turdus rufiventris,train
train_audio/rubthr1/iNat336992.ogg,iNat336992.ogg,rubthr1,Rufous-bellied Thrush,Turdus rufiventris,train
train_audio/rubthr1/XC677048.ogg,XC677048.ogg,rubthr1,Rufous-bellied Thrush,Turdus rufiventris,train
train_audio/rubthr1/XC82477.ogg,XC82477.ogg,rubthr1,Rufous-bellied Thrush,Turdus rufiventris,train
train_audio/rubthr1/XC472331.ogg,XC472331.ogg,rubthr1,Rufous-bellied Thrush,Turdus rufiventris,train
train_audio/rubthr1/iNat826071.ogg,iNat826071.ogg,rubthr1,Rufous-bellied Thrush,Turdus rufiventris,train
train_audio/rubthr1/XC508152.ogg,XC508152.ogg,rubthr1,Rufous-bellied Thrush,Turdus rufiventris,train
train_audio/rubthr1/iNat1682587.ogg,iNat1682587.ogg,rubthr1,Rufous-bellied Thrush,Turdus rufiventris,train
train_audio/rubthr1/XC578124.ogg,XC578124.ogg,rubthr1,Rufous-bellied Thrush,Turdus rufiventris,train
train_audio/rubthr1/iNat1656411.ogg,iNat1656411.ogg,rubthr1,Rufous-bellied Thrush,Turdus rufiventris,train
train_audio/rubthr1/XC678142.ogg,XC678142.ogg,rubthr1,Rufous-bellied Thrush,Turdus rufiventris,train
train_audio/rubthr1/iNat340577.ogg,iNat340577.ogg,rubthr1,Rufous-bellied Thrush,Turdus rufiventris,train
train_audio/rubthr1/XC268259.ogg,XC268259.ogg,rubthr1,Rufous-bellied Thrush,Turdus rufiventris,train
train_audio/rubthr1/XC293368.ogg,XC293368.ogg,rubthr1,Rufous-bellied Thrush,Turdus rufiventris,train
train_audio/rubthr1/iNat1388804.ogg,iNat1388804.ogg,rubthr1,Rufous-bellied Thrush,Turdus rufiventris,train
train_audio/rubthr1/iNat1680675.ogg,iNat1680675.ogg,rubthr1,Rufous-bellied Thrush,Turdus rufiventris,train
train_audio/rubthr1/iNat697703.ogg,iNat697703.ogg,rubthr1,Rufous-bellied Thrush,Turdus rufiventris,train
train_audio/rubthr1/iNat870485.ogg,iNat870485.ogg,rubthr1,Rufous-bellied Thrush,Turdus rufiventris,train
train_audio/rubthr1/iNat581898.ogg,iNat581898.ogg,rubthr1,Rufous-bellied Thrush,Turdus rufiventris,train
train_audio/rubthr1/iNat151841.ogg,iNat151841.ogg,rubthr1,Rufous-bellied Thrush,Turdus rufiventris,train
train_audio/rubthr1/XC1050568.ogg,XC1050568.ogg,rubthr1,Rufous-bellied Thrush,Turdus rufiventris,train
train_audio/rubthr1/iNat304219.ogg,iNat304219.ogg,rubthr1,Rufous-bellied Thrush,Turdus rufiventris,train
train_audio/rubthr1/iNat302253.ogg,iNat302253.ogg,rubthr1,Rufous-bellied Thrush,Turdus rufiventris,train
train_audio/rubthr1/iNat836254.ogg,iNat836254.ogg,rubthr1,Rufous-bellied Thrush,Turdus rufiventris,train
train_audio/rubthr1/XC293347.ogg,XC293347.ogg,rubthr1,Rufous-bellied Thrush,Turdus rufiventris,train
train_audio/rubthr1/XC793156.ogg,XC793156.ogg,rubthr1,Rufous-bellied Thrush,Turdus rufiventris,train
train_audio/rubthr1/XC335451.ogg,XC335451.ogg,rubthr1,Rufous-bellied Thrush,Turdus rufiventris,train
train_audio/rubthr1/XC389639.ogg,XC389639.ogg,rubthr1,Rufous-bellied Thrush,Turdus rufiventris,train
train_audio/rubthr1/XC289102.ogg,XC289102.ogg,rubthr1,Rufous-bellied Thrush,Turdus rufiventris,train
train_audio/rubthr1/XC212136.ogg,XC212136.ogg,rubthr1,Rufous-bellied Thrush,Turdus rufiventris,train
train_audio/rubthr1/XC745472.ogg,XC745472.ogg,rubthr1,Rufous-bellied Thrush,Turdus rufiventris,train
train_audio/rubthr1/iNat1694645.ogg,iNat1694645.ogg,rubthr1,Rufous-bellied Thrush,Turdus rufiventris,train
train_audio/rubthr1/XC52197.ogg,XC52197.ogg,rubthr1,Rufous-bellied Thrush,Turdus rufiventris,train
train_audio/rubthr1/iNat341203.ogg,iNat341203.ogg,rubthr1,Rufous-bellied Thrush,Turdus rufiventris,train
train_audio/rubthr1/XC344861.ogg,XC344861.ogg,rubthr1,Rufous-bellied Thrush,Turdus rufiventris,train
train_audio/rubthr1/iNat1268034.ogg,iNat1268034.ogg,rubthr1,Rufous-bellied Thrush,Turdus rufiventris,train
train_audio/rubthr1/XC144606.ogg,XC144606.ogg,rubthr1,Rufous-bellied Thrush,Turdus rufiventris,train
train_audio/rubthr1/iNat1255324.ogg,iNat1255324.ogg,rubthr1,Rufous-bellied Thrush,Turdus rufiventris,train
train_audio/rubthr1/XC419342.ogg,XC419342.ogg,rubthr1,Rufous-bellied Thrush,Turdus rufiventris,train
train_audio/rubthr1/XC754853.ogg,XC754853.ogg,rubthr1,Rufous-bellied Thrush,Turdus rufiventris,train
train_audio/rubthr1/XC293495.ogg,XC293495.ogg,rubthr1,Rufous-bellied Thrush,Turdus rufiventris,train
train_audio/rubthr1/XC349028.ogg,XC349028.ogg,rubthr1,Rufous-bellied Thrush,Turdus rufiventris,train
train_audio/rubthr1/iNat1199110.ogg,iNat1199110.ogg,rubthr1,Rufous-bellied Thrush,Turdus rufiventris,train
train_audio/rubthr1/iNat386697.ogg,iNat386697.ogg,rubthr1,Rufous-bellied Thrush,Turdus rufiventris,train
train_audio/rubthr1/XC293356.ogg,XC293356.ogg,rubthr1,Rufous-bellied Thrush,Turdus rufiventris,train
train_audio/rubthr1/iNat1689241.ogg,iNat1689241.ogg,rubthr1,Rufous-bellied Thrush,Turdus rufiventris,train
train_audio/rubthr1/XC293508.ogg,XC293508.ogg,rubthr1,Rufous-bellied Thrush,Turdus rufiventris,train
train_audio/rubthr1/iNat151840.ogg,iNat151840.ogg,rubthr1,Rufous-bellied Thrush,Turdus rufiventris,train
train_audio/rubthr1/iNat847119.ogg,iNat847119.ogg,rubthr1,Rufous-bellied Thrush,Turdus rufiventris,train
train_audio/rubthr1/XC118703.ogg,XC118703.ogg,rubthr1,Rufous-bellied Thrush,Turdus rufiventris,train
train_audio/rubthr1/iNat835288.ogg,iNat835288.ogg,rubthr1,Rufous-bellied Thrush,Turdus rufiventris,train
train_audio/rubthr1/XC289060.ogg,XC289060.ogg,rubthr1,Rufous-bellied Thrush,Turdus rufiventris,train
train_audio/rubthr1/XC293499.ogg,XC293499.ogg,rubthr1,Rufous-bellied Thrush,Turdus rufiventris,train
train_audio/rubthr1/iNat321928.ogg,iNat321928.ogg,rubthr1,Rufous-bellied Thrush,Turdus rufiventris,train
train_audio/rubthr1/iNat1677950.ogg,iNat1677950.ogg,rubthr1,Rufous-bellied Thrush,Turdus rufiventris,train
train_audio/rubthr1/XC610605.ogg,XC610605.ogg,rubthr1,Rufous-bellied Thrush,Turdus rufiventris,train
train_audio/rubthr1/XC32480.ogg,XC32480.ogg,rubthr1,Rufous-bellied Thrush,Turdus rufiventris,train
train_audio/rubthr1/XC422746.ogg,XC422746.ogg,rubthr1,Rufous-bellied Thrush,Turdus rufiventris,train
train_audio/rubthr1/XC293345.ogg,XC293345.ogg,rubthr1,Rufous-bellied Thrush,Turdus rufiventris,train
train_audio/rubthr1/XC293510.ogg,XC293510.ogg,rubthr1,Rufous-bellied Thrush,Turdus rufiventris,train
train_audio/rubthr1/iNat1650053.ogg,iNat1650053.ogg,rubthr1,Rufous-bellied Thrush,Turdus rufiventris,train
train_audio/rubthr1/XC169856.ogg,XC169856.ogg,rubthr1,Rufous-bellied Thrush,Turdus rufiventris,train
train_audio/rubthr1/iNat858155.ogg,iNat858155.ogg,rubthr1,Rufous-bellied Thrush,Turdus rufiventris,train
train_audio/rubthr1/iNat157330.ogg,iNat157330.ogg,rubthr1,Rufous-bellied Thrush,Turdus rufiventris,train
train_audio/rubthr1/iNat154988.ogg,iNat154988.ogg,rubthr1,Rufous-bellied Thrush,Turdus rufiventris,train
train_audio/rubthr1/XC153601.ogg,XC153601.ogg,rubthr1,Rufous-bellied Thrush,Turdus rufiventris,train
train_audio/rubthr1/XC52196.ogg,XC52196.ogg,rubthr1,Rufous-bellied Thrush,Turdus rufiventris,train
train_audio/rubthr1/iNat878576.ogg,iNat878576.ogg,rubthr1,Rufous-bellied Thrush,Turdus rufiventris,train
train_audio/rubthr1/iNat1285898.ogg,iNat1285898.ogg,rubthr1,Rufous-bellied Thrush,Turdus rufiventris,train
train_audio/rubthr1/XC512533.ogg,XC512533.ogg,rubthr1,Rufous-bellied Thrush,Turdus rufiventris,train
train_audio/rubthr1/XC325856.ogg,XC325856.ogg,rubthr1,Rufous-bellied Thrush,Turdus rufiventris,train
train_audio/rubthr1/iNat1695877.ogg,iNat1695877.ogg,rubthr1,Rufous-bellied Thrush,Turdus rufiventris,train
train_audio/rubthr1/iNat1252741.ogg,iNat1252741.ogg,rubthr1,Rufous-bellied Thrush,Turdus rufiventris,train
train_audio/rubthr1/iNat1694816.ogg,iNat1694816.ogg,rubthr1,Rufous-bellied Thrush,Turdus rufiventris,train
train_audio/rubthr1/iNat320856.ogg,iNat320856.ogg,rubthr1,Rufous-bellied Thrush,Turdus rufiventris,train
train_audio/rubthr1/XC293498.ogg,XC293498.ogg,rubthr1,Rufous-bellied Thrush,Turdus rufiventris,train
train_audio/rubthr1/XC750296.ogg,XC750296.ogg,rubthr1,Rufous-bellied Thrush,Turdus rufiventris,train
train_audio/rubthr1/iNat1190157.ogg,iNat1190157.ogg,rubthr1,Rufous-bellied Thrush,Turdus rufiventris,train
train_audio/rubthr1/XC1003072.ogg,XC1003072.ogg,rubthr1,Rufous-bellied Thrush,Turdus rufiventris,train
train_audio/rubthr1/iNat335481.ogg,iNat335481.ogg,rubthr1,Rufous-bellied Thrush,Turdus rufiventris,train
train_audio/rubthr1/XC284277.ogg,XC284277.ogg,rubthr1,Rufous-bellied Thrush,Turdus rufiventris,train
train_audio/rubthr1/iNat1022679.ogg,iNat1022679.ogg,rubthr1,Rufous-bellied Thrush,Turdus rufiventris,train
train_audio/rubthr1/XC150154.ogg,XC150154.ogg,rubthr1,Rufous-bellied Thrush,Turdus rufiventris,train
train_audio/rubthr1/XC162280.ogg,XC162280.ogg,rubthr1,Rufous-bellied Thrush,Turdus rufiventris,train
train_audio/rubthr1/iNat164564.ogg,iNat164564.ogg,rubthr1,Rufous-bellied Thrush,Turdus rufiventris,train
train_audio/rubthr1/iNat551817.ogg,iNat551817.ogg,rubthr1,Rufous-bellied Thrush,Turdus rufiventris,train
train_audio/rubthr1/XC8997.ogg,XC8997.ogg,rubthr1,Rufous-bellied Thrush,Turdus rufiventris,train
train_audio/rubthr1/XC82475.ogg,XC82475.ogg,rubthr1,Rufous-bellied Thrush,Turdus rufiventris,train
train_audio/rubthr1/XC418792.ogg,XC418792.ogg,rubthr1,Rufous-bellied Thrush,Turdus rufiventris,train
train_audio/rubthr1/XC289104.ogg,XC289104.ogg,rubthr1,Rufous-bellied Thrush,Turdus rufiventris,train
train_audio/rubthr1/iNat312467.ogg,iNat312467.ogg,rubthr1,Rufous-bellied Thrush,Turdus rufiventris,train
train_audio/rubthr1/iNat142171.ogg,iNat142171.ogg,rubthr1,Rufous-bellied Thrush,Turdus rufiventris,train
train_audio/rubthr1/XC1051800.ogg,XC1051800.ogg,rubthr1,Rufous-bellied Thrush,Turdus rufiventris,train
train_audio/rubthr1/iNat1657041.ogg,iNat1657041.ogg,rubthr1,Rufous-bellied Thrush,Turdus rufiventris,train
train_audio/rubthr1/XC1049910.ogg,XC1049910.ogg,rubthr1,Rufous-bellied Thrush,Turdus rufiventris,train
train_audio/rubthr1/XC422277.ogg,XC422277.ogg,rubthr1,Rufous-bellied Thrush,Turdus rufiventris,train
train_audio/rubthr1/iNat1070308.ogg,iNat1070308.ogg,rubthr1,Rufous-bellied Thrush,Turdus rufiventris,train
train_audio/rubthr1/XC491660.ogg,XC491660.ogg,rubthr1,Rufous-bellied Thrush,Turdus rufiventris,train
train_audio/rubthr1/iNat1641914.ogg,iNat1641914.ogg,rubthr1,Rufous-bellied Thrush,Turdus rufiventris,val
train_audio/rubthr1/iNat826354.ogg,iNat826354.ogg,rubthr1,Rufous-bellied Thrush,Turdus rufiventris,val
train_audio/rubthr1/XC577278.ogg,XC577278.ogg,rubthr1,Rufous-bellied Thrush,Turdus rufiventris,val
train_audio/rubthr1/XC974643.ogg,XC974643.ogg,rubthr1,Rufous-bellied Thrush,Turdus rufiventris,val
train_audio/rubthr1/XC695280.ogg,XC695280.ogg,rubthr1,Rufous-bellied Thrush,Turdus rufiventris,val
train_audio/rubthr1/XC289123.ogg,XC289123.ogg,rubthr1,Rufous-bellied Thrush,Turdus rufiventris,val
train_audio/rubthr1/XC422745.ogg,XC422745.ogg,rubthr1,Rufous-bellied Thrush,Turdus rufiventris,val
train_audio/rubthr1/XC587128.ogg,XC587128.ogg,rubthr1,Rufous-bellied Thrush,Turdus rufiventris,val
train_audio/rubthr1/iNat147011.ogg,iNat147011.ogg,rubthr1,Rufous-bellied Thrush,Turdus rufiventris,val
train_audio/rubthr1/iNat1132353.ogg,iNat1132353.ogg,rubthr1,Rufous-bellied Thrush,Turdus rufiventris,val
train_audio/rubthr1/XC1723.ogg,XC1723.ogg,rubthr1,Rufous-bellied Thrush,Turdus rufiventris,val
train_audio/rubthr1/iNat1706157.ogg,iNat1706157.ogg,rubthr1,Rufous-bellied Thrush,Turdus rufiventris,val
train_audio/rubthr1/XC149231.ogg,XC149231.ogg,rubthr1,Rufous-bellied Thrush,Turdus rufiventris,val
train_audio/rubthr1/iNat852770.ogg,iNat852770.ogg,rubthr1,Rufous-bellied Thrush,Turdus rufiventris,val
train_audio/rubthr1/XC293358.ogg,XC293358.ogg,rubthr1,Rufous-bellied Thrush,Turdus rufiventris,val
train_audio/rubthr1/iNat559280.ogg,iNat559280.ogg,rubthr1,Rufous-bellied Thrush,Turdus rufiventris,val
train_audio/rubthr1/iNat560046.ogg,iNat560046.ogg,rubthr1,Rufous-bellied Thrush,Turdus rufiventris,val
train_audio/rubthr1/iNat1264422.ogg,iNat1264422.ogg,rubthr1,Rufous-bellied Thrush,Turdus rufiventris,val
train_audio/rubthr1/XC284269.ogg,XC284269.ogg,rubthr1,Rufous-bellied Thrush,Turdus rufiventris,val
train_audio/rubthr1/XC707723.ogg,XC707723.ogg,rubthr1,Rufous-bellied Thrush,Turdus rufiventris,val
train_audio/rubthr1/XC726712.ogg,XC726712.ogg,rubthr1,Rufous-bellied Thrush,Turdus rufiventris,val
train_audio/rubthr1/XC574640.ogg,XC574640.ogg,rubthr1,Rufous-bellied Thrush,Turdus rufiventris,val
train_audio/rubthr1/iNat1636622.ogg,iNat1636622.ogg,rubthr1,Rufous-bellied Thrush,Turdus rufiventris,val
train_audio/rubthr1/iNat145188.ogg,iNat145188.ogg,rubthr1,Rufous-bellied Thrush,Turdus rufiventris,val
train_audio/rubthr1/iNat1247499.ogg,iNat1247499.ogg,rubthr1,Rufous-bellied Thrush,Turdus rufiventris,val
train_audio/rubthr1/iNat138326.ogg,iNat138326.ogg,rubthr1,Rufous-bellied Thrush,Turdus rufiventris,val
train_audio/rubthr1/XC1011087.ogg,XC1011087.ogg,rubthr1,Rufous-bellied Thrush,Turdus rufiventris,val
train_audio/rubthr1/XC1051859.ogg,XC1051859.ogg,rubthr1,Rufous-bellied Thrush,Turdus rufiventris,val
train_audio/rubthr1/iNat1622144.ogg,iNat1622144.ogg,rubthr1,Rufous-bellied Thrush,Turdus rufiventris,val
train_audio/rubthr1/XC366508.ogg,XC366508.ogg,rubthr1,Rufous-bellied Thrush,Turdus rufiventris,val
train_audio/rubthr1/XC541136.ogg,XC541136.ogg,rubthr1,Rufous-bellied Thrush,Turdus rufiventris,val
train_audio/rubthr1/iNat606507.ogg,iNat606507.ogg,rubthr1,Rufous-bellied Thrush,Turdus rufiventris,val
train_audio/rubthr1/XC218666.ogg,XC218666.ogg,rubthr1,Rufous-bellied Thrush,Turdus rufiventris,val
train_audio/rubthr1/iNat819971.ogg,iNat819971.ogg,rubthr1,Rufous-bellied Thrush,Turdus rufiventris,val
train_audio/rubthr1/XC235495.ogg,XC235495.ogg,rubthr1,Rufous-bellied Thrush,Turdus rufiventris,val
train_audio/rubthr1/iNat1722212.ogg,iNat1722212.ogg,rubthr1,Rufous-bellied Thrush,Turdus rufiventris,val
train_audio/rubthr1/XC161991.ogg,XC161991.ogg,rubthr1,Rufous-bellied Thrush,Turdus rufiventris,val
train_audio/rubthr1/XC82476.ogg,XC82476.ogg,rubthr1,Rufous-bellied Thrush,Turdus rufiventris,val
train_audio/rubthr1/iNat1705142.ogg,iNat1705142.ogg,rubthr1,Rufous-bellied Thrush,Turdus rufiventris,val
train_audio/rubthr1/XC934851.ogg,XC934851.ogg,rubthr1,Rufous-bellied Thrush,Turdus rufiventris,val
train_audio/rubthr1/XC608633.ogg,XC608633.ogg,rubthr1,Rufous-bellied Thrush,Turdus rufiventris,val
train_audio/rubthr1/iNat1625495.ogg,iNat1625495.ogg,rubthr1,Rufous-bellied Thrush,Turdus rufiventris,val
train_audio/rubthr1/iNat851502.ogg,iNat851502.ogg,rubthr1,Rufous-bellied Thrush,Turdus rufiventris,val
train_audio/rubthr1/XC292635.ogg,XC292635.ogg,rubthr1,Rufous-bellied Thrush,Turdus rufiventris,val
train_audio/rubthr1/iNat588516.ogg,iNat588516.ogg,rubthr1,Rufous-bellied Thrush,Turdus rufiventris,val
train_audio/rubthr1/XC1049906.ogg,XC1049906.ogg,rubthr1,Rufous-bellied Thrush,Turdus rufiventris,val
train_audio/rubthr1/XC292648.ogg,XC292648.ogg,rubthr1,Rufous-bellied Thrush,Turdus rufiventris,val
train_audio/rubthr1/XC325857.ogg,XC325857.ogg,rubthr1,Rufous-bellied Thrush,Turdus rufiventris,val
train_audio/rubthr1/XC896056.ogg,XC896056.ogg,rubthr1,Rufous-bellied Thrush,Turdus rufiventris,val
train_audio/rubthr1/XC297411.ogg,XC297411.ogg,rubthr1,Rufous-bellied Thrush,Turdus rufiventris,val
train_audio/rubthr1/XC202063.ogg,XC202063.ogg,rubthr1,Rufous-bellied Thrush,Turdus rufiventris,val
train_audio/rubthr1/iNat1684073.ogg,iNat1684073.ogg,rubthr1,Rufous-bellied Thrush,Turdus rufiventris,val
train_audio/rubthr1/iNat1267229.ogg,iNat1267229.ogg,rubthr1,Rufous-bellied Thrush,Turdus rufiventris,val
train_audio/rubthr1/iNat257985.ogg,iNat257985.ogg,rubthr1,Rufous-bellied Thrush,Turdus rufiventris,val
train_audio/rubthr1/iNat695864.ogg,iNat695864.ogg,rubthr1,Rufous-bellied Thrush,Turdus rufiventris,val
train_audio/rubthr1/iNat328679.ogg,iNat328679.ogg,rubthr1,Rufous-bellied Thrush,Turdus rufiventris,val
train_audio/rubthr1/XC836834.ogg,XC836834.ogg,rubthr1,Rufous-bellied Thrush,Turdus rufiventris,val
train_audio/rubthr1/iNat1690272.ogg,iNat1690272.ogg,rubthr1,Rufous-bellied Thrush,Turdus rufiventris,val
train_audio/rubthr1/iNat1252157.ogg,iNat1252157.ogg,rubthr1,Rufous-bellied Thrush,Turdus rufiventris,val
train_audio/rubthr1/iNat335713.ogg,iNat335713.ogg,rubthr1,Rufous-bellied Thrush,Turdus rufiventris,val
train_audio/rubthr1/XC293370.ogg,XC293370.ogg,rubthr1,Rufous-bellied Thrush,Turdus rufiventris,val
train_audio/rubthr1/XC809860.ogg,XC809860.ogg,rubthr1,Rufous-bellied Thrush,Turdus rufiventris,val
train_audio/rubthr1/XC176297.ogg,XC176297.ogg,rubthr1,Rufous-bellied Thrush,Turdus rufiventris,val
train_audio/rubthr1/XC293494.ogg,XC293494.ogg,rubthr1,Rufous-bellied Thrush,Turdus rufiventris,val
train_audio/rubthr1/XC979639.ogg,XC979639.ogg,rubthr1,Rufous-bellied Thrush,Turdus rufiventris,val
train_audio/rubthr1/iNat264183.ogg,iNat264183.ogg,rubthr1,Rufous-bellied Thrush,Turdus rufiventris,val
train_audio/rubthr1/XC605935.ogg,XC605935.ogg,rubthr1,Rufous-bellied Thrush,Turdus rufiventris,val
train_audio/rubthr1/iNat851733.ogg,iNat851733.ogg,rubthr1,Rufous-bellied Thrush,Turdus rufiventris,val
train_audio/rubthr1/XC4644.ogg,XC4644.ogg,rubthr1,Rufous-bellied Thrush,Turdus rufiventris,val
train_audio/rubthr1/XC940072.ogg,XC940072.ogg,rubthr1,Rufous-bellied Thrush,Turdus rufiventris,val
train_audio/rubthr1/XC599526.ogg,XC599526.ogg,rubthr1,Rufous-bellied Thrush,Turdus rufiventris,val
train_audio/rubthr1/XC153611.ogg,XC153611.ogg,rubthr1,Rufous-bellied Thrush,Turdus rufiventris,val
train_audio/rubthr1/iNat1651462.ogg,iNat1651462.ogg,rubthr1,Rufous-bellied Thrush,Turdus rufiventris,val
train_audio/rubthr1/XC474195.ogg,XC474195.ogg,rubthr1,Rufous-bellied Thrush,Turdus rufiventris,val
train_audio/rubthr1/XC286716.ogg,XC286716.ogg,rubthr1,Rufous-bellied Thrush,Turdus rufiventris,val
train_audio/rubthr1/iNat1275366.ogg,iNat1275366.ogg,rubthr1,Rufous-bellied Thrush,Turdus rufiventris,test
train_audio/rubthr1/XC292638.ogg,XC292638.ogg,rubthr1,Rufous-bellied Thrush,Turdus rufiventris,test
train_audio/rubthr1/XC293369.ogg,XC293369.ogg,rubthr1,Rufous-bellied Thrush,Turdus rufiventris,test
train_audio/rubthr1/XC824641.ogg,XC824641.ogg,rubthr1,Rufous-bellied Thrush,Turdus rufiventris,test
train_audio/rubthr1/iNat200284.ogg,iNat200284.ogg,rubthr1,Rufous-bellied Thrush,Turdus rufiventris,test
train_audio/rubthr1/XC293359.ogg,XC293359.ogg,rubthr1,Rufous-bellied Thrush,Turdus rufiventris,test
train_audio/rubthr1/iNat1684067.ogg,iNat1684067.ogg,rubthr1,Rufous-bellied Thrush,Turdus rufiventris,test
train_audio/rubthr1/iNat532419.ogg,iNat532419.ogg,rubthr1,Rufous-bellied Thrush,Turdus rufiventris,test
train_audio/rubthr1/iNat546227.ogg,iNat546227.ogg,rubthr1,Rufous-bellied Thrush,Turdus rufiventris,test
train_audio/rubthr1/iNat1646207.ogg,iNat1646207.ogg,rubthr1,Rufous-bellied Thrush,Turdus rufiventris,test
train_audio/rubthr1/iNat544635.ogg,iNat544635.ogg,rubthr1,Rufous-bellied Thrush,Turdus rufiventris,test
train_audio/rubthr1/XC289119.ogg,XC289119.ogg,rubthr1,Rufous-bellied Thrush,Turdus rufiventris,test
train_audio/rubthr1/iNat850316.ogg,iNat850316.ogg,rubthr1,Rufous-bellied Thrush,Turdus rufiventris,test
train_audio/rubthr1/XC692377.ogg,XC692377.ogg,rubthr1,Rufous-bellied Thrush,Turdus rufiventris,test
train_audio/rubthr1/XC664118.ogg,XC664118.ogg,rubthr1,Rufous-bellied Thrush,Turdus rufiventris,test
train_audio/rubthr1/iNat140129.ogg,iNat140129.ogg,rubthr1,Rufous-bellied Thrush,Turdus rufiventris,test
train_audio/rubthr1/XC82481.ogg,XC82481.ogg,rubthr1,Rufous-bellied Thrush,Turdus rufiventris,test
train_audio/rubthr1/XC585447.ogg,XC585447.ogg,rubthr1,Rufous-bellied Thrush,Turdus rufiventris,test
train_audio/rubthr1/iNat304925.ogg,iNat304925.ogg,rubthr1,Rufous-bellied Thrush,Turdus rufiventris,test
train_audio/rubthr1/XC398272.ogg,XC398272.ogg,rubthr1,Rufous-bellied Thrush,Turdus rufiventris,test
train_audio/rubthr1/iNat1689244.ogg,iNat1689244.ogg,rubthr1,Rufous-bellied Thrush,Turdus rufiventris,test
train_audio/rubthr1/XC293348.ogg,XC293348.ogg,rubthr1,Rufous-bellied Thrush,Turdus rufiventris,test
train_audio/rubthr1/iNat1246346.ogg,iNat1246346.ogg,rubthr1,Rufous-bellied Thrush,Turdus rufiventris,test
train_audio/rubthr1/iNat126953.ogg,iNat126953.ogg,rubthr1,Rufous-bellied Thrush,Turdus rufiventris,test
train_audio/rubthr1/XC293506.ogg,XC293506.ogg,rubthr1,Rufous-bellied Thrush,Turdus rufiventris,test
train_audio/rubthr1/iNat1672512.ogg,iNat1672512.ogg,rubthr1,Rufous-bellied Thrush,Turdus rufiventris,test
train_audio/rubthr1/XC212458.ogg,XC212458.ogg,rubthr1,Rufous-bellied Thrush,Turdus rufiventris,test
train_audio/rubthr1/iNat544274.ogg,iNat544274.ogg,rubthr1,Rufous-bellied Thrush,Turdus rufiventris,test
train_audio/rubthr1/XC289064.ogg,XC289064.ogg,rubthr1,Rufous-bellied Thrush,Turdus rufiventris,test
train_audio/rubthr1/XC289112.ogg,XC289112.ogg,rubthr1,Rufous-bellied Thrush,Turdus rufiventris,test
train_audio/rubthr1/XC524952.ogg,XC524952.ogg,rubthr1,Rufous-bellied Thrush,Turdus rufiventris,test
train_audio/rubthr1/iNat307187.ogg,iNat307187.ogg,rubthr1,Rufous-bellied Thrush,Turdus rufiventris,test
train_audio/rubthr1/XC169868.ogg,XC169868.ogg,rubthr1,Rufous-bellied Thrush,Turdus rufiventris,test
train_audio/rubthr1/iNat1278993.ogg,iNat1278993.ogg,rubthr1,Rufous-bellied Thrush,Turdus rufiventris,test
train_audio/rubthr1/iNat556770.ogg,iNat556770.ogg,rubthr1,Rufous-bellied Thrush,Turdus rufiventris,test
train_audio/rubthr1/iNat152359.ogg,iNat152359.ogg,rubthr1,Rufous-bellied Thrush,Turdus rufiventris,test
train_audio/rubthr1/XC153764.ogg,XC153764.ogg,rubthr1,Rufous-bellied Thrush,Turdus rufiventris,test
train_audio/rubthr1/iNat851551.ogg,iNat851551.ogg,rubthr1,Rufous-bellied Thrush,Turdus rufiventris,test
train_audio/rubthr1/XC32482.ogg,XC32482.ogg,rubthr1,Rufous-bellied Thrush,Turdus rufiventris,test
train_audio/rubthr1/iNat1246103.ogg,iNat1246103.ogg,rubthr1,Rufous-bellied Thrush,Turdus rufiventris,test
train_audio/rubthr1/XC504245.ogg,XC504245.ogg,rubthr1,Rufous-bellied Thrush,Turdus rufiventris,test
train_audio/rubthr1/iNat1736309.ogg,iNat1736309.ogg,rubthr1,Rufous-bellied Thrush,Turdus rufiventris,test
train_audio/rubthr1/XC286580.ogg,XC286580.ogg,rubthr1,Rufous-bellied Thrush,Turdus rufiventris,test
train_audio/rubthr1/iNat48324.ogg,iNat48324.ogg,rubthr1,Rufous-bellied Thrush,Turdus rufiventris,test
train_audio/rubthr1/XC586417.ogg,XC586417.ogg,rubthr1,Rufous-bellied Thrush,Turdus rufiventris,test
train_audio/rubthr1/iNat537756.ogg,iNat537756.ogg,rubthr1,Rufous-bellied Thrush,Turdus rufiventris,test
train_audio/rubthr1/iNat139037.ogg,iNat139037.ogg,rubthr1,Rufous-bellied Thrush,Turdus rufiventris,test
train_audio/rubthr1/iNat559048.ogg,iNat559048.ogg,rubthr1,Rufous-bellied Thrush,Turdus rufiventris,test
train_audio/rubthr1/XC82484.ogg,XC82484.ogg,rubthr1,Rufous-bellied Thrush,Turdus rufiventris,test
train_audio/rubthr1/XC913487.ogg,XC913487.ogg,rubthr1,Rufous-bellied Thrush,Turdus rufiventris,test
train_audio/rubthr1/iNat367857.ogg,iNat367857.ogg,rubthr1,Rufous-bellied Thrush,Turdus rufiventris,test
train_audio/rubthr1/XC390666.ogg,XC390666.ogg,rubthr1,Rufous-bellied Thrush,Turdus rufiventris,test
train_audio/rubthr1/iNat1684808.ogg,iNat1684808.ogg,rubthr1,Rufous-bellied Thrush,Turdus rufiventris,test
train_audio/rubthr1/iNat1641900.ogg,iNat1641900.ogg,rubthr1,Rufous-bellied Thrush,Turdus rufiventris,test
train_audio/rubthr1/XC771056.ogg,XC771056.ogg,rubthr1,Rufous-bellied Thrush,Turdus rufiventris,test
train_audio/rubthr1/iNat417942.ogg,iNat417942.ogg,rubthr1,Rufous-bellied Thrush,Turdus rufiventris,test
train_audio/rubthr1/XC838233.ogg,XC838233.ogg,rubthr1,Rufous-bellied Thrush,Turdus rufiventris,test
train_audio/rubthr1/XC293503.ogg,XC293503.ogg,rubthr1,Rufous-bellied Thrush,Turdus rufiventris,test
train_audio/rubthr1/iNat1642798.ogg,iNat1642798.ogg,rubthr1,Rufous-bellied Thrush,Turdus rufiventris,test
train_audio/rubthr1/XC502362.ogg,XC502362.ogg,rubthr1,Rufous-bellied Thrush,Turdus rufiventris,test
train_audio/rubthr1/XC389545.ogg,XC389545.ogg,rubthr1,Rufous-bellied Thrush,Turdus rufiventris,test
train_audio/rubthr1/iNat1094287.ogg,iNat1094287.ogg,rubthr1,Rufous-bellied Thrush,Turdus rufiventris,test
train_audio/rubthr1/XC648127.ogg,XC648127.ogg,rubthr1,Rufous-bellied Thrush,Turdus rufiventris,test
train_audio/rubthr1/XC506427.ogg,XC506427.ogg,rubthr1,Rufous-bellied Thrush,Turdus rufiventris,test
train_audio/rubthr1/iNat28719.ogg,iNat28719.ogg,rubthr1,Rufous-bellied Thrush,Turdus rufiventris,test
train_audio/rubthr1/XC239348.ogg,XC239348.ogg,rubthr1,Rufous-bellied Thrush,Turdus rufiventris,test
train_audio/rubthr1/iNat841407.ogg,iNat841407.ogg,rubthr1,Rufous-bellied Thrush,Turdus rufiventris,test
train_audio/rubthr1/iNat1686598.ogg,iNat1686598.ogg,rubthr1,Rufous-bellied Thrush,Turdus rufiventris,test
train_audio/rubthr1/iNat787505.ogg,iNat787505.ogg,rubthr1,Rufous-bellied Thrush,Turdus rufiventris,test
train_audio/rubthr1/XC856370.ogg,XC856370.ogg,rubthr1,Rufous-bellied Thrush,Turdus rufiventris,test
train_audio/rubthr1/XC293505.ogg,XC293505.ogg,rubthr1,Rufous-bellied Thrush,Turdus rufiventris,test
train_audio/rubthr1/XC292641.ogg,XC292641.ogg,rubthr1,Rufous-bellied Thrush,Turdus rufiventris,test
train_audio/rubthr1/XC293512.ogg,XC293512.ogg,rubthr1,Rufous-bellied Thrush,Turdus rufiventris,test
train_audio/rubthr1/iNat1677676.ogg,iNat1677676.ogg,rubthr1,Rufous-bellied Thrush,Turdus rufiventris,test
train_audio/rubthr1/XC199687.ogg,XC199687.ogg,rubthr1,Rufous-bellied Thrush,Turdus rufiventris,test
train_audio/rubthr1/iNat1201130.ogg,iNat1201130.ogg,rubthr1,Rufous-bellied Thrush,Turdus rufiventris,test
train_audio/rubthr1/XC284283.ogg,XC284283.ogg,rubthr1,Rufous-bellied Thrush,Turdus rufiventris,test
train_audio/rubthr1/XC1050619.ogg,XC1050619.ogg,rubthr1,Rufous-bellied Thrush,Turdus rufiventris,test
train_audio/rubthr1/iNat1691430.ogg,iNat1691430.ogg,rubthr1,Rufous-bellied Thrush,Turdus rufiventris,test
train_audio/rubthr1/iNat1686285.ogg,iNat1686285.ogg,rubthr1,Rufous-bellied Thrush,Turdus rufiventris,test
train_audio/rubthr1/iNat138390.ogg,iNat138390.ogg,rubthr1,Rufous-bellied Thrush,Turdus rufiventris,test
train_audio/rubthr1/iNat1205951.ogg,iNat1205951.ogg,rubthr1,Rufous-bellied Thrush,Turdus rufiventris,test
train_audio/rubthr1/iNat1209629.ogg,iNat1209629.ogg,rubthr1,Rufous-bellied Thrush,Turdus rufiventris,test
train_audio/rubthr1/iNat810354.ogg,iNat810354.ogg,rubthr1,Rufous-bellied Thrush,Turdus rufiventris,test
train_audio/rubthr1/XC243706.ogg,XC243706.ogg,rubthr1,Rufous-bellied Thrush,Turdus rufiventris,test
train_audio/rubthr1/iNat1309794.ogg,iNat1309794.ogg,rubthr1,Rufous-bellied Thrush,Turdus rufiventris,test
train_audio/rubthr1/XC1667.ogg,XC1667.ogg,rubthr1,Rufous-bellied Thrush,Turdus rufiventris,test
train_audio/rubthr1/XC713775.ogg,XC713775.ogg,rubthr1,Rufous-bellied Thrush,Turdus rufiventris,test
train_audio/rubthr1/XC974027.ogg,XC974027.ogg,rubthr1,Rufous-bellied Thrush,Turdus rufiventris,test
train_audio/rubthr1/XC293365.ogg,XC293365.ogg,rubthr1,Rufous-bellied Thrush,Turdus rufiventris,test
train_audio/rubthr1/iNat140130.ogg,iNat140130.ogg,rubthr1,Rufous-bellied Thrush,Turdus rufiventris,test
train_audio/rubthr1/XC337457.ogg,XC337457.ogg,rubthr1,Rufous-bellied Thrush,Turdus rufiventris,test
train_audio/rubthr1/iNat1622234.ogg,iNat1622234.ogg,rubthr1,Rufous-bellied Thrush,Turdus rufiventris,test
train_audio/rubthr1/iNat1689240.ogg,iNat1689240.ogg,rubthr1,Rufous-bellied Thrush,Turdus rufiventris,test
train_audio/rubthr1/iNat1703793.ogg,iNat1703793.ogg,rubthr1,Rufous-bellied Thrush,Turdus rufiventris,test
train_audio/rubthr1/iNat275185.ogg,iNat275185.ogg,rubthr1,Rufous-bellied Thrush,Turdus rufiventris,test
train_audio/rubthr1/XC343083.ogg,XC343083.ogg,rubthr1,Rufous-bellied Thrush,Turdus rufiventris,test
train_audio/rubthr1/iNat1199241.ogg,iNat1199241.ogg,rubthr1,Rufous-bellied Thrush,Turdus rufiventris,test
train_audio/rubthr1/iNat1459448.ogg,iNat1459448.ogg,rubthr1,Rufous-bellied Thrush,Turdus rufiventris,test
train_audio/rubthr1/XC289122.ogg,XC289122.ogg,rubthr1,Rufous-bellied Thrush,Turdus rufiventris,test
train_audio/banana/iNat912490.ogg,iNat912490.ogg,banana,Bananaquit,Coereba flaveola,train
train_audio/banana/XC524993.ogg,XC524993.ogg,banana,Bananaquit,Coereba flaveola,train
train_audio/banana/iNat1550176.ogg,iNat1550176.ogg,banana,Bananaquit,Coereba flaveola,train
train_audio/banana/iNat804530.ogg,iNat804530.ogg,banana,Bananaquit,Coereba flaveola,train
train_audio/banana/iNat1631602.ogg,iNat1631602.ogg,banana,Bananaquit,Coereba flaveola,train
train_audio/banana/iNat1721020.ogg,iNat1721020.ogg,banana,Bananaquit,Coereba flaveola,train
train_audio/banana/XC789043.ogg,XC789043.ogg,banana,Bananaquit,Coereba flaveola,train
train_audio/banana/XC154742.ogg,XC154742.ogg,banana,Bananaquit,Coereba flaveola,train
train_audio/banana/iNat1721098.ogg,iNat1721098.ogg,banana,Bananaquit,Coereba flaveola,train
train_audio/banana/XC59515.ogg,XC59515.ogg,banana,Bananaquit,Coereba flaveola,train
train_audio/banana/XC469261.ogg,XC469261.ogg,banana,Bananaquit,Coereba flaveola,train
train_audio/banana/XC782352.ogg,XC782352.ogg,banana,Bananaquit,Coereba flaveola,train
train_audio/banana/iNat321245.ogg,iNat321245.ogg,banana,Bananaquit,Coereba flaveola,train
train_audio/banana/XC173288.ogg,XC173288.ogg,banana,Bananaquit,Coereba flaveola,train
train_audio/banana/XC939088.ogg,XC939088.ogg,banana,Bananaquit,Coereba flaveola,train
train_audio/banana/iNat1648127.ogg,iNat1648127.ogg,banana,Bananaquit,Coereba flaveola,train
train_audio/banana/XC541448.ogg,XC541448.ogg,banana,Bananaquit,Coereba flaveola,train
train_audio/banana/iNat909849.ogg,iNat909849.ogg,banana,Bananaquit,Coereba flaveola,train
train_audio/banana/XC155797.ogg,XC155797.ogg,banana,Bananaquit,Coereba flaveola,train
train_audio/banana/XC213288.ogg,XC213288.ogg,banana,Bananaquit,Coereba flaveola,train
train_audio/banana/XC795744.ogg,XC795744.ogg,banana,Bananaquit,Coereba flaveola,train
train_audio/banana/XC375205.ogg,XC375205.ogg,banana,Bananaquit,Coereba flaveola,train
train_audio/banana/XC214002.ogg,XC214002.ogg,banana,Bananaquit,Coereba flaveola,train
train_audio/banana/XC58868.ogg,XC58868.ogg,banana,Bananaquit,Coereba flaveola,train
train_audio/banana/iNat1078205.ogg,iNat1078205.ogg,banana,Bananaquit,Coereba flaveola,train
train_audio/banana/XC799774.ogg,XC799774.ogg,banana,Bananaquit,Coereba flaveola,train
train_audio/banana/XC520548.ogg,XC520548.ogg,banana,Bananaquit,Coereba flaveola,train
train_audio/banana/XC190593.ogg,XC190593.ogg,banana,Bananaquit,Coereba flaveola,train
train_audio/banana/XC214521.ogg,XC214521.ogg,banana,Bananaquit,Coereba flaveola,train
train_audio/banana/XC155808.ogg,XC155808.ogg,banana,Bananaquit,Coereba flaveola,train
train_audio/banana/iNat559630.ogg,iNat559630.ogg,banana,Bananaquit,Coereba flaveola,train
train_audio/banana/iNat871291.ogg,iNat871291.ogg,banana,Bananaquit,Coereba flaveola,train
train_audio/banana/XC393165.ogg,XC393165.ogg,banana,Bananaquit,Coereba flaveola,train
train_audio/banana/iNat1471075.ogg,iNat1471075.ogg,banana,Bananaquit,Coereba flaveola,train
train_audio/banana/XC277006.ogg,XC277006.ogg,banana,Bananaquit,Coereba flaveola,train
train_audio/banana/iNat1369561.ogg,iNat1369561.ogg,banana,Bananaquit,Coereba flaveola,train
train_audio/banana/XC756928.ogg,XC756928.ogg,banana,Bananaquit,Coereba flaveola,train
train_audio/banana/iNat1711277.ogg,iNat1711277.ogg,banana,Bananaquit,Coereba flaveola,train
train_audio/banana/XC189212.ogg,XC189212.ogg,banana,Bananaquit,Coereba flaveola,train
train_audio/banana/iNat724173.ogg,iNat724173.ogg,banana,Bananaquit,Coereba flaveola,train
train_audio/banana/XC523829.ogg,XC523829.ogg,banana,Bananaquit,Coereba flaveola,train
train_audio/banana/XC173431.ogg,XC173431.ogg,banana,Bananaquit,Coereba flaveola,train
train_audio/banana/iNat770503.ogg,iNat770503.ogg,banana,Bananaquit,Coereba flaveola,train
train_audio/banana/XC1028247.ogg,XC1028247.ogg,banana,Bananaquit,Coereba flaveola,train
train_audio/banana/XC700790.ogg,XC700790.ogg,banana,Bananaquit,Coereba flaveola,train
train_audio/banana/iNat599949.ogg,iNat599949.ogg,banana,Bananaquit,Coereba flaveola,train
train_audio/banana/iNat613793.ogg,iNat613793.ogg,banana,Bananaquit,Coereba flaveola,train
train_audio/banana/XC411998.ogg,XC411998.ogg,banana,Bananaquit,Coereba flaveola,train
train_audio/banana/XC1017290.ogg,XC1017290.ogg,banana,Bananaquit,Coereba flaveola,train
train_audio/banana/iNat964608.ogg,iNat964608.ogg,banana,Bananaquit,Coereba flaveola,train
train_audio/banana/iNat298967.ogg,iNat298967.ogg,banana,Bananaquit,Coereba flaveola,train
train_audio/banana/iNat33119.ogg,iNat33119.ogg,banana,Bananaquit,Coereba flaveola,train
train_audio/banana/XC778612.ogg,XC778612.ogg,banana,Bananaquit,Coereba flaveola,train
train_audio/banana/XC939911.ogg,XC939911.ogg,banana,Bananaquit,Coereba flaveola,train
train_audio/banana/iNat1596516.ogg,iNat1596516.ogg,banana,Bananaquit,Coereba flaveola,train
train_audio/banana/XC123772.ogg,XC123772.ogg,banana,Bananaquit,Coereba flaveola,train
train_audio/banana/XC303796.ogg,XC303796.ogg,banana,Bananaquit,Coereba flaveola,train
train_audio/banana/iNat563404.ogg,iNat563404.ogg,banana,Bananaquit,Coereba flaveola,train
train_audio/banana/iNat502581.ogg,iNat502581.ogg,banana,Bananaquit,Coereba flaveola,train
train_audio/banana/XC479540.ogg,XC479540.ogg,banana,Bananaquit,Coereba flaveola,train
train_audio/banana/XC1035619.ogg,XC1035619.ogg,banana,Bananaquit,Coereba flaveola,train
train_audio/banana/iNat356423.ogg,iNat356423.ogg,banana,Bananaquit,Coereba flaveola,train
train_audio/banana/iNat1433394.ogg,iNat1433394.ogg,banana,Bananaquit,Coereba flaveola,train
train_audio/banana/iNat864851.ogg,iNat864851.ogg,banana,Bananaquit,Coereba flaveola,train
train_audio/banana/iNat1020622.ogg,iNat1020622.ogg,banana,Bananaquit,Coereba flaveola,train
train_audio/banana/iNat32317.ogg,iNat32317.ogg,banana,Bananaquit,Coereba flaveola,train
train_audio/banana/XC331386.ogg,XC331386.ogg,banana,Bananaquit,Coereba flaveola,train
train_audio/banana/XC1068890.ogg,XC1068890.ogg,banana,Bananaquit,Coereba flaveola,train
train_audio/banana/XC196936.ogg,XC196936.ogg,banana,Bananaquit,Coereba flaveola,train
train_audio/banana/XC830531.ogg,XC830531.ogg,banana,Bananaquit,Coereba flaveola,train
train_audio/banana/iNat326637.ogg,iNat326637.ogg,banana,Bananaquit,Coereba flaveola,train
train_audio/banana/XC864623.ogg,XC864623.ogg,banana,Bananaquit,Coereba flaveola,train
train_audio/banana/XC340263.ogg,XC340263.ogg,banana,Bananaquit,Coereba flaveola,train
train_audio/banana/XC706371.ogg,XC706371.ogg,banana,Bananaquit,Coereba flaveola,train
train_audio/banana/XC626037.ogg,XC626037.ogg,banana,Bananaquit,Coereba flaveola,train
train_audio/banana/XC649625.ogg,XC649625.ogg,banana,Bananaquit,Coereba flaveola,train
train_audio/banana/XC1067310.ogg,XC1067310.ogg,banana,Bananaquit,Coereba flaveola,train
train_audio/banana/XC924677.ogg,XC924677.ogg,banana,Bananaquit,Coereba flaveola,train
train_audio/banana/XC169849.ogg,XC169849.ogg,banana,Bananaquit,Coereba flaveola,train
train_audio/banana/iNat55498.ogg,iNat55498.ogg,banana,Bananaquit,Coereba flaveola,train
train_audio/banana/iNat1110699.ogg,iNat1110699.ogg,banana,Bananaquit,Coereba flaveola,train
train_audio/banana/iNat1041315.ogg,iNat1041315.ogg,banana,Bananaquit,Coereba flaveola,train
train_audio/banana/XC288516.ogg,XC288516.ogg,banana,Bananaquit,Coereba flaveola,train
train_audio/banana/XC214523.ogg,XC214523.ogg,banana,Bananaquit,Coereba flaveola,train
train_audio/banana/XC308651.ogg,XC308651.ogg,banana,Bananaquit,Coereba flaveola,train
train_audio/banana/XC721906.ogg,XC721906.ogg,banana,Bananaquit,Coereba flaveola,train
train_audio/banana/XC616607.ogg,XC616607.ogg,banana,Bananaquit,Coereba flaveola,train
train_audio/banana/iNat308636.ogg,iNat308636.ogg,banana,Bananaquit,Coereba flaveola,train
train_audio/banana/XC318598.ogg,XC318598.ogg,banana,Bananaquit,Coereba flaveola,train
train_audio/banana/iNat1375832.ogg,iNat1375832.ogg,banana,Bananaquit,Coereba flaveola,train
train_audio/banana/iNat1737573.ogg,iNat1737573.ogg,banana,Bananaquit,Coereba flaveola,train
train_audio/banana/XC1035894.ogg,XC1035894.ogg,banana,Bananaquit,Coereba flaveola,train
train_audio/banana/XC247112.ogg,XC247112.ogg,banana,Bananaquit,Coereba flaveola,train
train_audio/banana/XC149227.ogg,XC149227.ogg,banana,Bananaquit,Coereba flaveola,train
train_audio/banana/XC1035885.ogg,XC1035885.ogg,banana,Bananaquit,Coereba flaveola,train
train_audio/banana/iNat33115.ogg,iNat33115.ogg,banana,Bananaquit,Coereba flaveola,train
train_audio/banana/iNat336997.ogg,iNat336997.ogg,banana,Bananaquit,Coereba flaveola,train
train_audio/banana/XC520823.ogg,XC520823.ogg,banana,Bananaquit,Coereba flaveola,train
train_audio/banana/XC58862.ogg,XC58862.ogg,banana,Bananaquit,Coereba flaveola,train
train_audio/banana/iNat800427.ogg,iNat800427.ogg,banana,Bananaquit,Coereba flaveola,train
train_audio/banana/XC860344.ogg,XC860344.ogg,banana,Bananaquit,Coereba flaveola,train
train_audio/banana/XC294693.ogg,XC294693.ogg,banana,Bananaquit,Coereba flaveola,train
train_audio/banana/XC819184.ogg,XC819184.ogg,banana,Bananaquit,Coereba flaveola,train
train_audio/banana/XC462887.ogg,XC462887.ogg,banana,Bananaquit,Coereba flaveola,train
train_audio/banana/iNat278088.ogg,iNat278088.ogg,banana,Bananaquit,Coereba flaveola,train
train_audio/banana/XC443365.ogg,XC443365.ogg,banana,Bananaquit,Coereba flaveola,train
train_audio/banana/iNat989513.ogg,iNat989513.ogg,banana,Bananaquit,Coereba flaveola,train
train_audio/banana/XC583784.ogg,XC583784.ogg,banana,Bananaquit,Coereba flaveola,train
train_audio/banana/iNat764438.ogg,iNat764438.ogg,banana,Bananaquit,Coereba flaveola,train
train_audio/banana/XC360208.ogg,XC360208.ogg,banana,Bananaquit,Coereba flaveola,train
train_audio/banana/iNat1445573.ogg,iNat1445573.ogg,banana,Bananaquit,Coereba flaveola,train
train_audio/banana/XC771681.ogg,XC771681.ogg,banana,Bananaquit,Coereba flaveola,train
train_audio/banana/iNat1720272.ogg,iNat1720272.ogg,banana,Bananaquit,Coereba flaveola,train
train_audio/banana/iNat351818.ogg,iNat351818.ogg,banana,Bananaquit,Coereba flaveola,train
train_audio/banana/XC956109.ogg,XC956109.ogg,banana,Bananaquit,Coereba flaveola,train
train_audio/banana/XC214711.ogg,XC214711.ogg,banana,Bananaquit,Coereba flaveola,train
train_audio/banana/XC939057.ogg,XC939057.ogg,banana,Bananaquit,Coereba flaveola,train
train_audio/banana/iNat858225.ogg,iNat858225.ogg,banana,Bananaquit,Coereba flaveola,train
train_audio/banana/iNat1421771.ogg,iNat1421771.ogg,banana,Bananaquit,Coereba flaveola,train
train_audio/banana/XC303599.ogg,XC303599.ogg,banana,Bananaquit,Coereba flaveola,train
train_audio/banana/iNat1092040.ogg,iNat1092040.ogg,banana,Bananaquit,Coereba flaveola,train
train_audio/banana/XC251903.ogg,XC251903.ogg,banana,Bananaquit,Coereba flaveola,train
train_audio/banana/XC944744.ogg,XC944744.ogg,banana,Bananaquit,Coereba flaveola,train
train_audio/banana/XC388560.ogg,XC388560.ogg,banana,Bananaquit,Coereba flaveola,train
train_audio/banana/XC524995.ogg,XC524995.ogg,banana,Bananaquit,Coereba flaveola,train
train_audio/banana/XC924682.ogg,XC924682.ogg,banana,Bananaquit,Coereba flaveola,train
train_audio/banana/XC320349.ogg,XC320349.ogg,banana,Bananaquit,Coereba flaveola,train
train_audio/banana/XC122402.ogg,XC122402.ogg,banana,Bananaquit,Coereba flaveola,train
train_audio/banana/iNat569623.ogg,iNat569623.ogg,banana,Bananaquit,Coereba flaveola,train
train_audio/banana/XC177791.ogg,XC177791.ogg,banana,Bananaquit,Coereba flaveola,train
train_audio/banana/XC384662.ogg,XC384662.ogg,banana,Bananaquit,Coereba flaveola,train
train_audio/banana/iNat1009822.ogg,iNat1009822.ogg,banana,Bananaquit,Coereba flaveola,train
train_audio/banana/iNat129854.ogg,iNat129854.ogg,banana,Bananaquit,Coereba flaveola,train
train_audio/banana/XC960423.ogg,XC960423.ogg,banana,Bananaquit,Coereba flaveola,train
train_audio/banana/XC247113.ogg,XC247113.ogg,banana,Bananaquit,Coereba flaveola,train
train_audio/banana/iNat1725076.ogg,iNat1725076.ogg,banana,Bananaquit,Coereba flaveola,train
train_audio/banana/XC603264.ogg,XC603264.ogg,banana,Bananaquit,Coereba flaveola,train
train_audio/banana/XC352977.ogg,XC352977.ogg,banana,Bananaquit,Coereba flaveola,train
train_audio/banana/XC215541.ogg,XC215541.ogg,banana,Bananaquit,Coereba flaveola,train
train_audio/banana/XC58865.ogg,XC58865.ogg,banana,Bananaquit,Coereba flaveola,train
train_audio/banana/iNat628967.ogg,iNat628967.ogg,banana,Bananaquit,Coereba flaveola,train
train_audio/banana/XC816884.ogg,XC816884.ogg,banana,Bananaquit,Coereba flaveola,train
train_audio/banana/iNat1690887.ogg,iNat1690887.ogg,banana,Bananaquit,Coereba flaveola,train
train_audio/banana/XC1034681.ogg,XC1034681.ogg,banana,Bananaquit,Coereba flaveola,train
train_audio/banana/iNat570761.ogg,iNat570761.ogg,banana,Bananaquit,Coereba flaveola,train
train_audio/banana/iNat635377.ogg,iNat635377.ogg,banana,Bananaquit,Coereba flaveola,train
train_audio/banana/XC622477.ogg,XC622477.ogg,banana,Bananaquit,Coereba flaveola,train
train_audio/banana/XC877054.ogg,XC877054.ogg,banana,Bananaquit,Coereba flaveola,train
train_audio/banana/XC259502.ogg,XC259502.ogg,banana,Bananaquit,Coereba flaveola,train
train_audio/banana/XC192713.ogg,XC192713.ogg,banana,Bananaquit,Coereba flaveola,train
train_audio/banana/XC151364.ogg,XC151364.ogg,banana,Bananaquit,Coereba flaveola,train
train_audio/banana/iNat635383.ogg,iNat635383.ogg,banana,Bananaquit,Coereba flaveola,train
train_audio/banana/XC250684.ogg,XC250684.ogg,banana,Bananaquit,Coereba flaveola,train
train_audio/banana/XC180504.ogg,XC180504.ogg,banana,Bananaquit,Coereba flaveola,train
train_audio/banana/XC428514.ogg,XC428514.ogg,banana,Bananaquit,Coereba flaveola,train
train_audio/banana/XC32077.ogg,XC32077.ogg,banana,Bananaquit,Coereba flaveola,train
train_audio/banana/XC372722.ogg,XC372722.ogg,banana,Bananaquit,Coereba flaveola,train
train_audio/banana/iNat1282014.ogg,iNat1282014.ogg,banana,Bananaquit,Coereba flaveola,train
train_audio/banana/XC816850.ogg,XC816850.ogg,banana,Bananaquit,Coereba flaveola,train
train_audio/banana/iNat1302882.ogg,iNat1302882.ogg,banana,Bananaquit,Coereba flaveola,train
train_audio/banana/iNat561209.ogg,iNat561209.ogg,banana,Bananaquit,Coereba flaveola,train
train_audio/banana/XC213287.ogg,XC213287.ogg,banana,Bananaquit,Coereba flaveola,train
train_audio/banana/XC737964.ogg,XC737964.ogg,banana,Bananaquit,Coereba flaveola,train
train_audio/banana/XC529499.ogg,XC529499.ogg,banana,Bananaquit,Coereba flaveola,train
train_audio/banana/XC419426.ogg,XC419426.ogg,banana,Bananaquit,Coereba flaveola,train
train_audio/banana/XC838715.ogg,XC838715.ogg,banana,Bananaquit,Coereba flaveola,train
train_audio/banana/iNat693716.ogg,iNat693716.ogg,banana,Bananaquit,Coereba flaveola,train
train_audio/banana/XC131595.ogg,XC131595.ogg,banana,Bananaquit,Coereba flaveola,train
train_audio/banana/XC261114.ogg,XC261114.ogg,banana,Bananaquit,Coereba flaveola,train
train_audio/banana/XC389034.ogg,XC389034.ogg,banana,Bananaquit,Coereba flaveola,train
train_audio/banana/XC1069084.ogg,XC1069084.ogg,banana,Bananaquit,Coereba flaveola,train
train_audio/banana/XC127222.ogg,XC127222.ogg,banana,Bananaquit,Coereba flaveola,train
train_audio/banana/XC697372.ogg,XC697372.ogg,banana,Bananaquit,Coereba flaveola,train
train_audio/banana/iNat1192531.ogg,iNat1192531.ogg,banana,Bananaquit,Coereba flaveola,train
train_audio/banana/iNat1635256.ogg,iNat1635256.ogg,banana,Bananaquit,Coereba flaveola,train
train_audio/banana/iNat1722640.ogg,iNat1722640.ogg,banana,Bananaquit,Coereba flaveola,train
train_audio/banana/XC419425.ogg,XC419425.ogg,banana,Bananaquit,Coereba flaveola,train
train_audio/banana/iNat1448474.ogg,iNat1448474.ogg,banana,Bananaquit,Coereba flaveola,train
train_audio/banana/XC571076.ogg,XC571076.ogg,banana,Bananaquit,Coereba flaveola,train
train_audio/banana/XC360840.ogg,XC360840.ogg,banana,Bananaquit,Coereba flaveola,train
train_audio/banana/XC37645.ogg,XC37645.ogg,banana,Bananaquit,Coereba flaveola,train
train_audio/banana/XC1034535.ogg,XC1034535.ogg,banana,Bananaquit,Coereba flaveola,train
train_audio/banana/XC169559.ogg,XC169559.ogg,banana,Bananaquit,Coereba flaveola,train
train_audio/banana/XC506039.ogg,XC506039.ogg,banana,Bananaquit,Coereba flaveola,train
train_audio/banana/XC706367.ogg,XC706367.ogg,banana,Bananaquit,Coereba flaveola,train
train_audio/banana/iNat1703110.ogg,iNat1703110.ogg,banana,Bananaquit,Coereba flaveola,train
train_audio/banana/iNat335243.ogg,iNat335243.ogg,banana,Bananaquit,Coereba flaveola,train
train_audio/banana/XC33682.ogg,XC33682.ogg,banana,Bananaquit,Coereba flaveola,train
train_audio/banana/iNat33120.ogg,iNat33120.ogg,banana,Bananaquit,Coereba flaveola,train
train_audio/banana/XC120035.ogg,XC120035.ogg,banana,Bananaquit,Coereba flaveola,train
train_audio/banana/XC713835.ogg,XC713835.ogg,banana,Bananaquit,Coereba flaveola,train
train_audio/banana/XC283825.ogg,XC283825.ogg,banana,Bananaquit,Coereba flaveola,train
train_audio/banana/XC215676.ogg,XC215676.ogg,banana,Bananaquit,Coereba flaveola,train
train_audio/banana/XC32051.ogg,XC32051.ogg,banana,Bananaquit,Coereba flaveola,train
train_audio/banana/iNat536802.ogg,iNat536802.ogg,banana,Bananaquit,Coereba flaveola,train
train_audio/banana/XC213998.ogg,XC213998.ogg,banana,Bananaquit,Coereba flaveola,train
train_audio/banana/iNat1476456.ogg,iNat1476456.ogg,banana,Bananaquit,Coereba flaveola,train
train_audio/banana/iNat1648317.ogg,iNat1648317.ogg,banana,Bananaquit,Coereba flaveola,train
train_audio/banana/XC112602.ogg,XC112602.ogg,banana,Bananaquit,Coereba flaveola,train
train_audio/banana/XC70807.ogg,XC70807.ogg,banana,Bananaquit,Coereba flaveola,train
train_audio/banana/XC250686.ogg,XC250686.ogg,banana,Bananaquit,Coereba flaveola,train
train_audio/banana/XC215659.ogg,XC215659.ogg,banana,Bananaquit,Coereba flaveola,train
train_audio/banana/XC524994.ogg,XC524994.ogg,banana,Bananaquit,Coereba flaveola,train
train_audio/banana/XC986727.ogg,XC986727.ogg,banana,Bananaquit,Coereba flaveola,train
train_audio/banana/XC215467.ogg,XC215467.ogg,banana,Bananaquit,Coereba flaveola,train
train_audio/banana/XC975698.ogg,XC975698.ogg,banana,Bananaquit,Coereba flaveola,train
train_audio/banana/iNat368646.ogg,iNat368646.ogg,banana,Bananaquit,Coereba flaveola,train
train_audio/banana/iNat1299844.ogg,iNat1299844.ogg,banana,Bananaquit,Coereba flaveola,train
train_audio/banana/XC173565.ogg,XC173565.ogg,banana,Bananaquit,Coereba flaveola,train
train_audio/banana/iNat483177.ogg,iNat483177.ogg,banana,Bananaquit,Coereba flaveola,train
train_audio/banana/XC495669.ogg,XC495669.ogg,banana,Bananaquit,Coereba flaveola,train
train_audio/banana/XC455324.ogg,XC455324.ogg,banana,Bananaquit,Coereba flaveola,train
train_audio/banana/XC519180.ogg,XC519180.ogg,banana,Bananaquit,Coereba flaveola,train
train_audio/banana/XC316990.ogg,XC316990.ogg,banana,Bananaquit,Coereba flaveola,train
train_audio/banana/XC973391.ogg,XC973391.ogg,banana,Bananaquit,Coereba flaveola,train
train_audio/banana/XC523836.ogg,XC523836.ogg,banana,Bananaquit,Coereba flaveola,train
train_audio/banana/XC213995.ogg,XC213995.ogg,banana,Bananaquit,Coereba flaveola,train
train_audio/banana/XC799776.ogg,XC799776.ogg,banana,Bananaquit,Coereba flaveola,train
train_audio/banana/XC798995.ogg,XC798995.ogg,banana,Bananaquit,Coereba flaveola,train
train_audio/banana/iNat1394445.ogg,iNat1394445.ogg,banana,Bananaquit,Coereba flaveola,train
train_audio/banana/XC277010.ogg,XC277010.ogg,banana,Bananaquit,Coereba flaveola,train
train_audio/banana/iNat281441.ogg,iNat281441.ogg,banana,Bananaquit,Coereba flaveola,train
train_audio/banana/XC196395.ogg,XC196395.ogg,banana,Bananaquit,Coereba flaveola,train
train_audio/banana/iNat344526.ogg,iNat344526.ogg,banana,Bananaquit,Coereba flaveola,train
train_audio/banana/XC939505.ogg,XC939505.ogg,banana,Bananaquit,Coereba flaveola,train
train_audio/banana/iNat1374073.ogg,iNat1374073.ogg,banana,Bananaquit,Coereba flaveola,train
train_audio/banana/XC422567.ogg,XC422567.ogg,banana,Bananaquit,Coereba flaveola,train
train_audio/banana/iNat950352.ogg,iNat950352.ogg,banana,Bananaquit,Coereba flaveola,train
train_audio/banana/XC817205.ogg,XC817205.ogg,banana,Bananaquit,Coereba flaveola,train
train_audio/banana/XC928598.ogg,XC928598.ogg,banana,Bananaquit,Coereba flaveola,train
train_audio/banana/XC653323.ogg,XC653323.ogg,banana,Bananaquit,Coereba flaveola,train
train_audio/banana/XC178621.ogg,XC178621.ogg,banana,Bananaquit,Coereba flaveola,train
train_audio/banana/XC84478.ogg,XC84478.ogg,banana,Bananaquit,Coereba flaveola,train
train_audio/banana/iNat351449.ogg,iNat351449.ogg,banana,Bananaquit,Coereba flaveola,train
train_audio/banana/XC750762.ogg,XC750762.ogg,banana,Bananaquit,Coereba flaveola,train
train_audio/banana/iNat308903.ogg,iNat308903.ogg,banana,Bananaquit,Coereba flaveola,train
train_audio/banana/XC825068.ogg,XC825068.ogg,banana,Bananaquit,Coereba flaveola,train
train_audio/banana/iNat964606.ogg,iNat964606.ogg,banana,Bananaquit,Coereba flaveola,train
train_audio/banana/XC331387.ogg,XC331387.ogg,banana,Bananaquit,Coereba flaveola,train
train_audio/banana/XC450975.ogg,XC450975.ogg,banana,Bananaquit,Coereba flaveola,train
train_audio/banana/iNat1569971.ogg,iNat1569971.ogg,banana,Bananaquit,Coereba flaveola,train
train_audio/banana/iNat347546.ogg,iNat347546.ogg,banana,Bananaquit,Coereba flaveola,train
train_audio/banana/XC147123.ogg,XC147123.ogg,banana,Bananaquit,Coereba flaveola,train
train_audio/banana/XC214524.ogg,XC214524.ogg,banana,Bananaquit,Coereba flaveola,train
train_audio/banana/XC127164.ogg,XC127164.ogg,banana,Bananaquit,Coereba flaveola,train
train_audio/banana/iNat1654398.ogg,iNat1654398.ogg,banana,Bananaquit,Coereba flaveola,train
train_audio/banana/XC235220.ogg,XC235220.ogg,banana,Bananaquit,Coereba flaveola,train
train_audio/banana/iNat643637.ogg,iNat643637.ogg,banana,Bananaquit,Coereba flaveola,train
train_audio/banana/iNat635413.ogg,iNat635413.ogg,banana,Bananaquit,Coereba flaveola,train
train_audio/banana/XC186138.ogg,XC186138.ogg,banana,Bananaquit,Coereba flaveola,train
train_audio/banana/XC421240.ogg,XC421240.ogg,banana,Bananaquit,Coereba flaveola,train
train_audio/banana/XC856541.ogg,XC856541.ogg,banana,Bananaquit,Coereba flaveola,train
train_audio/banana/XC523832.ogg,XC523832.ogg,banana,Bananaquit,Coereba flaveola,train
train_audio/banana/XC84474.ogg,XC84474.ogg,banana,Bananaquit,Coereba flaveola,train
train_audio/banana/XC736959.ogg,XC736959.ogg,banana,Bananaquit,Coereba flaveola,train
train_audio/banana/XC316991.ogg,XC316991.ogg,banana,Bananaquit,Coereba flaveola,train
train_audio/banana/XC673166.ogg,XC673166.ogg,banana,Bananaquit,Coereba flaveola,train
train_audio/banana/iNat51535.ogg,iNat51535.ogg,banana,Bananaquit,Coereba flaveola,train
train_audio/banana/XC614396.ogg,XC614396.ogg,banana,Bananaquit,Coereba flaveola,train
train_audio/banana/iNat964607.ogg,iNat964607.ogg,banana,Bananaquit,Coereba flaveola,train
train_audio/banana/XC952286.ogg,XC952286.ogg,banana,Bananaquit,Coereba flaveola,train
train_audio/banana/iNat1431337.ogg,iNat1431337.ogg,banana,Bananaquit,Coereba flaveola,train
train_audio/banana/XC2593.ogg,XC2593.ogg,banana,Bananaquit,Coereba flaveola,train
train_audio/banana/iNat1407149.ogg,iNat1407149.ogg,banana,Bananaquit,Coereba flaveola,train
train_audio/banana/XC591270.ogg,XC591270.ogg,banana,Bananaquit,Coereba flaveola,train
train_audio/banana/XC84475.ogg,XC84475.ogg,banana,Bananaquit,Coereba flaveola,train
train_audio/banana/XC538271.ogg,XC538271.ogg,banana,Bananaquit,Coereba flaveola,train
train_audio/banana/XC524991.ogg,XC524991.ogg,banana,Bananaquit,Coereba flaveola,train
train_audio/banana/iNat1105993.ogg,iNat1105993.ogg,banana,Bananaquit,Coereba flaveola,train
train_audio/banana/XC1016729.ogg,XC1016729.ogg,banana,Bananaquit,Coereba flaveola,train
train_audio/banana/XC430035.ogg,XC430035.ogg,banana,Bananaquit,Coereba flaveola,train
train_audio/banana/iNat424231.ogg,iNat424231.ogg,banana,Bananaquit,Coereba flaveola,train
train_audio/banana/XC495668.ogg,XC495668.ogg,banana,Bananaquit,Coereba flaveola,train
train_audio/banana/iNat1650332.ogg,iNat1650332.ogg,banana,Bananaquit,Coereba flaveola,train
train_audio/banana/XC196681.ogg,XC196681.ogg,banana,Bananaquit,Coereba flaveola,train
train_audio/banana/XC250685.ogg,XC250685.ogg,banana,Bananaquit,Coereba flaveola,train
train_audio/banana/XC185976.ogg,XC185976.ogg,banana,Bananaquit,Coereba flaveola,train
train_audio/banana/XC347839.ogg,XC347839.ogg,banana,Bananaquit,Coereba flaveola,train
train_audio/banana/XC46763.ogg,XC46763.ogg,banana,Bananaquit,Coereba flaveola,train
train_audio/banana/iNat863502.ogg,iNat863502.ogg,banana,Bananaquit,Coereba flaveola,train
train_audio/banana/iNat342892.ogg,iNat342892.ogg,banana,Bananaquit,Coereba flaveola,train
train_audio/banana/XC929746.ogg,XC929746.ogg,banana,Bananaquit,Coereba flaveola,train
train_audio/banana/XC520820.ogg,XC520820.ogg,banana,Bananaquit,Coereba flaveola,train
train_audio/banana/XC434963.ogg,XC434963.ogg,banana,Bananaquit,Coereba flaveola,train
train_audio/banana/XC520818.ogg,XC520818.ogg,banana,Bananaquit,Coereba flaveola,train
train_audio/banana/XC496296.ogg,XC496296.ogg,banana,Bananaquit,Coereba flaveola,train
train_audio/banana/iNat277224.ogg,iNat277224.ogg,banana,Bananaquit,Coereba flaveola,train
train_audio/banana/XC284997.ogg,XC284997.ogg,banana,Bananaquit,Coereba flaveola,train
train_audio/banana/XC214517.ogg,XC214517.ogg,banana,Bananaquit,Coereba flaveola,train
train_audio/banana/iNat1682144.ogg,iNat1682144.ogg,banana,Bananaquit,Coereba flaveola,train
train_audio/banana/iNat1669861.ogg,iNat1669861.ogg,banana,Bananaquit,Coereba flaveola,train
train_audio/banana/XC262503.ogg,XC262503.ogg,banana,Bananaquit,Coereba flaveola,train
train_audio/banana/XC712373.ogg,XC712373.ogg,banana,Bananaquit,Coereba flaveola,train
train_audio/banana/XC214712.ogg,XC214712.ogg,banana,Bananaquit,Coereba flaveola,train
train_audio/banana/iNat1496209.ogg,iNat1496209.ogg,banana,Bananaquit,Coereba flaveola,train
train_audio/banana/XC697123.ogg,XC697123.ogg,banana,Bananaquit,Coereba flaveola,train
train_audio/banana/XC58863.ogg,XC58863.ogg,banana,Bananaquit,Coereba flaveola,train
train_audio/banana/iNat532148.ogg,iNat532148.ogg,banana,Bananaquit,Coereba flaveola,train
train_audio/banana/iNat1403373.ogg,iNat1403373.ogg,banana,Bananaquit,Coereba flaveola,train
train_audio/banana/iNat521485.ogg,iNat521485.ogg,banana,Bananaquit,Coereba flaveola,train
train_audio/banana/iNat828738.ogg,iNat828738.ogg,banana,Bananaquit,Coereba flaveola,train
train_audio/banana/XC46632.ogg,XC46632.ogg,banana,Bananaquit,Coereba flaveola,train
train_audio/banana/XC397320.ogg,XC397320.ogg,banana,Bananaquit,Coereba flaveola,train
train_audio/banana/iNat1105784.ogg,iNat1105784.ogg,banana,Bananaquit,Coereba flaveola,train
train_audio/banana/XC215533.ogg,XC215533.ogg,banana,Bananaquit,Coereba flaveola,train
train_audio/banana/iNat928040.ogg,iNat928040.ogg,banana,Bananaquit,Coereba flaveola,train
train_audio/banana/iNat1003999.ogg,iNat1003999.ogg,banana,Bananaquit,Coereba flaveola,train
train_audio/banana/XC262502.ogg,XC262502.ogg,banana,Bananaquit,Coereba flaveola,train
train_audio/banana/XC275597.ogg,XC275597.ogg,banana,Bananaquit,Coereba flaveola,train
train_audio/banana/iNat252608.ogg,iNat252608.ogg,banana,Bananaquit,Coereba flaveola,train
train_audio/banana/XC1069087.ogg,XC1069087.ogg,banana,Bananaquit,Coereba flaveola,train
train_audio/banana/XC443366.ogg,XC443366.ogg,banana,Bananaquit,Coereba flaveola,train
train_audio/banana/XC924738.ogg,XC924738.ogg,banana,Bananaquit,Coereba flaveola,train
train_audio/banana/XC590531.ogg,XC590531.ogg,banana,Bananaquit,Coereba flaveola,train
train_audio/banana/XC372725.ogg,XC372725.ogg,banana,Bananaquit,Coereba flaveola,train
train_audio/banana/iNat736745.ogg,iNat736745.ogg,banana,Bananaquit,Coereba flaveola,train
train_audio/banana/iNat1634628.ogg,iNat1634628.ogg,banana,Bananaquit,Coereba flaveola,train
train_audio/banana/XC242441.ogg,XC242441.ogg,banana,Bananaquit,Coereba flaveola,train
train_audio/banana/iNat314500.ogg,iNat314500.ogg,banana,Bananaquit,Coereba flaveola,train
train_audio/banana/XC234129.ogg,XC234129.ogg,banana,Bananaquit,Coereba flaveola,train
train_audio/banana/XC489021.ogg,XC489021.ogg,banana,Bananaquit,Coereba flaveola,train
train_audio/banana/iNat1005723.ogg,iNat1005723.ogg,banana,Bananaquit,Coereba flaveola,train
train_audio/banana/XC668347.ogg,XC668347.ogg,banana,Bananaquit,Coereba flaveola,train
train_audio/banana/iNat217408.ogg,iNat217408.ogg,banana,Bananaquit,Coereba flaveola,val
train_audio/banana/XC178622.ogg,XC178622.ogg,banana,Bananaquit,Coereba flaveola,val
train_audio/banana/XC738630.ogg,XC738630.ogg,banana,Bananaquit,Coereba flaveola,val
train_audio/banana/XC996292.ogg,XC996292.ogg,banana,Bananaquit,Coereba flaveola,val
train_audio/banana/XC837614.ogg,XC837614.ogg,banana,Bananaquit,Coereba flaveola,val
train_audio/banana/XC403852.ogg,XC403852.ogg,banana,Bananaquit,Coereba flaveola,val
train_audio/banana/XC614934.ogg,XC614934.ogg,banana,Bananaquit,Coereba flaveola,val
train_audio/banana/XC768806.ogg,XC768806.ogg,banana,Bananaquit,Coereba flaveola,val
train_audio/banana/iNat1647768.ogg,iNat1647768.ogg,banana,Bananaquit,Coereba flaveola,val
train_audio/banana/iNat1024701.ogg,iNat1024701.ogg,banana,Bananaquit,Coereba flaveola,val
train_audio/banana/XC287776.ogg,XC287776.ogg,banana,Bananaquit,Coereba flaveola,val
train_audio/banana/iNat559014.ogg,iNat559014.ogg,banana,Bananaquit,Coereba flaveola,val
train_audio/banana/XC262501.ogg,XC262501.ogg,banana,Bananaquit,Coereba flaveola,val
train_audio/banana/XC213296.ogg,XC213296.ogg,banana,Bananaquit,Coereba flaveola,val
train_audio/banana/XC4311.ogg,XC4311.ogg,banana,Bananaquit,Coereba flaveola,val
train_audio/banana/XC116489.ogg,XC116489.ogg,banana,Bananaquit,Coereba flaveola,val
train_audio/banana/XC120824.ogg,XC120824.ogg,banana,Bananaquit,Coereba flaveola,val
train_audio/banana/iNat1423073.ogg,iNat1423073.ogg,banana,Bananaquit,Coereba flaveola,val
train_audio/banana/XC335021.ogg,XC335021.ogg,banana,Bananaquit,Coereba flaveola,val
train_audio/banana/XC838476.ogg,XC838476.ogg,banana,Bananaquit,Coereba flaveola,val
train_audio/banana/XC948862.ogg,XC948862.ogg,banana,Bananaquit,Coereba flaveola,val
train_audio/banana/XC737041.ogg,XC737041.ogg,banana,Bananaquit,Coereba flaveola,val
train_audio/banana/iNat180706.ogg,iNat180706.ogg,banana,Bananaquit,Coereba flaveola,val
train_audio/banana/iNat1638891.ogg,iNat1638891.ogg,banana,Bananaquit,Coereba flaveola,val
train_audio/banana/iNat1371881.ogg,iNat1371881.ogg,banana,Bananaquit,Coereba flaveola,val
train_audio/banana/iNat1563529.ogg,iNat1563529.ogg,banana,Bananaquit,Coereba flaveola,val
train_audio/banana/XC215557.ogg,XC215557.ogg,banana,Bananaquit,Coereba flaveola,val
train_audio/banana/XC247111.ogg,XC247111.ogg,banana,Bananaquit,Coereba flaveola,val
train_audio/banana/iNat1720274.ogg,iNat1720274.ogg,banana,Bananaquit,Coereba flaveola,val
train_audio/banana/XC529279.ogg,XC529279.ogg,banana,Bananaquit,Coereba flaveola,val
train_audio/banana/XC736771.ogg,XC736771.ogg,banana,Bananaquit,Coereba flaveola,val
train_audio/banana/XC146937.ogg,XC146937.ogg,banana,Bananaquit,Coereba flaveola,val
train_audio/banana/XC32055.ogg,XC32055.ogg,banana,Bananaquit,Coereba flaveola,val
train_audio/banana/XC175745.ogg,XC175745.ogg,banana,Bananaquit,Coereba flaveola,val
train_audio/banana/XC32074.ogg,XC32074.ogg,banana,Bananaquit,Coereba flaveola,val
train_audio/banana/iNat573888.ogg,iNat573888.ogg,banana,Bananaquit,Coereba flaveola,val
train_audio/banana/XC269287.ogg,XC269287.ogg,banana,Bananaquit,Coereba flaveola,val
train_audio/banana/XC924739.ogg,XC924739.ogg,banana,Bananaquit,Coereba flaveola,val
train_audio/banana/iNat549052.ogg,iNat549052.ogg,banana,Bananaquit,Coereba flaveola,val
train_audio/banana/XC971449.ogg,XC971449.ogg,banana,Bananaquit,Coereba flaveola,val
train_audio/banana/XC783178.ogg,XC783178.ogg,banana,Bananaquit,Coereba flaveola,val
train_audio/banana/iNat1721082.ogg,iNat1721082.ogg,banana,Bananaquit,Coereba flaveola,val
train_audio/banana/XC211366.ogg,XC211366.ogg,banana,Bananaquit,Coereba flaveola,val
train_audio/banana/XC406935.ogg,XC406935.ogg,banana,Bananaquit,Coereba flaveola,val
train_audio/banana/XC128032.ogg,XC128032.ogg,banana,Bananaquit,Coereba flaveola,val
train_audio/banana/XC233959.ogg,XC233959.ogg,banana,Bananaquit,Coereba flaveola,val
train_audio/banana/XC420337.ogg,XC420337.ogg,banana,Bananaquit,Coereba flaveola,val
train_audio/banana/XC523831.ogg,XC523831.ogg,banana,Bananaquit,Coereba flaveola,val
train_audio/banana/XC523838.ogg,XC523838.ogg,banana,Bananaquit,Coereba flaveola,val
train_audio/banana/XC519809.ogg,XC519809.ogg,banana,Bananaquit,Coereba flaveola,val
train_audio/banana/XC308452.ogg,XC308452.ogg,banana,Bananaquit,Coereba flaveola,val
train_audio/banana/iNat354802.ogg,iNat354802.ogg,banana,Bananaquit,Coereba flaveola,val
train_audio/banana/iNat1429882.ogg,iNat1429882.ogg,banana,Bananaquit,Coereba flaveola,val
train_audio/banana/iNat597011.ogg,iNat597011.ogg,banana,Bananaquit,Coereba flaveola,val
train_audio/banana/XC146976.ogg,XC146976.ogg,banana,Bananaquit,Coereba flaveola,val
train_audio/banana/iNat868338.ogg,iNat868338.ogg,banana,Bananaquit,Coereba flaveola,val
train_audio/banana/XC939544.ogg,XC939544.ogg,banana,Bananaquit,Coereba flaveola,val
train_audio/banana/iNat478917.ogg,iNat478917.ogg,banana,Bananaquit,Coereba flaveola,val
train_audio/banana/iNat1400797.ogg,iNat1400797.ogg,banana,Bananaquit,Coereba flaveola,val
train_audio/banana/iNat933037.ogg,iNat933037.ogg,banana,Bananaquit,Coereba flaveola,val
train_audio/banana/XC460421.ogg,XC460421.ogg,banana,Bananaquit,Coereba flaveola,val
train_audio/banana/XC863662.ogg,XC863662.ogg,banana,Bananaquit,Coereba flaveola,val
train_audio/banana/XC288954.ogg,XC288954.ogg,banana,Bananaquit,Coereba flaveola,val
train_audio/banana/XC465602.ogg,XC465602.ogg,banana,Bananaquit,Coereba flaveola,val
train_audio/banana/XC998280.ogg,XC998280.ogg,banana,Bananaquit,Coereba flaveola,val
train_audio/banana/iNat599945.ogg,iNat599945.ogg,banana,Bananaquit,Coereba flaveola,val
train_audio/banana/XC84472.ogg,XC84472.ogg,banana,Bananaquit,Coereba flaveola,val
train_audio/banana/XC213285.ogg,XC213285.ogg,banana,Bananaquit,Coereba flaveola,val
train_audio/banana/XC652646.ogg,XC652646.ogg,banana,Bananaquit,Coereba flaveola,val
train_audio/banana/XC974424.ogg,XC974424.ogg,banana,Bananaquit,Coereba flaveola,val
train_audio/banana/XC775648.ogg,XC775648.ogg,banana,Bananaquit,Coereba flaveola,val
train_audio/banana/XC262504.ogg,XC262504.ogg,banana,Bananaquit,Coereba flaveola,val
train_audio/banana/iNat285500.ogg,iNat285500.ogg,banana,Bananaquit,Coereba flaveola,val
train_audio/banana/XC659497.ogg,XC659497.ogg,banana,Bananaquit,Coereba flaveola,val
train_audio/banana/XC351849.ogg,XC351849.ogg,banana,Bananaquit,Coereba flaveola,val
train_audio/banana/iNat1433255.ogg,iNat1433255.ogg,banana,Bananaquit,Coereba flaveola,test
train_audio/banana/XC413191.ogg,XC413191.ogg,banana,Bananaquit,Coereba flaveola,test
train_audio/banana/XC460314.ogg,XC460314.ogg,banana,Bananaquit,Coereba flaveola,test
train_audio/banana/XC913488.ogg,XC913488.ogg,banana,Bananaquit,Coereba flaveola,test
train_audio/banana/iNat592080.ogg,iNat592080.ogg,banana,Bananaquit,Coereba flaveola,test
train_audio/banana/XC437549.ogg,XC437549.ogg,banana,Bananaquit,Coereba flaveola,test
train_audio/banana/iNat353343.ogg,iNat353343.ogg,banana,Bananaquit,Coereba flaveola,test
train_audio/banana/XC1035884.ogg,XC1035884.ogg,banana,Bananaquit,Coereba flaveola,test
train_audio/banana/XC1068948.ogg,XC1068948.ogg,banana,Bananaquit,Coereba flaveola,test
train_audio/banana/iNat277214.ogg,iNat277214.ogg,banana,Bananaquit,Coereba flaveola,test
train_audio/banana/XC1059797.ogg,XC1059797.ogg,banana,Bananaquit,Coereba flaveola,test
train_audio/banana/XC393396.ogg,XC393396.ogg,banana,Bananaquit,Coereba flaveola,test
train_audio/banana/XC196682.ogg,XC196682.ogg,banana,Bananaquit,Coereba flaveola,test
train_audio/banana/XC835328.ogg,XC835328.ogg,banana,Bananaquit,Coereba flaveola,test
train_audio/banana/XC84476.ogg,XC84476.ogg,banana,Bananaquit,Coereba flaveola,test
train_audio/banana/iNat1601568.ogg,iNat1601568.ogg,banana,Bananaquit,Coereba flaveola,test
train_audio/banana/XC939064.ogg,XC939064.ogg,banana,Bananaquit,Coereba flaveola,test
train_audio/banana/XC754861.ogg,XC754861.ogg,banana,Bananaquit,Coereba flaveola,test
train_audio/banana/iNat688425.ogg,iNat688425.ogg,banana,Bananaquit,Coereba flaveola,test
train_audio/banana/XC58866.ogg,XC58866.ogg,banana,Bananaquit,Coereba flaveola,test
train_audio/banana/iNat471575.ogg,iNat471575.ogg,banana,Bananaquit,Coereba flaveola,test
train_audio/banana/XC427233.ogg,XC427233.ogg,banana,Bananaquit,Coereba flaveola,test
train_audio/banana/iNat1371833.ogg,iNat1371833.ogg,banana,Bananaquit,Coereba flaveola,test
train_audio/banana/iNat143232.ogg,iNat143232.ogg,banana,Bananaquit,Coereba flaveola,test
train_audio/banana/XC490740.ogg,XC490740.ogg,banana,Bananaquit,Coereba flaveola,test
train_audio/banana/iNat33121.ogg,iNat33121.ogg,banana,Bananaquit,Coereba flaveola,test
train_audio/banana/XC319635.ogg,XC319635.ogg,banana,Bananaquit,Coereba flaveola,test
train_audio/banana/XC1056057.ogg,XC1056057.ogg,banana,Bananaquit,Coereba flaveola,test
train_audio/banana/XC372724.ogg,XC372724.ogg,banana,Bananaquit,Coereba flaveola,test
train_audio/banana/XC387899.ogg,XC387899.ogg,banana,Bananaquit,Coereba flaveola,test
train_audio/banana/XC725276.ogg,XC725276.ogg,banana,Bananaquit,Coereba flaveola,test
train_audio/banana/iNat724164.ogg,iNat724164.ogg,banana,Bananaquit,Coereba flaveola,test
train_audio/banana/XC28577.ogg,XC28577.ogg,banana,Bananaquit,Coereba flaveola,test
train_audio/banana/iNat1467994.ogg,iNat1467994.ogg,banana,Bananaquit,Coereba flaveola,test
train_audio/banana/XC115505.ogg,XC115505.ogg,banana,Bananaquit,Coereba flaveola,test
train_audio/banana/iNat1663739.ogg,iNat1663739.ogg,banana,Bananaquit,Coereba flaveola,test
train_audio/banana/XC262505.ogg,XC262505.ogg,banana,Bananaquit,Coereba flaveola,test
train_audio/banana/XC211811.ogg,XC211811.ogg,banana,Bananaquit,Coereba flaveola,test
train_audio/banana/XC523830.ogg,XC523830.ogg,banana,Bananaquit,Coereba flaveola,test
train_audio/banana/iNat1371831.ogg,iNat1371831.ogg,banana,Bananaquit,Coereba flaveola,test
train_audio/banana/XC690553.ogg,XC690553.ogg,banana,Bananaquit,Coereba flaveola,test
train_audio/banana/iNat578077.ogg,iNat578077.ogg,banana,Bananaquit,Coereba flaveola,test
train_audio/banana/XC346009.ogg,XC346009.ogg,banana,Bananaquit,Coereba flaveola,test
train_audio/banana/XC1025691.ogg,XC1025691.ogg,banana,Bananaquit,Coereba flaveola,test
train_audio/banana/XC757619.ogg,XC757619.ogg,banana,Bananaquit,Coereba flaveola,test
train_audio/banana/XC1035893.ogg,XC1035893.ogg,banana,Bananaquit,Coereba flaveola,test
train_audio/banana/iNat1576095.ogg,iNat1576095.ogg,banana,Bananaquit,Coereba flaveola,test
train_audio/banana/XC116098.ogg,XC116098.ogg,banana,Bananaquit,Coereba flaveola,test
train_audio/banana/XC939494.ogg,XC939494.ogg,banana,Bananaquit,Coereba flaveola,test
train_audio/banana/XC957251.ogg,XC957251.ogg,banana,Bananaquit,Coereba flaveola,test
train_audio/banana/iNat998528.ogg,iNat998528.ogg,banana,Bananaquit,Coereba flaveola,test
train_audio/banana/XC576031.ogg,XC576031.ogg,banana,Bananaquit,Coereba flaveola,test
train_audio/banana/iNat357060.ogg,iNat357060.ogg,banana,Bananaquit,Coereba flaveola,test
train_audio/banana/iNat207920.ogg,iNat207920.ogg,banana,Bananaquit,Coereba flaveola,test
train_audio/banana/XC84790.ogg,XC84790.ogg,banana,Bananaquit,Coereba flaveola,test
train_audio/banana/XC1017270.ogg,XC1017270.ogg,banana,Bananaquit,Coereba flaveola,test
train_audio/banana/XC939908.ogg,XC939908.ogg,banana,Bananaquit,Coereba flaveola,test
train_audio/banana/XC484774.ogg,XC484774.ogg,banana,Bananaquit,Coereba flaveola,test
train_audio/banana/iNat239520.ogg,iNat239520.ogg,banana,Bananaquit,Coereba flaveola,test
train_audio/banana/XC689903.ogg,XC689903.ogg,banana,Bananaquit,Coereba flaveola,test
train_audio/banana/XC561261.ogg,XC561261.ogg,banana,Bananaquit,Coereba flaveola,test
train_audio/banana/iNat1019241.ogg,iNat1019241.ogg,banana,Bananaquit,Coereba flaveola,test
train_audio/banana/XC814348.ogg,XC814348.ogg,banana,Bananaquit,Coereba flaveola,test
train_audio/banana/XC690554.ogg,XC690554.ogg,banana,Bananaquit,Coereba flaveola,test
train_audio/banana/iNat615009.ogg,iNat615009.ogg,banana,Bananaquit,Coereba flaveola,test
train_audio/banana/XC326973.ogg,XC326973.ogg,banana,Bananaquit,Coereba flaveola,test
train_audio/banana/XC195411.ogg,XC195411.ogg,banana,Bananaquit,Coereba flaveola,test
train_audio/banana/iNat368645.ogg,iNat368645.ogg,banana,Bananaquit,Coereba flaveola,test
train_audio/banana/XC170035.ogg,XC170035.ogg,banana,Bananaquit,Coereba flaveola,test
train_audio/banana/XC946049.ogg,XC946049.ogg,banana,Bananaquit,Coereba flaveola,test
train_audio/banana/XC489594.ogg,XC489594.ogg,banana,Bananaquit,Coereba flaveola,test
train_audio/banana/XC416125.ogg,XC416125.ogg,banana,Bananaquit,Coereba flaveola,test
train_audio/banana/XC519808.ogg,XC519808.ogg,banana,Bananaquit,Coereba flaveola,test
train_audio/banana/iNat339877.ogg,iNat339877.ogg,banana,Bananaquit,Coereba flaveola,test
train_audio/banana/XC297013.ogg,XC297013.ogg,banana,Bananaquit,Coereba flaveola,test
train_audio/banana/iNat1157593.ogg,iNat1157593.ogg,banana,Bananaquit,Coereba flaveola,test
train_audio/banana/XC345364.ogg,XC345364.ogg,banana,Bananaquit,Coereba flaveola,test
train_audio/banana/XC241562.ogg,XC241562.ogg,banana,Bananaquit,Coereba flaveola,test
train_audio/banana/iNat494464.ogg,iNat494464.ogg,banana,Bananaquit,Coereba flaveola,test
train_audio/banana/iNat366408.ogg,iNat366408.ogg,banana,Bananaquit,Coereba flaveola,test
train_audio/banana/iNat1564205.ogg,iNat1564205.ogg,banana,Bananaquit,Coereba flaveola,test
train_audio/banana/iNat1208541.ogg,iNat1208541.ogg,banana,Bananaquit,Coereba flaveola,test
train_audio/banana/iNat1215338.ogg,iNat1215338.ogg,banana,Bananaquit,Coereba flaveola,test
train_audio/banana/XC173391.ogg,XC173391.ogg,banana,Bananaquit,Coereba flaveola,test
train_audio/banana/XC331385.ogg,XC331385.ogg,banana,Bananaquit,Coereba flaveola,test
train_audio/banana/iNat150265.ogg,iNat150265.ogg,banana,Bananaquit,Coereba flaveola,test
train_audio/banana/XC277013.ogg,XC277013.ogg,banana,Bananaquit,Coereba flaveola,test
train_audio/banana/XC843854.ogg,XC843854.ogg,banana,Bananaquit,Coereba flaveola,test
train_audio/banana/XC979469.ogg,XC979469.ogg,banana,Bananaquit,Coereba flaveola,test
train_audio/banana/XC444909.ogg,XC444909.ogg,banana,Bananaquit,Coereba flaveola,test
train_audio/banana/iNat1630115.ogg,iNat1630115.ogg,banana,Bananaquit,Coereba flaveola,test
train_audio/banana/XC523837.ogg,XC523837.ogg,banana,Bananaquit,Coereba flaveola,test
train_audio/banana/iNat1720278.ogg,iNat1720278.ogg,banana,Bananaquit,Coereba flaveola,test
train_audio/banana/iNat396745.ogg,iNat396745.ogg,banana,Bananaquit,Coereba flaveola,test
train_audio/banana/iNat54522.ogg,iNat54522.ogg,banana,Bananaquit,Coereba flaveola,test
train_audio/banana/iNat612765.ogg,iNat612765.ogg,banana,Bananaquit,Coereba flaveola,test
train_audio/banana/XC523841.ogg,XC523841.ogg,banana,Bananaquit,Coereba flaveola,test
train_audio/banana/iNat1144174.ogg,iNat1144174.ogg,banana,Bananaquit,Coereba flaveola,test
train_audio/banana/iNat1645079.ogg,iNat1645079.ogg,banana,Bananaquit,Coereba flaveola,test
train_audio/banana/XC401626.ogg,XC401626.ogg,banana,Bananaquit,Coereba flaveola,test
train_audio/fepowl/iNat37368.ogg,iNat37368.ogg,fepowl,Ferruginous Pygmy Owl,Glaucidium brasilianum,train
train_audio/fepowl/XC411257.ogg,XC411257.ogg,fepowl,Ferruginous Pygmy Owl,Glaucidium brasilianum,train
train_audio/fepowl/iNat1304783.ogg,iNat1304783.ogg,fepowl,Ferruginous Pygmy Owl,Glaucidium brasilianum,train
train_audio/fepowl/iNat364715.ogg,iNat364715.ogg,fepowl,Ferruginous Pygmy Owl,Glaucidium brasilianum,train
train_audio/fepowl/iNat133909.ogg,iNat133909.ogg,fepowl,Ferruginous Pygmy Owl,Glaucidium brasilianum,train
train_audio/fepowl/iNat1528173.ogg,iNat1528173.ogg,fepowl,Ferruginous Pygmy Owl,Glaucidium brasilianum,train
train_audio/fepowl/XC707564.ogg,XC707564.ogg,fepowl,Ferruginous Pygmy Owl,Glaucidium brasilianum,train
train_audio/fepowl/iNat577372.ogg,iNat577372.ogg,fepowl,Ferruginous Pygmy Owl,Glaucidium brasilianum,train
train_audio/fepowl/iNat155234.ogg,iNat155234.ogg,fepowl,Ferruginous Pygmy Owl,Glaucidium brasilianum,train
train_audio/fepowl/XC28877.ogg,XC28877.ogg,fepowl,Ferruginous Pygmy Owl,Glaucidium brasilianum,train
train_audio/fepowl/XC353207.ogg,XC353207.ogg,fepowl,Ferruginous Pygmy Owl,Glaucidium brasilianum,train
train_audio/fepowl/XC956450.ogg,XC956450.ogg,fepowl,Ferruginous Pygmy Owl,Glaucidium brasilianum,train
train_audio/fepowl/iNat167729.ogg,iNat167729.ogg,fepowl,Ferruginous Pygmy Owl,Glaucidium brasilianum,train
train_audio/fepowl/iNat582007.ogg,iNat582007.ogg,fepowl,Ferruginous Pygmy Owl,Glaucidium brasilianum,train
train_audio/fepowl/XC901152.ogg,XC901152.ogg,fepowl,Ferruginous Pygmy Owl,Glaucidium brasilianum,train
train_audio/fepowl/iNat135774.ogg,iNat135774.ogg,fepowl,Ferruginous Pygmy Owl,Glaucidium brasilianum,train
train_audio/fepowl/XC447868.ogg,XC447868.ogg,fepowl,Ferruginous Pygmy Owl,Glaucidium brasilianum,train
train_audio/fepowl/iNat373154.ogg,iNat373154.ogg,fepowl,Ferruginous Pygmy Owl,Glaucidium brasilianum,train
train_audio/fepowl/iNat577373.ogg,iNat577373.ogg,fepowl,Ferruginous Pygmy Owl,Glaucidium brasilianum,train
train_audio/fepowl/iNat65801.ogg,iNat65801.ogg,fepowl,Ferruginous Pygmy Owl,Glaucidium brasilianum,train
train_audio/fepowl/XC707565.ogg,XC707565.ogg,fepowl,Ferruginous Pygmy Owl,Glaucidium brasilianum,train
train_audio/fepowl/XC238330.ogg,XC238330.ogg,fepowl,Ferruginous Pygmy Owl,Glaucidium brasilianum,train
train_audio/fepowl/iNat679107.ogg,iNat679107.ogg,fepowl,Ferruginous Pygmy Owl,Glaucidium brasilianum,train
train_audio/fepowl/XC573805.ogg,XC573805.ogg,fepowl,Ferruginous Pygmy Owl,Glaucidium brasilianum,train
train_audio/fepowl/iNat1098764.ogg,iNat1098764.ogg,fepowl,Ferruginous Pygmy Owl,Glaucidium brasilianum,train
train_audio/fepowl/XC713209.ogg,XC713209.ogg,fepowl,Ferruginous Pygmy Owl,Glaucidium brasilianum,train
train_audio/fepowl/XC392925.ogg,XC392925.ogg,fepowl,Ferruginous Pygmy Owl,Glaucidium brasilianum,train
train_audio/fepowl/iNat598904.ogg,iNat598904.ogg,fepowl,Ferruginous Pygmy Owl,Glaucidium brasilianum,train
train_audio/fepowl/iNat681394.ogg,iNat681394.ogg,fepowl,Ferruginous Pygmy Owl,Glaucidium brasilianum,train
train_audio/fepowl/iNat577415.ogg,iNat577415.ogg,fepowl,Ferruginous Pygmy Owl,Glaucidium brasilianum,train
train_audio/fepowl/iNat293673.ogg,iNat293673.ogg,fepowl,Ferruginous Pygmy Owl,Glaucidium brasilianum,train
train_audio/fepowl/iNat371028.ogg,iNat371028.ogg,fepowl,Ferruginous Pygmy Owl,Glaucidium brasilianum,train
train_audio/fepowl/XC277791.ogg,XC277791.ogg,fepowl,Ferruginous Pygmy Owl,Glaucidium brasilianum,train
train_audio/fepowl/iNat1282296.ogg,iNat1282296.ogg,fepowl,Ferruginous Pygmy Owl,Glaucidium brasilianum,train
train_audio/fepowl/iNat899733.ogg,iNat899733.ogg,fepowl,Ferruginous Pygmy Owl,Glaucidium brasilianum,train
train_audio/fepowl/iNat1220204.ogg,iNat1220204.ogg,fepowl,Ferruginous Pygmy Owl,Glaucidium brasilianum,train
train_audio/fepowl/XC697188.ogg,XC697188.ogg,fepowl,Ferruginous Pygmy Owl,Glaucidium brasilianum,train
train_audio/fepowl/iNat1439780.ogg,iNat1439780.ogg,fepowl,Ferruginous Pygmy Owl,Glaucidium brasilianum,train
train_audio/fepowl/iNat594427.ogg,iNat594427.ogg,fepowl,Ferruginous Pygmy Owl,Glaucidium brasilianum,train
train_audio/fepowl/iNat353492.ogg,iNat353492.ogg,fepowl,Ferruginous Pygmy Owl,Glaucidium brasilianum,train
train_audio/fepowl/XC858721.ogg,XC858721.ogg,fepowl,Ferruginous Pygmy Owl,Glaucidium brasilianum,train
train_audio/fepowl/iNat582452.ogg,iNat582452.ogg,fepowl,Ferruginous Pygmy Owl,Glaucidium brasilianum,train
train_audio/fepowl/iNat361503.ogg,iNat361503.ogg,fepowl,Ferruginous Pygmy Owl,Glaucidium brasilianum,train
train_audio/fepowl/iNat414235.ogg,iNat414235.ogg,fepowl,Ferruginous Pygmy Owl,Glaucidium brasilianum,train
train_audio/fepowl/XC461375.ogg,XC461375.ogg,fepowl,Ferruginous Pygmy Owl,Glaucidium brasilianum,train
train_audio/fepowl/iNat315427.ogg,iNat315427.ogg,fepowl,Ferruginous Pygmy Owl,Glaucidium brasilianum,train
train_audio/fepowl/iNat321628.ogg,iNat321628.ogg,fepowl,Ferruginous Pygmy Owl,Glaucidium brasilianum,train
train_audio/fepowl/XC389255.ogg,XC389255.ogg,fepowl,Ferruginous Pygmy Owl,Glaucidium brasilianum,train
train_audio/fepowl/iNat401123.ogg,iNat401123.ogg,fepowl,Ferruginous Pygmy Owl,Glaucidium brasilianum,train
train_audio/fepowl/iNat383388.ogg,iNat383388.ogg,fepowl,Ferruginous Pygmy Owl,Glaucidium brasilianum,train
train_audio/fepowl/iNat1661887.ogg,iNat1661887.ogg,fepowl,Ferruginous Pygmy Owl,Glaucidium brasilianum,train
train_audio/fepowl/iNat1700111.ogg,iNat1700111.ogg,fepowl,Ferruginous Pygmy Owl,Glaucidium brasilianum,train
train_audio/fepowl/XC704857.ogg,XC704857.ogg,fepowl,Ferruginous Pygmy Owl,Glaucidium brasilianum,train
train_audio/fepowl/XC932054.ogg,XC932054.ogg,fepowl,Ferruginous Pygmy Owl,Glaucidium brasilianum,train
train_audio/fepowl/iNat132901.ogg,iNat132901.ogg,fepowl,Ferruginous Pygmy Owl,Glaucidium brasilianum,train
train_audio/fepowl/iNat546551.ogg,iNat546551.ogg,fepowl,Ferruginous Pygmy Owl,Glaucidium brasilianum,train
train_audio/fepowl/XC1017644.ogg,XC1017644.ogg,fepowl,Ferruginous Pygmy Owl,Glaucidium brasilianum,train
train_audio/fepowl/iNat296799.ogg,iNat296799.ogg,fepowl,Ferruginous Pygmy Owl,Glaucidium brasilianum,train
train_audio/fepowl/iNat20068.ogg,iNat20068.ogg,fepowl,Ferruginous Pygmy Owl,Glaucidium brasilianum,train
train_audio/fepowl/XC360241.ogg,XC360241.ogg,fepowl,Ferruginous Pygmy Owl,Glaucidium brasilianum,train
train_audio/fepowl/iNat440194.ogg,iNat440194.ogg,fepowl,Ferruginous Pygmy Owl,Glaucidium brasilianum,train
train_audio/fepowl/iNat179203.ogg,iNat179203.ogg,fepowl,Ferruginous Pygmy Owl,Glaucidium brasilianum,train
train_audio/fepowl/iNat1270398.ogg,iNat1270398.ogg,fepowl,Ferruginous Pygmy Owl,Glaucidium brasilianum,train
train_audio/fepowl/iNat365513.ogg,iNat365513.ogg,fepowl,Ferruginous Pygmy Owl,Glaucidium brasilianum,train
train_audio/fepowl/iNat1037521.ogg,iNat1037521.ogg,fepowl,Ferruginous Pygmy Owl,Glaucidium brasilianum,train
train_audio/fepowl/iNat1681293.ogg,iNat1681293.ogg,fepowl,Ferruginous Pygmy Owl,Glaucidium brasilianum,train
train_audio/fepowl/XC174656.ogg,XC174656.ogg,fepowl,Ferruginous Pygmy Owl,Glaucidium brasilianum,train
train_audio/fepowl/iNat476044.ogg,iNat476044.ogg,fepowl,Ferruginous Pygmy Owl,Glaucidium brasilianum,train
train_audio/fepowl/iNat628805.ogg,iNat628805.ogg,fepowl,Ferruginous Pygmy Owl,Glaucidium brasilianum,train
train_audio/fepowl/XC755618.ogg,XC755618.ogg,fepowl,Ferruginous Pygmy Owl,Glaucidium brasilianum,train
train_audio/fepowl/iNat1699656.ogg,iNat1699656.ogg,fepowl,Ferruginous Pygmy Owl,Glaucidium brasilianum,train
train_audio/fepowl/XC838329.ogg,XC838329.ogg,fepowl,Ferruginous Pygmy Owl,Glaucidium brasilianum,train
train_audio/fepowl/XC191818.ogg,XC191818.ogg,fepowl,Ferruginous Pygmy Owl,Glaucidium brasilianum,train
train_audio/fepowl/XC302597.ogg,XC302597.ogg,fepowl,Ferruginous Pygmy Owl,Glaucidium brasilianum,train
train_audio/fepowl/XC504299.ogg,XC504299.ogg,fepowl,Ferruginous Pygmy Owl,Glaucidium brasilianum,train
train_audio/fepowl/XC511388.ogg,XC511388.ogg,fepowl,Ferruginous Pygmy Owl,Glaucidium brasilianum,train
train_audio/fepowl/iNat474416.ogg,iNat474416.ogg,fepowl,Ferruginous Pygmy Owl,Glaucidium brasilianum,train
train_audio/fepowl/XC483048.ogg,XC483048.ogg,fepowl,Ferruginous Pygmy Owl,Glaucidium brasilianum,train
train_audio/fepowl/iNat580825.ogg,iNat580825.ogg,fepowl,Ferruginous Pygmy Owl,Glaucidium brasilianum,train
train_audio/fepowl/iNat278481.ogg,iNat278481.ogg,fepowl,Ferruginous Pygmy Owl,Glaucidium brasilianum,train
train_audio/fepowl/iNat1122269.ogg,iNat1122269.ogg,fepowl,Ferruginous Pygmy Owl,Glaucidium brasilianum,train
train_audio/fepowl/iNat1055474.ogg,iNat1055474.ogg,fepowl,Ferruginous Pygmy Owl,Glaucidium brasilianum,train
train_audio/fepowl/iNat933574.ogg,iNat933574.ogg,fepowl,Ferruginous Pygmy Owl,Glaucidium brasilianum,train
train_audio/fepowl/iNat681399.ogg,iNat681399.ogg,fepowl,Ferruginous Pygmy Owl,Glaucidium brasilianum,train
train_audio/fepowl/XC1068707.ogg,XC1068707.ogg,fepowl,Ferruginous Pygmy Owl,Glaucidium brasilianum,train
train_audio/fepowl/XC592994.ogg,XC592994.ogg,fepowl,Ferruginous Pygmy Owl,Glaucidium brasilianum,train
train_audio/fepowl/XC328493.ogg,XC328493.ogg,fepowl,Ferruginous Pygmy Owl,Glaucidium brasilianum,train
train_audio/fepowl/iNat1664968.ogg,iNat1664968.ogg,fepowl,Ferruginous Pygmy Owl,Glaucidium brasilianum,train
train_audio/fepowl/XC121269.ogg,XC121269.ogg,fepowl,Ferruginous Pygmy Owl,Glaucidium brasilianum,train
train_audio/fepowl/iNat1224414.ogg,iNat1224414.ogg,fepowl,Ferruginous Pygmy Owl,Glaucidium brasilianum,train
train_audio/fepowl/iNat159020.ogg,iNat159020.ogg,fepowl,Ferruginous Pygmy Owl,Glaucidium brasilianum,train
train_audio/fepowl/iNat474408.ogg,iNat474408.ogg,fepowl,Ferruginous Pygmy Owl,Glaucidium brasilianum,train
train_audio/fepowl/iNat793941.ogg,iNat793941.ogg,fepowl,Ferruginous Pygmy Owl,Glaucidium brasilianum,train
train_audio/fepowl/iNat57044.ogg,iNat57044.ogg,fepowl,Ferruginous Pygmy Owl,Glaucidium brasilianum,train
train_audio/fepowl/iNat452473.ogg,iNat452473.ogg,fepowl,Ferruginous Pygmy Owl,Glaucidium brasilianum,train
train_audio/fepowl/iNat1699747.ogg,iNat1699747.ogg,fepowl,Ferruginous Pygmy Owl,Glaucidium brasilianum,train
train_audio/fepowl/iNat1711295.ogg,iNat1711295.ogg,fepowl,Ferruginous Pygmy Owl,Glaucidium brasilianum,train
train_audio/fepowl/XC391167.ogg,XC391167.ogg,fepowl,Ferruginous Pygmy Owl,Glaucidium brasilianum,train
train_audio/fepowl/XC455473.ogg,XC455473.ogg,fepowl,Ferruginous Pygmy Owl,Glaucidium brasilianum,train
train_audio/fepowl/iNat363911.ogg,iNat363911.ogg,fepowl,Ferruginous Pygmy Owl,Glaucidium brasilianum,train
train_audio/fepowl/XC837826.ogg,XC837826.ogg,fepowl,Ferruginous Pygmy Owl,Glaucidium brasilianum,train
train_audio/fepowl/iNat955448.ogg,iNat955448.ogg,fepowl,Ferruginous Pygmy Owl,Glaucidium brasilianum,train
train_audio/fepowl/XC447873.ogg,XC447873.ogg,fepowl,Ferruginous Pygmy Owl,Glaucidium brasilianum,train
train_audio/fepowl/XC427412.ogg,XC427412.ogg,fepowl,Ferruginous Pygmy Owl,Glaucidium brasilianum,train
train_audio/fepowl/iNat165772.ogg,iNat165772.ogg,fepowl,Ferruginous Pygmy Owl,Glaucidium brasilianum,train
train_audio/fepowl/XC499847.ogg,XC499847.ogg,fepowl,Ferruginous Pygmy Owl,Glaucidium brasilianum,train
train_audio/fepowl/iNat397495.ogg,iNat397495.ogg,fepowl,Ferruginous Pygmy Owl,Glaucidium brasilianum,train
train_audio/fepowl/XC749738.ogg,XC749738.ogg,fepowl,Ferruginous Pygmy Owl,Glaucidium brasilianum,train
train_audio/fepowl/iNat356964.ogg,iNat356964.ogg,fepowl,Ferruginous Pygmy Owl,Glaucidium brasilianum,train
train_audio/fepowl/XC212008.ogg,XC212008.ogg,fepowl,Ferruginous Pygmy Owl,Glaucidium brasilianum,train
train_audio/fepowl/iNat1270399.ogg,iNat1270399.ogg,fepowl,Ferruginous Pygmy Owl,Glaucidium brasilianum,train
train_audio/fepowl/XC699666.ogg,XC699666.ogg,fepowl,Ferruginous Pygmy Owl,Glaucidium brasilianum,train
train_audio/fepowl/iNat1480680.ogg,iNat1480680.ogg,fepowl,Ferruginous Pygmy Owl,Glaucidium brasilianum,train
train_audio/fepowl/iNat1732769.ogg,iNat1732769.ogg,fepowl,Ferruginous Pygmy Owl,Glaucidium brasilianum,train
train_audio/fepowl/XC332715.ogg,XC332715.ogg,fepowl,Ferruginous Pygmy Owl,Glaucidium brasilianum,train
train_audio/fepowl/iNat714513.ogg,iNat714513.ogg,fepowl,Ferruginous Pygmy Owl,Glaucidium brasilianum,train
train_audio/fepowl/XC896459.ogg,XC896459.ogg,fepowl,Ferruginous Pygmy Owl,Glaucidium brasilianum,train
train_audio/fepowl/iNat364779.ogg,iNat364779.ogg,fepowl,Ferruginous Pygmy Owl,Glaucidium brasilianum,train
train_audio/fepowl/iNat1240485.ogg,iNat1240485.ogg,fepowl,Ferruginous Pygmy Owl,Glaucidium brasilianum,train
train_audio/fepowl/iNat997410.ogg,iNat997410.ogg,fepowl,Ferruginous Pygmy Owl,Glaucidium brasilianum,train
train_audio/fepowl/iNat1099392.ogg,iNat1099392.ogg,fepowl,Ferruginous Pygmy Owl,Glaucidium brasilianum,train
train_audio/fepowl/iNat83955.ogg,iNat83955.ogg,fepowl,Ferruginous Pygmy Owl,Glaucidium brasilianum,train
train_audio/fepowl/XC933503.ogg,XC933503.ogg,fepowl,Ferruginous Pygmy Owl,Glaucidium brasilianum,train
train_audio/fepowl/XC257753.ogg,XC257753.ogg,fepowl,Ferruginous Pygmy Owl,Glaucidium brasilianum,train
train_audio/fepowl/XC48747.ogg,XC48747.ogg,fepowl,Ferruginous Pygmy Owl,Glaucidium brasilianum,train
train_audio/fepowl/XC28778.ogg,XC28778.ogg,fepowl,Ferruginous Pygmy Owl,Glaucidium brasilianum,train
train_audio/fepowl/XC150064.ogg,XC150064.ogg,fepowl,Ferruginous Pygmy Owl,Glaucidium brasilianum,train
train_audio/fepowl/iNat545403.ogg,iNat545403.ogg,fepowl,Ferruginous Pygmy Owl,Glaucidium brasilianum,train
train_audio/fepowl/iNat296800.ogg,iNat296800.ogg,fepowl,Ferruginous Pygmy Owl,Glaucidium brasilianum,train
train_audio/fepowl/iNat587003.ogg,iNat587003.ogg,fepowl,Ferruginous Pygmy Owl,Glaucidium brasilianum,train
train_audio/fepowl/XC246808.ogg,XC246808.ogg,fepowl,Ferruginous Pygmy Owl,Glaucidium brasilianum,train
train_audio/fepowl/iNat1033555.ogg,iNat1033555.ogg,fepowl,Ferruginous Pygmy Owl,Glaucidium brasilianum,train
train_audio/fepowl/iNat1193886.ogg,iNat1193886.ogg,fepowl,Ferruginous Pygmy Owl,Glaucidium brasilianum,train
train_audio/fepowl/XC401023.ogg,XC401023.ogg,fepowl,Ferruginous Pygmy Owl,Glaucidium brasilianum,train
train_audio/fepowl/iNat79396.ogg,iNat79396.ogg,fepowl,Ferruginous Pygmy Owl,Glaucidium brasilianum,train
train_audio/fepowl/iNat1580576.ogg,iNat1580576.ogg,fepowl,Ferruginous Pygmy Owl,Glaucidium brasilianum,train
train_audio/fepowl/XC334745.ogg,XC334745.ogg,fepowl,Ferruginous Pygmy Owl,Glaucidium brasilianum,train
train_audio/fepowl/XC210737.ogg,XC210737.ogg,fepowl,Ferruginous Pygmy Owl,Glaucidium brasilianum,train
train_audio/fepowl/iNat768197.ogg,iNat768197.ogg,fepowl,Ferruginous Pygmy Owl,Glaucidium brasilianum,train
train_audio/fepowl/XC460414.ogg,XC460414.ogg,fepowl,Ferruginous Pygmy Owl,Glaucidium brasilianum,train
train_audio/fepowl/iNat330535.ogg,iNat330535.ogg,fepowl,Ferruginous Pygmy Owl,Glaucidium brasilianum,train
train_audio/fepowl/XC742723.ogg,XC742723.ogg,fepowl,Ferruginous Pygmy Owl,Glaucidium brasilianum,train
train_audio/fepowl/iNat1411274.ogg,iNat1411274.ogg,fepowl,Ferruginous Pygmy Owl,Glaucidium brasilianum,train
train_audio/fepowl/iNat437502.ogg,iNat437502.ogg,fepowl,Ferruginous Pygmy Owl,Glaucidium brasilianum,train
train_audio/fepowl/iNat302949.ogg,iNat302949.ogg,fepowl,Ferruginous Pygmy Owl,Glaucidium brasilianum,train
train_audio/fepowl/iNat333629.ogg,iNat333629.ogg,fepowl,Ferruginous Pygmy Owl,Glaucidium brasilianum,train
train_audio/fepowl/XC499848.ogg,XC499848.ogg,fepowl,Ferruginous Pygmy Owl,Glaucidium brasilianum,train
train_audio/fepowl/XC843612.ogg,XC843612.ogg,fepowl,Ferruginous Pygmy Owl,Glaucidium brasilianum,train
train_audio/fepowl/iNat857318.ogg,iNat857318.ogg,fepowl,Ferruginous Pygmy Owl,Glaucidium brasilianum,train
train_audio/fepowl/iNat605678.ogg,iNat605678.ogg,fepowl,Ferruginous Pygmy Owl,Glaucidium brasilianum,train
train_audio/fepowl/iNat57737.ogg,iNat57737.ogg,fepowl,Ferruginous Pygmy Owl,Glaucidium brasilianum,train
train_audio/fepowl/iNat338214.ogg,iNat338214.ogg,fepowl,Ferruginous Pygmy Owl,Glaucidium brasilianum,train
train_audio/fepowl/iNat803006.ogg,iNat803006.ogg,fepowl,Ferruginous Pygmy Owl,Glaucidium brasilianum,train
train_audio/fepowl/iNat592341.ogg,iNat592341.ogg,fepowl,Ferruginous Pygmy Owl,Glaucidium brasilianum,train
train_audio/fepowl/XC580680.ogg,XC580680.ogg,fepowl,Ferruginous Pygmy Owl,Glaucidium brasilianum,train
train_audio/fepowl/XC166025.ogg,XC166025.ogg,fepowl,Ferruginous Pygmy Owl,Glaucidium brasilianum,train
train_audio/fepowl/XC2212.ogg,XC2212.ogg,fepowl,Ferruginous Pygmy Owl,Glaucidium brasilianum,train
train_audio/fepowl/iNat1192018.ogg,iNat1192018.ogg,fepowl,Ferruginous Pygmy Owl,Glaucidium brasilianum,train
train_audio/fepowl/XC807771.ogg,XC807771.ogg,fepowl,Ferruginous Pygmy Owl,Glaucidium brasilianum,train
train_audio/fepowl/iNat120649.ogg,iNat120649.ogg,fepowl,Ferruginous Pygmy Owl,Glaucidium brasilianum,train
train_audio/fepowl/iNat296798.ogg,iNat296798.ogg,fepowl,Ferruginous Pygmy Owl,Glaucidium brasilianum,train
train_audio/fepowl/iNat656114.ogg,iNat656114.ogg,fepowl,Ferruginous Pygmy Owl,Glaucidium brasilianum,train
train_audio/fepowl/XC596806.ogg,XC596806.ogg,fepowl,Ferruginous Pygmy Owl,Glaucidium brasilianum,train
train_audio/fepowl/XC447861.ogg,XC447861.ogg,fepowl,Ferruginous Pygmy Owl,Glaucidium brasilianum,train
train_audio/fepowl/XC291438.ogg,XC291438.ogg,fepowl,Ferruginous Pygmy Owl,Glaucidium brasilianum,train
train_audio/fepowl/XC360837.ogg,XC360837.ogg,fepowl,Ferruginous Pygmy Owl,Glaucidium brasilianum,train
train_audio/fepowl/iNat353237.ogg,iNat353237.ogg,fepowl,Ferruginous Pygmy Owl,Glaucidium brasilianum,train
train_audio/fepowl/iNat557440.ogg,iNat557440.ogg,fepowl,Ferruginous Pygmy Owl,Glaucidium brasilianum,train
train_audio/fepowl/iNat858433.ogg,iNat858433.ogg,fepowl,Ferruginous Pygmy Owl,Glaucidium brasilianum,train
train_audio/fepowl/XC265951.ogg,XC265951.ogg,fepowl,Ferruginous Pygmy Owl,Glaucidium brasilianum,train
train_audio/fepowl/iNat507597.ogg,iNat507597.ogg,fepowl,Ferruginous Pygmy Owl,Glaucidium brasilianum,train
train_audio/fepowl/iNat548830.ogg,iNat548830.ogg,fepowl,Ferruginous Pygmy Owl,Glaucidium brasilianum,train
train_audio/fepowl/XC566912.ogg,XC566912.ogg,fepowl,Ferruginous Pygmy Owl,Glaucidium brasilianum,train
train_audio/fepowl/iNat1154539.ogg,iNat1154539.ogg,fepowl,Ferruginous Pygmy Owl,Glaucidium brasilianum,train
train_audio/fepowl/iNat1345354.ogg,iNat1345354.ogg,fepowl,Ferruginous Pygmy Owl,Glaucidium brasilianum,train
train_audio/fepowl/iNat1565427.ogg,iNat1565427.ogg,fepowl,Ferruginous Pygmy Owl,Glaucidium brasilianum,train
train_audio/fepowl/XC855089.ogg,XC855089.ogg,fepowl,Ferruginous Pygmy Owl,Glaucidium brasilianum,train
train_audio/fepowl/iNat1270413.ogg,iNat1270413.ogg,fepowl,Ferruginous Pygmy Owl,Glaucidium brasilianum,train
train_audio/fepowl/XC800152.ogg,XC800152.ogg,fepowl,Ferruginous Pygmy Owl,Glaucidium brasilianum,train
train_audio/fepowl/XC214246.ogg,XC214246.ogg,fepowl,Ferruginous Pygmy Owl,Glaucidium brasilianum,train
train_audio/fepowl/XC241792.ogg,XC241792.ogg,fepowl,Ferruginous Pygmy Owl,Glaucidium brasilianum,train
train_audio/fepowl/iNat437277.ogg,iNat437277.ogg,fepowl,Ferruginous Pygmy Owl,Glaucidium brasilianum,train
train_audio/fepowl/iNat578496.ogg,iNat578496.ogg,fepowl,Ferruginous Pygmy Owl,Glaucidium brasilianum,train
train_audio/fepowl/XC378360.ogg,XC378360.ogg,fepowl,Ferruginous Pygmy Owl,Glaucidium brasilianum,train
train_audio/fepowl/XC579868.ogg,XC579868.ogg,fepowl,Ferruginous Pygmy Owl,Glaucidium brasilianum,train
train_audio/fepowl/iNat1432041.ogg,iNat1432041.ogg,fepowl,Ferruginous Pygmy Owl,Glaucidium brasilianum,train
train_audio/fepowl/iNat1704135.ogg,iNat1704135.ogg,fepowl,Ferruginous Pygmy Owl,Glaucidium brasilianum,train
train_audio/fepowl/XC185893.ogg,XC185893.ogg,fepowl,Ferruginous Pygmy Owl,Glaucidium brasilianum,train
train_audio/fepowl/iNat1702258.ogg,iNat1702258.ogg,fepowl,Ferruginous Pygmy Owl,Glaucidium brasilianum,train
train_audio/fepowl/iNat529398.ogg,iNat529398.ogg,fepowl,Ferruginous Pygmy Owl,Glaucidium brasilianum,train
train_audio/fepowl/XC496927.ogg,XC496927.ogg,fepowl,Ferruginous Pygmy Owl,Glaucidium brasilianum,train
train_audio/fepowl/iNat908800.ogg,iNat908800.ogg,fepowl,Ferruginous Pygmy Owl,Glaucidium brasilianum,train
train_audio/fepowl/iNat769076.ogg,iNat769076.ogg,fepowl,Ferruginous Pygmy Owl,Glaucidium brasilianum,train
train_audio/fepowl/XC152254.ogg,XC152254.ogg,fepowl,Ferruginous Pygmy Owl,Glaucidium brasilianum,train
train_audio/fepowl/iNat23313.ogg,iNat23313.ogg,fepowl,Ferruginous Pygmy Owl,Glaucidium brasilianum,train
train_audio/fepowl/iNat678079.ogg,iNat678079.ogg,fepowl,Ferruginous Pygmy Owl,Glaucidium brasilianum,train
train_audio/fepowl/iNat1287848.ogg,iNat1287848.ogg,fepowl,Ferruginous Pygmy Owl,Glaucidium brasilianum,train
train_audio/fepowl/iNat1358409.ogg,iNat1358409.ogg,fepowl,Ferruginous Pygmy Owl,Glaucidium brasilianum,train
train_audio/fepowl/iNat514952.ogg,iNat514952.ogg,fepowl,Ferruginous Pygmy Owl,Glaucidium brasilianum,train
train_audio/fepowl/XC583425.ogg,XC583425.ogg,fepowl,Ferruginous Pygmy Owl,Glaucidium brasilianum,train
train_audio/fepowl/iNat827933.ogg,iNat827933.ogg,fepowl,Ferruginous Pygmy Owl,Glaucidium brasilianum,train
train_audio/fepowl/iNat769075.ogg,iNat769075.ogg,fepowl,Ferruginous Pygmy Owl,Glaucidium brasilianum,train
train_audio/fepowl/XC427411.ogg,XC427411.ogg,fepowl,Ferruginous Pygmy Owl,Glaucidium brasilianum,train
train_audio/fepowl/XC987662.ogg,XC987662.ogg,fepowl,Ferruginous Pygmy Owl,Glaucidium brasilianum,train
train_audio/fepowl/iNat741216.ogg,iNat741216.ogg,fepowl,Ferruginous Pygmy Owl,Glaucidium brasilianum,train
train_audio/fepowl/XC974356.ogg,XC974356.ogg,fepowl,Ferruginous Pygmy Owl,Glaucidium brasilianum,train
train_audio/fepowl/iNat183239.ogg,iNat183239.ogg,fepowl,Ferruginous Pygmy Owl,Glaucidium brasilianum,train
train_audio/fepowl/iNat1202978.ogg,iNat1202978.ogg,fepowl,Ferruginous Pygmy Owl,Glaucidium brasilianum,train
train_audio/fepowl/iNat585826.ogg,iNat585826.ogg,fepowl,Ferruginous Pygmy Owl,Glaucidium brasilianum,train
train_audio/fepowl/iNat19409.ogg,iNat19409.ogg,fepowl,Ferruginous Pygmy Owl,Glaucidium brasilianum,train
train_audio/fepowl/XC377195.ogg,XC377195.ogg,fepowl,Ferruginous Pygmy Owl,Glaucidium brasilianum,train
train_audio/fepowl/XC334741.ogg,XC334741.ogg,fepowl,Ferruginous Pygmy Owl,Glaucidium brasilianum,train
train_audio/fepowl/XC381589.ogg,XC381589.ogg,fepowl,Ferruginous Pygmy Owl,Glaucidium brasilianum,train
train_audio/fepowl/XC11547.ogg,XC11547.ogg,fepowl,Ferruginous Pygmy Owl,Glaucidium brasilianum,train
train_audio/fepowl/XC974130.ogg,XC974130.ogg,fepowl,Ferruginous Pygmy Owl,Glaucidium brasilianum,train
train_audio/fepowl/XC401022.ogg,XC401022.ogg,fepowl,Ferruginous Pygmy Owl,Glaucidium brasilianum,train
train_audio/fepowl/iNat66329.ogg,iNat66329.ogg,fepowl,Ferruginous Pygmy Owl,Glaucidium brasilianum,train
train_audio/fepowl/XC715891.ogg,XC715891.ogg,fepowl,Ferruginous Pygmy Owl,Glaucidium brasilianum,train
train_audio/fepowl/XC698604.ogg,XC698604.ogg,fepowl,Ferruginous Pygmy Owl,Glaucidium brasilianum,train
train_audio/fepowl/iNat1224500.ogg,iNat1224500.ogg,fepowl,Ferruginous Pygmy Owl,Glaucidium brasilianum,train
train_audio/fepowl/iNat905413.ogg,iNat905413.ogg,fepowl,Ferruginous Pygmy Owl,Glaucidium brasilianum,train
train_audio/fepowl/iNat165773.ogg,iNat165773.ogg,fepowl,Ferruginous Pygmy Owl,Glaucidium brasilianum,train
train_audio/fepowl/iNat610890.ogg,iNat610890.ogg,fepowl,Ferruginous Pygmy Owl,Glaucidium brasilianum,train
train_audio/fepowl/iNat1722228.ogg,iNat1722228.ogg,fepowl,Ferruginous Pygmy Owl,Glaucidium brasilianum,train
train_audio/fepowl/XC925404.ogg,XC925404.ogg,fepowl,Ferruginous Pygmy Owl,Glaucidium brasilianum,train
train_audio/fepowl/iNat1224410.ogg,iNat1224410.ogg,fepowl,Ferruginous Pygmy Owl,Glaucidium brasilianum,train
train_audio/fepowl/XC301243.ogg,XC301243.ogg,fepowl,Ferruginous Pygmy Owl,Glaucidium brasilianum,train
train_audio/fepowl/iNat380252.ogg,iNat380252.ogg,fepowl,Ferruginous Pygmy Owl,Glaucidium brasilianum,train
train_audio/fepowl/XC743178.ogg,XC743178.ogg,fepowl,Ferruginous Pygmy Owl,Glaucidium brasilianum,train
train_audio/fepowl/XC877131.ogg,XC877131.ogg,fepowl,Ferruginous Pygmy Owl,Glaucidium brasilianum,train
train_audio/fepowl/XC51744.ogg,XC51744.ogg,fepowl,Ferruginous Pygmy Owl,Glaucidium brasilianum,train
train_audio/fepowl/iNat588186.ogg,iNat588186.ogg,fepowl,Ferruginous Pygmy Owl,Glaucidium brasilianum,train
train_audio/fepowl/XC707560.ogg,XC707560.ogg,fepowl,Ferruginous Pygmy Owl,Glaucidium brasilianum,train
train_audio/fepowl/iNat1731856.ogg,iNat1731856.ogg,fepowl,Ferruginous Pygmy Owl,Glaucidium brasilianum,train
train_audio/fepowl/XC694513.ogg,XC694513.ogg,fepowl,Ferruginous Pygmy Owl,Glaucidium brasilianum,train
train_audio/fepowl/iNat1668995.ogg,iNat1668995.ogg,fepowl,Ferruginous Pygmy Owl,Glaucidium brasilianum,train
train_audio/fepowl/XC749740.ogg,XC749740.ogg,fepowl,Ferruginous Pygmy Owl,Glaucidium brasilianum,train
train_audio/fepowl/iNat380288.ogg,iNat380288.ogg,fepowl,Ferruginous Pygmy Owl,Glaucidium brasilianum,train
train_audio/fepowl/XC181065.ogg,XC181065.ogg,fepowl,Ferruginous Pygmy Owl,Glaucidium brasilianum,train
train_audio/fepowl/XC959010.ogg,XC959010.ogg,fepowl,Ferruginous Pygmy Owl,Glaucidium brasilianum,train
train_audio/fepowl/iNat1308138.ogg,iNat1308138.ogg,fepowl,Ferruginous Pygmy Owl,Glaucidium brasilianum,train
train_audio/fepowl/iNat1727033.ogg,iNat1727033.ogg,fepowl,Ferruginous Pygmy Owl,Glaucidium brasilianum,train
train_audio/fepowl/iNat563218.ogg,iNat563218.ogg,fepowl,Ferruginous Pygmy Owl,Glaucidium brasilianum,train
train_audio/fepowl/iNat703023.ogg,iNat703023.ogg,fepowl,Ferruginous Pygmy Owl,Glaucidium brasilianum,train
train_audio/fepowl/iNat547058.ogg,iNat547058.ogg,fepowl,Ferruginous Pygmy Owl,Glaucidium brasilianum,train
train_audio/fepowl/iNat1366940.ogg,iNat1366940.ogg,fepowl,Ferruginous Pygmy Owl,Glaucidium brasilianum,train
train_audio/fepowl/iNat782799.ogg,iNat782799.ogg,fepowl,Ferruginous Pygmy Owl,Glaucidium brasilianum,train
train_audio/fepowl/iNat348395.ogg,iNat348395.ogg,fepowl,Ferruginous Pygmy Owl,Glaucidium brasilianum,train
train_audio/fepowl/iNat342713.ogg,iNat342713.ogg,fepowl,Ferruginous Pygmy Owl,Glaucidium brasilianum,train
train_audio/fepowl/iNat594426.ogg,iNat594426.ogg,fepowl,Ferruginous Pygmy Owl,Glaucidium brasilianum,train
train_audio/fepowl/XC389603.ogg,XC389603.ogg,fepowl,Ferruginous Pygmy Owl,Glaucidium brasilianum,train
train_audio/fepowl/XC830262.ogg,XC830262.ogg,fepowl,Ferruginous Pygmy Owl,Glaucidium brasilianum,train
train_audio/fepowl/XC401021.ogg,XC401021.ogg,fepowl,Ferruginous Pygmy Owl,Glaucidium brasilianum,train
train_audio/fepowl/XC447869.ogg,XC447869.ogg,fepowl,Ferruginous Pygmy Owl,Glaucidium brasilianum,train
train_audio/fepowl/XC662458.ogg,XC662458.ogg,fepowl,Ferruginous Pygmy Owl,Glaucidium brasilianum,train
train_audio/fepowl/XC120541.ogg,XC120541.ogg,fepowl,Ferruginous Pygmy Owl,Glaucidium brasilianum,train
train_audio/fepowl/XC533594.ogg,XC533594.ogg,fepowl,Ferruginous Pygmy Owl,Glaucidium brasilianum,train
train_audio/fepowl/iNat200784.ogg,iNat200784.ogg,fepowl,Ferruginous Pygmy Owl,Glaucidium brasilianum,train
train_audio/fepowl/XC364735.ogg,XC364735.ogg,fepowl,Ferruginous Pygmy Owl,Glaucidium brasilianum,train
train_audio/fepowl/iNat381455.ogg,iNat381455.ogg,fepowl,Ferruginous Pygmy Owl,Glaucidium brasilianum,train
train_audio/fepowl/XC405408.ogg,XC405408.ogg,fepowl,Ferruginous Pygmy Owl,Glaucidium brasilianum,train
train_audio/fepowl/iNat1260031.ogg,iNat1260031.ogg,fepowl,Ferruginous Pygmy Owl,Glaucidium brasilianum,train
train_audio/fepowl/iNat842943.ogg,iNat842943.ogg,fepowl,Ferruginous Pygmy Owl,Glaucidium brasilianum,train
train_audio/fepowl/iNat1236626.ogg,iNat1236626.ogg,fepowl,Ferruginous Pygmy Owl,Glaucidium brasilianum,train
train_audio/fepowl/XC474869.ogg,XC474869.ogg,fepowl,Ferruginous Pygmy Owl,Glaucidium brasilianum,train
train_audio/fepowl/XC800248.ogg,XC800248.ogg,fepowl,Ferruginous Pygmy Owl,Glaucidium brasilianum,train
train_audio/fepowl/XC336337.ogg,XC336337.ogg,fepowl,Ferruginous Pygmy Owl,Glaucidium brasilianum,train
train_audio/fepowl/XC957357.ogg,XC957357.ogg,fepowl,Ferruginous Pygmy Owl,Glaucidium brasilianum,train
train_audio/fepowl/iNat1113128.ogg,iNat1113128.ogg,fepowl,Ferruginous Pygmy Owl,Glaucidium brasilianum,train
train_audio/fepowl/iNat399490.ogg,iNat399490.ogg,fepowl,Ferruginous Pygmy Owl,Glaucidium brasilianum,train
train_audio/fepowl/XC308565.ogg,XC308565.ogg,fepowl,Ferruginous Pygmy Owl,Glaucidium brasilianum,train
train_audio/fepowl/iNat187086.ogg,iNat187086.ogg,fepowl,Ferruginous Pygmy Owl,Glaucidium brasilianum,train
train_audio/fepowl/XC592536.ogg,XC592536.ogg,fepowl,Ferruginous Pygmy Owl,Glaucidium brasilianum,train
train_audio/fepowl/iNat1363030.ogg,iNat1363030.ogg,fepowl,Ferruginous Pygmy Owl,Glaucidium brasilianum,train
train_audio/fepowl/iNat611842.ogg,iNat611842.ogg,fepowl,Ferruginous Pygmy Owl,Glaucidium brasilianum,train
train_audio/fepowl/iNat810405.ogg,iNat810405.ogg,fepowl,Ferruginous Pygmy Owl,Glaucidium brasilianum,train
train_audio/fepowl/iNat592969.ogg,iNat592969.ogg,fepowl,Ferruginous Pygmy Owl,Glaucidium brasilianum,train
train_audio/fepowl/XC197712.ogg,XC197712.ogg,fepowl,Ferruginous Pygmy Owl,Glaucidium brasilianum,train
train_audio/fepowl/XC347736.ogg,XC347736.ogg,fepowl,Ferruginous Pygmy Owl,Glaucidium brasilianum,train
train_audio/fepowl/iNat365512.ogg,iNat365512.ogg,fepowl,Ferruginous Pygmy Owl,Glaucidium brasilianum,train
train_audio/fepowl/iNat1721602.ogg,iNat1721602.ogg,fepowl,Ferruginous Pygmy Owl,Glaucidium brasilianum,train
train_audio/fepowl/XC893843.ogg,XC893843.ogg,fepowl,Ferruginous Pygmy Owl,Glaucidium brasilianum,train
train_audio/fepowl/XC390938.ogg,XC390938.ogg,fepowl,Ferruginous Pygmy Owl,Glaucidium brasilianum,train
train_audio/fepowl/XC327710.ogg,XC327710.ogg,fepowl,Ferruginous Pygmy Owl,Glaucidium brasilianum,train
train_audio/fepowl/XC294186.ogg,XC294186.ogg,fepowl,Ferruginous Pygmy Owl,Glaucidium brasilianum,train
train_audio/fepowl/XC378359.ogg,XC378359.ogg,fepowl,Ferruginous Pygmy Owl,Glaucidium brasilianum,train
train_audio/fepowl/iNat1655040.ogg,iNat1655040.ogg,fepowl,Ferruginous Pygmy Owl,Glaucidium brasilianum,train
train_audio/fepowl/iNat918523.ogg,iNat918523.ogg,fepowl,Ferruginous Pygmy Owl,Glaucidium brasilianum,train
train_audio/fepowl/iNat67946.ogg,iNat67946.ogg,fepowl,Ferruginous Pygmy Owl,Glaucidium brasilianum,train
train_audio/fepowl/iNat140544.ogg,iNat140544.ogg,fepowl,Ferruginous Pygmy Owl,Glaucidium brasilianum,train
train_audio/fepowl/iNat1374284.ogg,iNat1374284.ogg,fepowl,Ferruginous Pygmy Owl,Glaucidium brasilianum,train
train_audio/fepowl/iNat863290.ogg,iNat863290.ogg,fepowl,Ferruginous Pygmy Owl,Glaucidium brasilianum,train
train_audio/fepowl/XC589577.ogg,XC589577.ogg,fepowl,Ferruginous Pygmy Owl,Glaucidium brasilianum,train
train_audio/fepowl/iNat723602.ogg,iNat723602.ogg,fepowl,Ferruginous Pygmy Owl,Glaucidium brasilianum,train
train_audio/fepowl/iNat129019.ogg,iNat129019.ogg,fepowl,Ferruginous Pygmy Owl,Glaucidium brasilianum,train
train_audio/fepowl/XC822809.ogg,XC822809.ogg,fepowl,Ferruginous Pygmy Owl,Glaucidium brasilianum,train
train_audio/fepowl/XC396067.ogg,XC396067.ogg,fepowl,Ferruginous Pygmy Owl,Glaucidium brasilianum,train
train_audio/fepowl/iNat214130.ogg,iNat214130.ogg,fepowl,Ferruginous Pygmy Owl,Glaucidium brasilianum,train
train_audio/fepowl/iNat1232755.ogg,iNat1232755.ogg,fepowl,Ferruginous Pygmy Owl,Glaucidium brasilianum,train
train_audio/fepowl/iNat212095.ogg,iNat212095.ogg,fepowl,Ferruginous Pygmy Owl,Glaucidium brasilianum,train
train_audio/fepowl/iNat364755.ogg,iNat364755.ogg,fepowl,Ferruginous Pygmy Owl,Glaucidium brasilianum,train
train_audio/fepowl/XC447867.ogg,XC447867.ogg,fepowl,Ferruginous Pygmy Owl,Glaucidium brasilianum,train
train_audio/fepowl/XC283193.ogg,XC283193.ogg,fepowl,Ferruginous Pygmy Owl,Glaucidium brasilianum,train
train_audio/fepowl/iNat1102819.ogg,iNat1102819.ogg,fepowl,Ferruginous Pygmy Owl,Glaucidium brasilianum,train
train_audio/fepowl/iNat748757.ogg,iNat748757.ogg,fepowl,Ferruginous Pygmy Owl,Glaucidium brasilianum,train
train_audio/fepowl/iNat375890.ogg,iNat375890.ogg,fepowl,Ferruginous Pygmy Owl,Glaucidium brasilianum,train
train_audio/fepowl/iNat1006174.ogg,iNat1006174.ogg,fepowl,Ferruginous Pygmy Owl,Glaucidium brasilianum,train
train_audio/fepowl/iNat863289.ogg,iNat863289.ogg,fepowl,Ferruginous Pygmy Owl,Glaucidium brasilianum,train
train_audio/fepowl/iNat898730.ogg,iNat898730.ogg,fepowl,Ferruginous Pygmy Owl,Glaucidium brasilianum,train
train_audio/fepowl/iNat163638.ogg,iNat163638.ogg,fepowl,Ferruginous Pygmy Owl,Glaucidium brasilianum,train
train_audio/fepowl/iNat508794.ogg,iNat508794.ogg,fepowl,Ferruginous Pygmy Owl,Glaucidium brasilianum,train
train_audio/fepowl/XC330526.ogg,XC330526.ogg,fepowl,Ferruginous Pygmy Owl,Glaucidium brasilianum,train
train_audio/fepowl/XC863159.ogg,XC863159.ogg,fepowl,Ferruginous Pygmy Owl,Glaucidium brasilianum,train
train_audio/fepowl/XC466539.ogg,XC466539.ogg,fepowl,Ferruginous Pygmy Owl,Glaucidium brasilianum,train
train_audio/fepowl/XC238329.ogg,XC238329.ogg,fepowl,Ferruginous Pygmy Owl,Glaucidium brasilianum,train
train_audio/fepowl/iNat353988.ogg,iNat353988.ogg,fepowl,Ferruginous Pygmy Owl,Glaucidium brasilianum,train
train_audio/fepowl/iNat1344951.ogg,iNat1344951.ogg,fepowl,Ferruginous Pygmy Owl,Glaucidium brasilianum,train
train_audio/fepowl/iNat790466.ogg,iNat790466.ogg,fepowl,Ferruginous Pygmy Owl,Glaucidium brasilianum,train
train_audio/fepowl/iNat16743.ogg,iNat16743.ogg,fepowl,Ferruginous Pygmy Owl,Glaucidium brasilianum,train
train_audio/fepowl/iNat776638.ogg,iNat776638.ogg,fepowl,Ferruginous Pygmy Owl,Glaucidium brasilianum,train
train_audio/fepowl/XC789018.ogg,XC789018.ogg,fepowl,Ferruginous Pygmy Owl,Glaucidium brasilianum,train
train_audio/fepowl/iNat1007409.ogg,iNat1007409.ogg,fepowl,Ferruginous Pygmy Owl,Glaucidium brasilianum,train
train_audio/fepowl/XC531209.ogg,XC531209.ogg,fepowl,Ferruginous Pygmy Owl,Glaucidium brasilianum,train
train_audio/fepowl/iNat1631059.ogg,iNat1631059.ogg,fepowl,Ferruginous Pygmy Owl,Glaucidium brasilianum,val
train_audio/fepowl/iNat58979.ogg,iNat58979.ogg,fepowl,Ferruginous Pygmy Owl,Glaucidium brasilianum,val
train_audio/fepowl/XC694338.ogg,XC694338.ogg,fepowl,Ferruginous Pygmy Owl,Glaucidium brasilianum,val
train_audio/fepowl/XC987965.ogg,XC987965.ogg,fepowl,Ferruginous Pygmy Owl,Glaucidium brasilianum,val
train_audio/fepowl/XC772424.ogg,XC772424.ogg,fepowl,Ferruginous Pygmy Owl,Glaucidium brasilianum,val
train_audio/fepowl/XC498503.ogg,XC498503.ogg,fepowl,Ferruginous Pygmy Owl,Glaucidium brasilianum,val
train_audio/fepowl/XC713208.ogg,XC713208.ogg,fepowl,Ferruginous Pygmy Owl,Glaucidium brasilianum,val
train_audio/fepowl/iNat1356362.ogg,iNat1356362.ogg,fepowl,Ferruginous Pygmy Owl,Glaucidium brasilianum,val
train_audio/fepowl/iNat1053840.ogg,iNat1053840.ogg,fepowl,Ferruginous Pygmy Owl,Glaucidium brasilianum,val
train_audio/fepowl/iNat927976.ogg,iNat927976.ogg,fepowl,Ferruginous Pygmy Owl,Glaucidium brasilianum,val
train_audio/fepowl/iNat284598.ogg,iNat284598.ogg,fepowl,Ferruginous Pygmy Owl,Glaucidium brasilianum,val
train_audio/fepowl/iNat858455.ogg,iNat858455.ogg,fepowl,Ferruginous Pygmy Owl,Glaucidium brasilianum,val
train_audio/fepowl/iNat661249.ogg,iNat661249.ogg,fepowl,Ferruginous Pygmy Owl,Glaucidium brasilianum,val
train_audio/fepowl/XC325660.ogg,XC325660.ogg,fepowl,Ferruginous Pygmy Owl,Glaucidium brasilianum,val
train_audio/fepowl/iNat522311.ogg,iNat522311.ogg,fepowl,Ferruginous Pygmy Owl,Glaucidium brasilianum,val
train_audio/fepowl/iNat541700.ogg,iNat541700.ogg,fepowl,Ferruginous Pygmy Owl,Glaucidium brasilianum,val
train_audio/fepowl/iNat124261.ogg,iNat124261.ogg,fepowl,Ferruginous Pygmy Owl,Glaucidium brasilianum,val
train_audio/fepowl/XC185357.ogg,XC185357.ogg,fepowl,Ferruginous Pygmy Owl,Glaucidium brasilianum,val
train_audio/fepowl/XC774197.ogg,XC774197.ogg,fepowl,Ferruginous Pygmy Owl,Glaucidium brasilianum,val
train_audio/fepowl/XC789028.ogg,XC789028.ogg,fepowl,Ferruginous Pygmy Owl,Glaucidium brasilianum,val
train_audio/fepowl/XC665514.ogg,XC665514.ogg,fepowl,Ferruginous Pygmy Owl,Glaucidium brasilianum,val
train_audio/fepowl/iNat1598483.ogg,iNat1598483.ogg,fepowl,Ferruginous Pygmy Owl,Glaucidium brasilianum,val
train_audio/fepowl/iNat1347765.ogg,iNat1347765.ogg,fepowl,Ferruginous Pygmy Owl,Glaucidium brasilianum,val
train_audio/fepowl/iNat1223549.ogg,iNat1223549.ogg,fepowl,Ferruginous Pygmy Owl,Glaucidium brasilianum,val
train_audio/fepowl/iNat1306495.ogg,iNat1306495.ogg,fepowl,Ferruginous Pygmy Owl,Glaucidium brasilianum,val
train_audio/fepowl/iNat768993.ogg,iNat768993.ogg,fepowl,Ferruginous Pygmy Owl,Glaucidium brasilianum,val
train_audio/fepowl/iNat791264.ogg,iNat791264.ogg,fepowl,Ferruginous Pygmy Owl,Glaucidium brasilianum,val
train_audio/fepowl/iNat150284.ogg,iNat150284.ogg,fepowl,Ferruginous Pygmy Owl,Glaucidium brasilianum,val
train_audio/fepowl/XC445682.ogg,XC445682.ogg,fepowl,Ferruginous Pygmy Owl,Glaucidium brasilianum,val
train_audio/fepowl/XC678380.ogg,XC678380.ogg,fepowl,Ferruginous Pygmy Owl,Glaucidium brasilianum,val
train_audio/fepowl/iNat559429.ogg,iNat559429.ogg,fepowl,Ferruginous Pygmy Owl,Glaucidium brasilianum,val
train_audio/fepowl/XC154972.ogg,XC154972.ogg,fepowl,Ferruginous Pygmy Owl,Glaucidium brasilianum,val
train_audio/fepowl/iNat586780.ogg,iNat586780.ogg,fepowl,Ferruginous Pygmy Owl,Glaucidium brasilianum,val
train_audio/fepowl/XC154976.ogg,XC154976.ogg,fepowl,Ferruginous Pygmy Owl,Glaucidium brasilianum,val
train_audio/fepowl/iNat30456.ogg,iNat30456.ogg,fepowl,Ferruginous Pygmy Owl,Glaucidium brasilianum,val
train_audio/fepowl/iNat894982.ogg,iNat894982.ogg,fepowl,Ferruginous Pygmy Owl,Glaucidium brasilianum,val
train_audio/fepowl/XC872236.ogg,XC872236.ogg,fepowl,Ferruginous Pygmy Owl,Glaucidium brasilianum,val
train_audio/fepowl/iNat270825.ogg,iNat270825.ogg,fepowl,Ferruginous Pygmy Owl,Glaucidium brasilianum,val
train_audio/fepowl/XC972225.ogg,XC972225.ogg,fepowl,Ferruginous Pygmy Owl,Glaucidium brasilianum,val
train_audio/fepowl/XC707563.ogg,XC707563.ogg,fepowl,Ferruginous Pygmy Owl,Glaucidium brasilianum,val
train_audio/fepowl/iNat1540299.ogg,iNat1540299.ogg,fepowl,Ferruginous Pygmy Owl,Glaucidium brasilianum,val
train_audio/fepowl/iNat630708.ogg,iNat630708.ogg,fepowl,Ferruginous Pygmy Owl,Glaucidium brasilianum,val
train_audio/fepowl/XC288153.ogg,XC288153.ogg,fepowl,Ferruginous Pygmy Owl,Glaucidium brasilianum,val
train_audio/fepowl/iNat55414.ogg,iNat55414.ogg,fepowl,Ferruginous Pygmy Owl,Glaucidium brasilianum,val
train_audio/fepowl/iNat77639.ogg,iNat77639.ogg,fepowl,Ferruginous Pygmy Owl,Glaucidium brasilianum,val
train_audio/fepowl/XC298942.ogg,XC298942.ogg,fepowl,Ferruginous Pygmy Owl,Glaucidium brasilianum,val
train_audio/fepowl/XC457513.ogg,XC457513.ogg,fepowl,Ferruginous Pygmy Owl,Glaucidium brasilianum,val
train_audio/fepowl/XC964933.ogg,XC964933.ogg,fepowl,Ferruginous Pygmy Owl,Glaucidium brasilianum,val
train_audio/fepowl/XC389410.ogg,XC389410.ogg,fepowl,Ferruginous Pygmy Owl,Glaucidium brasilianum,val
train_audio/fepowl/XC1034537.ogg,XC1034537.ogg,fepowl,Ferruginous Pygmy Owl,Glaucidium brasilianum,val
train_audio/fepowl/iNat1738605.ogg,iNat1738605.ogg,fepowl,Ferruginous Pygmy Owl,Glaucidium brasilianum,val
train_audio/fepowl/iNat1254911.ogg,iNat1254911.ogg,fepowl,Ferruginous Pygmy Owl,Glaucidium brasilianum,val
train_audio/fepowl/iNat311853.ogg,iNat311853.ogg,fepowl,Ferruginous Pygmy Owl,Glaucidium brasilianum,val
train_audio/fepowl/iNat562444.ogg,iNat562444.ogg,fepowl,Ferruginous Pygmy Owl,Glaucidium brasilianum,val
train_audio/fepowl/iNat367044.ogg,iNat367044.ogg,fepowl,Ferruginous Pygmy Owl,Glaucidium brasilianum,val
train_audio/fepowl/XC925406.ogg,XC925406.ogg,fepowl,Ferruginous Pygmy Owl,Glaucidium brasilianum,val
train_audio/fepowl/iNat191834.ogg,iNat191834.ogg,fepowl,Ferruginous Pygmy Owl,Glaucidium brasilianum,val
train_audio/fepowl/iNat1228967.ogg,iNat1228967.ogg,fepowl,Ferruginous Pygmy Owl,Glaucidium brasilianum,val
train_audio/fepowl/iNat380251.ogg,iNat380251.ogg,fepowl,Ferruginous Pygmy Owl,Glaucidium brasilianum,val
train_audio/fepowl/XC335889.ogg,XC335889.ogg,fepowl,Ferruginous Pygmy Owl,Glaucidium brasilianum,val
train_audio/fepowl/XC837948.ogg,XC837948.ogg,fepowl,Ferruginous Pygmy Owl,Glaucidium brasilianum,val
train_audio/fepowl/iNat943669.ogg,iNat943669.ogg,fepowl,Ferruginous Pygmy Owl,Glaucidium brasilianum,val
train_audio/fepowl/XC338179.ogg,XC338179.ogg,fepowl,Ferruginous Pygmy Owl,Glaucidium brasilianum,val
train_audio/fepowl/XC993149.ogg,XC993149.ogg,fepowl,Ferruginous Pygmy Owl,Glaucidium brasilianum,val
train_audio/fepowl/iNat312427.ogg,iNat312427.ogg,fepowl,Ferruginous Pygmy Owl,Glaucidium brasilianum,val
train_audio/fepowl/XC539274.ogg,XC539274.ogg,fepowl,Ferruginous Pygmy Owl,Glaucidium brasilianum,val
train_audio/fepowl/iNat655375.ogg,iNat655375.ogg,fepowl,Ferruginous Pygmy Owl,Glaucidium brasilianum,val
train_audio/fepowl/XC513565.ogg,XC513565.ogg,fepowl,Ferruginous Pygmy Owl,Glaucidium brasilianum,val
train_audio/fepowl/XC974326.ogg,XC974326.ogg,fepowl,Ferruginous Pygmy Owl,Glaucidium brasilianum,val
train_audio/fepowl/XC704508.ogg,XC704508.ogg,fepowl,Ferruginous Pygmy Owl,Glaucidium brasilianum,val
train_audio/fepowl/iNat865584.ogg,iNat865584.ogg,fepowl,Ferruginous Pygmy Owl,Glaucidium brasilianum,val
train_audio/fepowl/iNat1658258.ogg,iNat1658258.ogg,fepowl,Ferruginous Pygmy Owl,Glaucidium brasilianum,val
train_audio/fepowl/XC522122.ogg,XC522122.ogg,fepowl,Ferruginous Pygmy Owl,Glaucidium brasilianum,val
train_audio/fepowl/XC206793.ogg,XC206793.ogg,fepowl,Ferruginous Pygmy Owl,Glaucidium brasilianum,val
train_audio/fepowl/iNat1266790.ogg,iNat1266790.ogg,fepowl,Ferruginous Pygmy Owl,Glaucidium brasilianum,val
train_audio/fepowl/XC289241.ogg,XC289241.ogg,fepowl,Ferruginous Pygmy Owl,Glaucidium brasilianum,test
train_audio/fepowl/XC334747.ogg,XC334747.ogg,fepowl,Ferruginous Pygmy Owl,Glaucidium brasilianum,test
train_audio/fepowl/XC85152.ogg,XC85152.ogg,fepowl,Ferruginous Pygmy Owl,Glaucidium brasilianum,test
train_audio/fepowl/iNat308577.ogg,iNat308577.ogg,fepowl,Ferruginous Pygmy Owl,Glaucidium brasilianum,test
train_audio/fepowl/XC329992.ogg,XC329992.ogg,fepowl,Ferruginous Pygmy Owl,Glaucidium brasilianum,test
train_audio/fepowl/iNat1734616.ogg,iNat1734616.ogg,fepowl,Ferruginous Pygmy Owl,Glaucidium brasilianum,test
train_audio/fepowl/iNat450214.ogg,iNat450214.ogg,fepowl,Ferruginous Pygmy Owl,Glaucidium brasilianum,test
train_audio/fepowl/iNat507595.ogg,iNat507595.ogg,fepowl,Ferruginous Pygmy Owl,Glaucidium brasilianum,test
train_audio/fepowl/iNat1645527.ogg,iNat1645527.ogg,fepowl,Ferruginous Pygmy Owl,Glaucidium brasilianum,test
train_audio/fepowl/iNat474410.ogg,iNat474410.ogg,fepowl,Ferruginous Pygmy Owl,Glaucidium brasilianum,test
train_audio/fepowl/XC278260.ogg,XC278260.ogg,fepowl,Ferruginous Pygmy Owl,Glaucidium brasilianum,test
train_audio/fepowl/iNat620100.ogg,iNat620100.ogg,fepowl,Ferruginous Pygmy Owl,Glaucidium brasilianum,test
train_audio/fepowl/XC769543.ogg,XC769543.ogg,fepowl,Ferruginous Pygmy Owl,Glaucidium brasilianum,test
train_audio/fepowl/XC727674.ogg,XC727674.ogg,fepowl,Ferruginous Pygmy Owl,Glaucidium brasilianum,test
train_audio/fepowl/iNat133178.ogg,iNat133178.ogg,fepowl,Ferruginous Pygmy Owl,Glaucidium brasilianum,test
train_audio/fepowl/XC896915.ogg,XC896915.ogg,fepowl,Ferruginous Pygmy Owl,Glaucidium brasilianum,test
train_audio/fepowl/XC695940.ogg,XC695940.ogg,fepowl,Ferruginous Pygmy Owl,Glaucidium brasilianum,test
train_audio/fepowl/iNat349682.ogg,iNat349682.ogg,fepowl,Ferruginous Pygmy Owl,Glaucidium brasilianum,test
train_audio/fepowl/XC461377.ogg,XC461377.ogg,fepowl,Ferruginous Pygmy Owl,Glaucidium brasilianum,test
train_audio/fepowl/iNat187679.ogg,iNat187679.ogg,fepowl,Ferruginous Pygmy Owl,Glaucidium brasilianum,test
train_audio/fepowl/XC306539.ogg,XC306539.ogg,fepowl,Ferruginous Pygmy Owl,Glaucidium brasilianum,test
train_audio/fepowl/iNat1221865.ogg,iNat1221865.ogg,fepowl,Ferruginous Pygmy Owl,Glaucidium brasilianum,test
train_audio/fepowl/iNat1266742.ogg,iNat1266742.ogg,fepowl,Ferruginous Pygmy Owl,Glaucidium brasilianum,test
train_audio/fepowl/XC373636.ogg,XC373636.ogg,fepowl,Ferruginous Pygmy Owl,Glaucidium brasilianum,test
train_audio/fepowl/iNat1702669.ogg,iNat1702669.ogg,fepowl,Ferruginous Pygmy Owl,Glaucidium brasilianum,test
train_audio/fepowl/XC131328.ogg,XC131328.ogg,fepowl,Ferruginous Pygmy Owl,Glaucidium brasilianum,test
train_audio/fepowl/iNat474409.ogg,iNat474409.ogg,fepowl,Ferruginous Pygmy Owl,Glaucidium brasilianum,test
train_audio/fepowl/XC2220.ogg,XC2220.ogg,fepowl,Ferruginous Pygmy Owl,Glaucidium brasilianum,test
train_audio/fepowl/XC257751.ogg,XC257751.ogg,fepowl,Ferruginous Pygmy Owl,Glaucidium brasilianum,test
train_audio/fepowl/XC621028.ogg,XC621028.ogg,fepowl,Ferruginous Pygmy Owl,Glaucidium brasilianum,test
train_audio/fepowl/iNat353491.ogg,iNat353491.ogg,fepowl,Ferruginous Pygmy Owl,Glaucidium brasilianum,test
train_audio/fepowl/iNat918734.ogg,iNat918734.ogg,fepowl,Ferruginous Pygmy Owl,Glaucidium brasilianum,test
train_audio/fepowl/iNat1276296.ogg,iNat1276296.ogg,fepowl,Ferruginous Pygmy Owl,Glaucidium brasilianum,test
train_audio/fepowl/iNat51539.ogg,iNat51539.ogg,fepowl,Ferruginous Pygmy Owl,Glaucidium brasilianum,test
train_audio/fepowl/iNat1373382.ogg,iNat1373382.ogg,fepowl,Ferruginous Pygmy Owl,Glaucidium brasilianum,test
train_audio/fepowl/iNat874919.ogg,iNat874919.ogg,fepowl,Ferruginous Pygmy Owl,Glaucidium brasilianum,test
train_audio/fepowl/iNat636504.ogg,iNat636504.ogg,fepowl,Ferruginous Pygmy Owl,Glaucidium brasilianum,test
train_audio/fepowl/XC401020.ogg,XC401020.ogg,fepowl,Ferruginous Pygmy Owl,Glaucidium brasilianum,test
train_audio/fepowl/iNat1221767.ogg,iNat1221767.ogg,fepowl,Ferruginous Pygmy Owl,Glaucidium brasilianum,test
train_audio/fepowl/XC547130.ogg,XC547130.ogg,fepowl,Ferruginous Pygmy Owl,Glaucidium brasilianum,test
train_audio/fepowl/iNat306689.ogg,iNat306689.ogg,fepowl,Ferruginous Pygmy Owl,Glaucidium brasilianum,test
train_audio/fepowl/XC1950.ogg,XC1950.ogg,fepowl,Ferruginous Pygmy Owl,Glaucidium brasilianum,test
train_audio/fepowl/iNat412172.ogg,iNat412172.ogg,fepowl,Ferruginous Pygmy Owl,Glaucidium brasilianum,test
train_audio/fepowl/XC699107.ogg,XC699107.ogg,fepowl,Ferruginous Pygmy Owl,Glaucidium brasilianum,test
train_audio/fepowl/iNat474405.ogg,iNat474405.ogg,fepowl,Ferruginous Pygmy Owl,Glaucidium brasilianum,test
train_audio/fepowl/iNat1315123.ogg,iNat1315123.ogg,fepowl,Ferruginous Pygmy Owl,Glaucidium brasilianum,test
train_audio/fepowl/iNat516281.ogg,iNat516281.ogg,fepowl,Ferruginous Pygmy Owl,Glaucidium brasilianum,test
train_audio/fepowl/XC901517.ogg,XC901517.ogg,fepowl,Ferruginous Pygmy Owl,Glaucidium brasilianum,test
train_audio/fepowl/XC964453.ogg,XC964453.ogg,fepowl,Ferruginous Pygmy Owl,Glaucidium brasilianum,test
train_audio/fepowl/iNat399173.ogg,iNat399173.ogg,fepowl,Ferruginous Pygmy Owl,Glaucidium brasilianum,test
train_audio/fepowl/XC453557.ogg,XC453557.ogg,fepowl,Ferruginous Pygmy Owl,Glaucidium brasilianum,test
train_audio/fepowl/iNat179597.ogg,iNat179597.ogg,fepowl,Ferruginous Pygmy Owl,Glaucidium brasilianum,test
train_audio/fepowl/iNat1615389.ogg,iNat1615389.ogg,fepowl,Ferruginous Pygmy Owl,Glaucidium brasilianum,test
train_audio/fepowl/XC827048.ogg,XC827048.ogg,fepowl,Ferruginous Pygmy Owl,Glaucidium brasilianum,test
train_audio/fepowl/iNat400148.ogg,iNat400148.ogg,fepowl,Ferruginous Pygmy Owl,Glaucidium brasilianum,test
train_audio/fepowl/XC927195.ogg,XC927195.ogg,fepowl,Ferruginous Pygmy Owl,Glaucidium brasilianum,test
train_audio/fepowl/XC361343.ogg,XC361343.ogg,fepowl,Ferruginous Pygmy Owl,Glaucidium brasilianum,test
train_audio/fepowl/iNat163637.ogg,iNat163637.ogg,fepowl,Ferruginous Pygmy Owl,Glaucidium brasilianum,test
train_audio/fepowl/XC540656.ogg,XC540656.ogg,fepowl,Ferruginous Pygmy Owl,Glaucidium brasilianum,test
train_audio/fepowl/XC447872.ogg,XC447872.ogg,fepowl,Ferruginous Pygmy Owl,Glaucidium brasilianum,test
train_audio/fepowl/iNat1034869.ogg,iNat1034869.ogg,fepowl,Ferruginous Pygmy Owl,Glaucidium brasilianum,test
train_audio/fepowl/XC738931.ogg,XC738931.ogg,fepowl,Ferruginous Pygmy Owl,Glaucidium brasilianum,test
train_audio/fepowl/XC549579.ogg,XC549579.ogg,fepowl,Ferruginous Pygmy Owl,Glaucidium brasilianum,test
train_audio/fepowl/iNat329872.ogg,iNat329872.ogg,fepowl,Ferruginous Pygmy Owl,Glaucidium brasilianum,test
train_audio/fepowl/XC168393.ogg,XC168393.ogg,fepowl,Ferruginous Pygmy Owl,Glaucidium brasilianum,test
train_audio/fepowl/iNat60700.ogg,iNat60700.ogg,fepowl,Ferruginous Pygmy Owl,Glaucidium brasilianum,test
train_audio/fepowl/iNat182842.ogg,iNat182842.ogg,fepowl,Ferruginous Pygmy Owl,Glaucidium brasilianum,test
train_audio/fepowl/iNat581441.ogg,iNat581441.ogg,fepowl,Ferruginous Pygmy Owl,Glaucidium brasilianum,test
train_audio/fepowl/XC933715.ogg,XC933715.ogg,fepowl,Ferruginous Pygmy Owl,Glaucidium brasilianum,test
train_audio/fepowl/XC368927.ogg,XC368927.ogg,fepowl,Ferruginous Pygmy Owl,Glaucidium brasilianum,test
train_audio/fepowl/XC289243.ogg,XC289243.ogg,fepowl,Ferruginous Pygmy Owl,Glaucidium brasilianum,test
train_audio/fepowl/XC389256.ogg,XC389256.ogg,fepowl,Ferruginous Pygmy Owl,Glaucidium brasilianum,test
train_audio/fepowl/iNat171418.ogg,iNat171418.ogg,fepowl,Ferruginous Pygmy Owl,Glaucidium brasilianum,test
train_audio/fepowl/iNat987352.ogg,iNat987352.ogg,fepowl,Ferruginous Pygmy Owl,Glaucidium brasilianum,test
train_audio/fepowl/iNat1145109.ogg,iNat1145109.ogg,fepowl,Ferruginous Pygmy Owl,Glaucidium brasilianum,test
train_audio/fepowl/XC192201.ogg,XC192201.ogg,fepowl,Ferruginous Pygmy Owl,Glaucidium brasilianum,test
train_audio/fepowl/iNat786478.ogg,iNat786478.ogg,fepowl,Ferruginous Pygmy Owl,Glaucidium brasilianum,test
train_audio/fepowl/iNat19410.ogg,iNat19410.ogg,fepowl,Ferruginous Pygmy Owl,Glaucidium brasilianum,test
train_audio/fepowl/iNat179616.ogg,iNat179616.ogg,fepowl,Ferruginous Pygmy Owl,Glaucidium brasilianum,test
train_audio/fepowl/iNat1307393.ogg,iNat1307393.ogg,fepowl,Ferruginous Pygmy Owl,Glaucidium brasilianum,test
train_audio/fepowl/iNat1163918.ogg,iNat1163918.ogg,fepowl,Ferruginous Pygmy Owl,Glaucidium brasilianum,test
train_audio/fepowl/iNat1182636.ogg,iNat1182636.ogg,fepowl,Ferruginous Pygmy Owl,Glaucidium brasilianum,test
train_audio/fepowl/iNat582450.ogg,iNat582450.ogg,fepowl,Ferruginous Pygmy Owl,Glaucidium brasilianum,test
train_audio/fepowl/XC174033.ogg,XC174033.ogg,fepowl,Ferruginous Pygmy Owl,Glaucidium brasilianum,test
train_audio/fepowl/iNat129435.ogg,iNat129435.ogg,fepowl,Ferruginous Pygmy Owl,Glaucidium brasilianum,test
train_audio/fepowl/iNat905443.ogg,iNat905443.ogg,fepowl,Ferruginous Pygmy Owl,Glaucidium brasilianum,test
train_audio/fepowl/XC797408.ogg,XC797408.ogg,fepowl,Ferruginous Pygmy Owl,Glaucidium brasilianum,test
train_audio/fepowl/XC974574.ogg,XC974574.ogg,fepowl,Ferruginous Pygmy Owl,Glaucidium brasilianum,test
train_audio/fepowl/XC334737.ogg,XC334737.ogg,fepowl,Ferruginous Pygmy Owl,Glaucidium brasilianum,test
train_audio/fepowl/iNat1335628.ogg,iNat1335628.ogg,fepowl,Ferruginous Pygmy Owl,Glaucidium brasilianum,test
train_audio/fepowl/XC403225.ogg,XC403225.ogg,fepowl,Ferruginous Pygmy Owl,Glaucidium brasilianum,test
train_audio/fepowl/iNat1526654.ogg,iNat1526654.ogg,fepowl,Ferruginous Pygmy Owl,Glaucidium brasilianum,test
train_audio/fepowl/iNat18466.ogg,iNat18466.ogg,fepowl,Ferruginous Pygmy Owl,Glaucidium brasilianum,test
train_audio/fepowl/iNat255879.ogg,iNat255879.ogg,fepowl,Ferruginous Pygmy Owl,Glaucidium brasilianum,test
train_audio/fepowl/iNat31839.ogg,iNat31839.ogg,fepowl,Ferruginous Pygmy Owl,Glaucidium brasilianum,test
train_audio/fepowl/XC410051.ogg,XC410051.ogg,fepowl,Ferruginous Pygmy Owl,Glaucidium brasilianum,test
train_audio/fepowl/iNat1136500.ogg,iNat1136500.ogg,fepowl,Ferruginous Pygmy Owl,Glaucidium brasilianum,test
train_audio/fepowl/iNat134995.ogg,iNat134995.ogg,fepowl,Ferruginous Pygmy Owl,Glaucidium brasilianum,test
train_audio/fepowl/XC283612.ogg,XC283612.ogg,fepowl,Ferruginous Pygmy Owl,Glaucidium brasilianum,test
train_audio/soulap1/iNat603543.ogg,iNat603543.ogg,soulap1,Southern Lapwing,Vanellus chilensis,train
train_audio/soulap1/XC528238.ogg,XC528238.ogg,soulap1,Southern Lapwing,Vanellus chilensis,train
train_audio/soulap1/iNat1415325.ogg,iNat1415325.ogg,soulap1,Southern Lapwing,Vanellus chilensis,train
train_audio/soulap1/iNat583458.ogg,iNat583458.ogg,soulap1,Southern Lapwing,Vanellus chilensis,train
train_audio/soulap1/iNat1440240.ogg,iNat1440240.ogg,soulap1,Southern Lapwing,Vanellus chilensis,train
train_audio/soulap1/iNat1555132.ogg,iNat1555132.ogg,soulap1,Southern Lapwing,Vanellus chilensis,train
train_audio/soulap1/XC784101.ogg,XC784101.ogg,soulap1,Southern Lapwing,Vanellus chilensis,train
train_audio/soulap1/iNat790581.ogg,iNat790581.ogg,soulap1,Southern Lapwing,Vanellus chilensis,train
train_audio/soulap1/iNat158027.ogg,iNat158027.ogg,soulap1,Southern Lapwing,Vanellus chilensis,train
train_audio/soulap1/XC396559.ogg,XC396559.ogg,soulap1,Southern Lapwing,Vanellus chilensis,train
train_audio/soulap1/XC452630.ogg,XC452630.ogg,soulap1,Southern Lapwing,Vanellus chilensis,train
train_audio/soulap1/XC9625.ogg,XC9625.ogg,soulap1,Southern Lapwing,Vanellus chilensis,train
train_audio/soulap1/iNat166334.ogg,iNat166334.ogg,soulap1,Southern Lapwing,Vanellus chilensis,train
train_audio/soulap1/iNat835856.ogg,iNat835856.ogg,soulap1,Southern Lapwing,Vanellus chilensis,train
train_audio/soulap1/XC924825.ogg,XC924825.ogg,soulap1,Southern Lapwing,Vanellus chilensis,train
train_audio/soulap1/iNat147754.ogg,iNat147754.ogg,soulap1,Southern Lapwing,Vanellus chilensis,train
train_audio/soulap1/XC539586.ogg,XC539586.ogg,soulap1,Southern Lapwing,Vanellus chilensis,train
train_audio/soulap1/iNat599361.ogg,iNat599361.ogg,soulap1,Southern Lapwing,Vanellus chilensis,train
train_audio/soulap1/iNat792243.ogg,iNat792243.ogg,soulap1,Southern Lapwing,Vanellus chilensis,train
train_audio/soulap1/iNat88215.ogg,iNat88215.ogg,soulap1,Southern Lapwing,Vanellus chilensis,train
train_audio/soulap1/XC789522.ogg,XC789522.ogg,soulap1,Southern Lapwing,Vanellus chilensis,train
train_audio/soulap1/XC375518.ogg,XC375518.ogg,soulap1,Southern Lapwing,Vanellus chilensis,train
train_audio/soulap1/iNat895040.ogg,iNat895040.ogg,soulap1,Southern Lapwing,Vanellus chilensis,train
train_audio/soulap1/XC662666.ogg,XC662666.ogg,soulap1,Southern Lapwing,Vanellus chilensis,train
train_audio/soulap1/iNat1182101.ogg,iNat1182101.ogg,soulap1,Southern Lapwing,Vanellus chilensis,train
train_audio/soulap1/XC798874.ogg,XC798874.ogg,soulap1,Southern Lapwing,Vanellus chilensis,train
train_audio/soulap1/XC492892.ogg,XC492892.ogg,soulap1,Southern Lapwing,Vanellus chilensis,train
train_audio/soulap1/iNat869424.ogg,iNat869424.ogg,soulap1,Southern Lapwing,Vanellus chilensis,train
train_audio/soulap1/iNat979340.ogg,iNat979340.ogg,soulap1,Southern Lapwing,Vanellus chilensis,train
train_audio/soulap1/iNat797918.ogg,iNat797918.ogg,soulap1,Southern Lapwing,Vanellus chilensis,train
train_audio/soulap1/iNat398053.ogg,iNat398053.ogg,soulap1,Southern Lapwing,Vanellus chilensis,train
train_audio/soulap1/iNat59859.ogg,iNat59859.ogg,soulap1,Southern Lapwing,Vanellus chilensis,train
train_audio/soulap1/XC385647.ogg,XC385647.ogg,soulap1,Southern Lapwing,Vanellus chilensis,train
train_audio/soulap1/iNat1396296.ogg,iNat1396296.ogg,soulap1,Southern Lapwing,Vanellus chilensis,train
train_audio/soulap1/XC157884.ogg,XC157884.ogg,soulap1,Southern Lapwing,Vanellus chilensis,train
train_audio/soulap1/iNat1242337.ogg,iNat1242337.ogg,soulap1,Southern Lapwing,Vanellus chilensis,train
train_audio/soulap1/XC731330.ogg,XC731330.ogg,soulap1,Southern Lapwing,Vanellus chilensis,train
train_audio/soulap1/iNat152118.ogg,iNat152118.ogg,soulap1,Southern Lapwing,Vanellus chilensis,train
train_audio/soulap1/iNat869423.ogg,iNat869423.ogg,soulap1,Southern Lapwing,Vanellus chilensis,train
train_audio/soulap1/iNat565415.ogg,iNat565415.ogg,soulap1,Southern Lapwing,Vanellus chilensis,train
train_audio/soulap1/XC896063.ogg,XC896063.ogg,soulap1,Southern Lapwing,Vanellus chilensis,train
train_audio/soulap1/iNat837366.ogg,iNat837366.ogg,soulap1,Southern Lapwing,Vanellus chilensis,train
train_audio/soulap1/iNat575926.ogg,iNat575926.ogg,soulap1,Southern Lapwing,Vanellus chilensis,train
train_audio/soulap1/iNat648245.ogg,iNat648245.ogg,soulap1,Southern Lapwing,Vanellus chilensis,train
train_audio/soulap1/XC562682.ogg,XC562682.ogg,soulap1,Southern Lapwing,Vanellus chilensis,train
train_audio/soulap1/iNat50784.ogg,iNat50784.ogg,soulap1,Southern Lapwing,Vanellus chilensis,train
train_audio/soulap1/iNat515894.ogg,iNat515894.ogg,soulap1,Southern Lapwing,Vanellus chilensis,train
train_audio/soulap1/XC475626.ogg,XC475626.ogg,soulap1,Southern Lapwing,Vanellus chilensis,train
train_audio/soulap1/iNat648242.ogg,iNat648242.ogg,soulap1,Southern Lapwing,Vanellus chilensis,train
train_audio/soulap1/iNat614475.ogg,iNat614475.ogg,soulap1,Southern Lapwing,Vanellus chilensis,train
train_audio/soulap1/iNat1653553.ogg,iNat1653553.ogg,soulap1,Southern Lapwing,Vanellus chilensis,train
train_audio/soulap1/iNat1683591.ogg,iNat1683591.ogg,soulap1,Southern Lapwing,Vanellus chilensis,train
train_audio/soulap1/XC769555.ogg,XC769555.ogg,soulap1,Southern Lapwing,Vanellus chilensis,train
train_audio/soulap1/XC946288.ogg,XC946288.ogg,soulap1,Southern Lapwing,Vanellus chilensis,train
train_audio/soulap1/iNat142521.ogg,iNat142521.ogg,soulap1,Southern Lapwing,Vanellus chilensis,train
train_audio/soulap1/iNat747408.ogg,iNat747408.ogg,soulap1,Southern Lapwing,Vanellus chilensis,train
train_audio/soulap1/XC244850.ogg,XC244850.ogg,soulap1,Southern Lapwing,Vanellus chilensis,train
train_audio/soulap1/iNat41106.ogg,iNat41106.ogg,soulap1,Southern Lapwing,Vanellus chilensis,train
train_audio/soulap1/iNat329840.ogg,iNat329840.ogg,soulap1,Southern Lapwing,Vanellus chilensis,train
train_audio/soulap1/XC456659.ogg,XC456659.ogg,soulap1,Southern Lapwing,Vanellus chilensis,train
train_audio/soulap1/iNat661722.ogg,iNat661722.ogg,soulap1,Southern Lapwing,Vanellus chilensis,train
train_audio/soulap1/iNat280977.ogg,iNat280977.ogg,soulap1,Southern Lapwing,Vanellus chilensis,train
train_audio/soulap1/iNat138771.ogg,iNat138771.ogg,soulap1,Southern Lapwing,Vanellus chilensis,train
train_audio/soulap1/iNat587222.ogg,iNat587222.ogg,soulap1,Southern Lapwing,Vanellus chilensis,train
train_audio/soulap1/iNat1143923.ogg,iNat1143923.ogg,soulap1,Southern Lapwing,Vanellus chilensis,train
train_audio/soulap1/iNat166878.ogg,iNat166878.ogg,soulap1,Southern Lapwing,Vanellus chilensis,train
train_audio/soulap1/XC328927.ogg,XC328927.ogg,soulap1,Southern Lapwing,Vanellus chilensis,train
train_audio/soulap1/iNat694118.ogg,iNat694118.ogg,soulap1,Southern Lapwing,Vanellus chilensis,train
train_audio/soulap1/iNat871545.ogg,iNat871545.ogg,soulap1,Southern Lapwing,Vanellus chilensis,train
train_audio/soulap1/XC817124.ogg,XC817124.ogg,soulap1,Southern Lapwing,Vanellus chilensis,train
train_audio/soulap1/iNat166879.ogg,iNat166879.ogg,soulap1,Southern Lapwing,Vanellus chilensis,train
train_audio/soulap1/XC870900.ogg,XC870900.ogg,soulap1,Southern Lapwing,Vanellus chilensis,train
train_audio/soulap1/XC346204.ogg,XC346204.ogg,soulap1,Southern Lapwing,Vanellus chilensis,train
train_audio/soulap1/XC420448.ogg,XC420448.ogg,soulap1,Southern Lapwing,Vanellus chilensis,train
train_audio/soulap1/XC592819.ogg,XC592819.ogg,soulap1,Southern Lapwing,Vanellus chilensis,train
train_audio/soulap1/XC595941.ogg,XC595941.ogg,soulap1,Southern Lapwing,Vanellus chilensis,train
train_audio/soulap1/iNat694117.ogg,iNat694117.ogg,soulap1,Southern Lapwing,Vanellus chilensis,train
train_audio/soulap1/XC568152.ogg,XC568152.ogg,soulap1,Southern Lapwing,Vanellus chilensis,train
train_audio/soulap1/iNat817769.ogg,iNat817769.ogg,soulap1,Southern Lapwing,Vanellus chilensis,train
train_audio/soulap1/iNat376976.ogg,iNat376976.ogg,soulap1,Southern Lapwing,Vanellus chilensis,train
train_audio/soulap1/iNat1192016.ogg,iNat1192016.ogg,soulap1,Southern Lapwing,Vanellus chilensis,train
train_audio/soulap1/iNat1164497.ogg,iNat1164497.ogg,soulap1,Southern Lapwing,Vanellus chilensis,train
train_audio/soulap1/XC1883.ogg,XC1883.ogg,soulap1,Southern Lapwing,Vanellus chilensis,train
train_audio/soulap1/iNat995673.ogg,iNat995673.ogg,soulap1,Southern Lapwing,Vanellus chilensis,train
train_audio/soulap1/XC254096.ogg,XC254096.ogg,soulap1,Southern Lapwing,Vanellus chilensis,train
train_audio/soulap1/XC697474.ogg,XC697474.ogg,soulap1,Southern Lapwing,Vanellus chilensis,train
train_audio/soulap1/XC433638.ogg,XC433638.ogg,soulap1,Southern Lapwing,Vanellus chilensis,train
train_audio/soulap1/iNat1659917.ogg,iNat1659917.ogg,soulap1,Southern Lapwing,Vanellus chilensis,train
train_audio/soulap1/XC270226.ogg,XC270226.ogg,soulap1,Southern Lapwing,Vanellus chilensis,train
train_audio/soulap1/iNat1284337.ogg,iNat1284337.ogg,soulap1,Southern Lapwing,Vanellus chilensis,train
train_audio/soulap1/iNat1580592.ogg,iNat1580592.ogg,soulap1,Southern Lapwing,Vanellus chilensis,train
train_audio/soulap1/iNat67671.ogg,iNat67671.ogg,soulap1,Southern Lapwing,Vanellus chilensis,train
train_audio/soulap1/XC116245.ogg,XC116245.ogg,soulap1,Southern Lapwing,Vanellus chilensis,train
train_audio/soulap1/iNat789205.ogg,iNat789205.ogg,soulap1,Southern Lapwing,Vanellus chilensis,train
train_audio/soulap1/iNat673802.ogg,iNat673802.ogg,soulap1,Southern Lapwing,Vanellus chilensis,train
train_audio/soulap1/iNat1676193.ogg,iNat1676193.ogg,soulap1,Southern Lapwing,Vanellus chilensis,train
train_audio/soulap1/iNat183236.ogg,iNat183236.ogg,soulap1,Southern Lapwing,Vanellus chilensis,train
train_audio/soulap1/XC492891.ogg,XC492891.ogg,soulap1,Southern Lapwing,Vanellus chilensis,train
train_audio/soulap1/XC550002.ogg,XC550002.ogg,soulap1,Southern Lapwing,Vanellus chilensis,train
train_audio/soulap1/iNat579087.ogg,iNat579087.ogg,soulap1,Southern Lapwing,Vanellus chilensis,train
train_audio/soulap1/XC863810.ogg,XC863810.ogg,soulap1,Southern Lapwing,Vanellus chilensis,train
train_audio/soulap1/XC199139.ogg,XC199139.ogg,soulap1,Southern Lapwing,Vanellus chilensis,train
train_audio/soulap1/XC549501.ogg,XC549501.ogg,soulap1,Southern Lapwing,Vanellus chilensis,train
train_audio/soulap1/XC530724.ogg,XC530724.ogg,soulap1,Southern Lapwing,Vanellus chilensis,train
train_audio/soulap1/iNat1637169.ogg,iNat1637169.ogg,soulap1,Southern Lapwing,Vanellus chilensis,train
train_audio/soulap1/XC591188.ogg,XC591188.ogg,soulap1,Southern Lapwing,Vanellus chilensis,train
train_audio/soulap1/iNat616065.ogg,iNat616065.ogg,soulap1,Southern Lapwing,Vanellus chilensis,train
train_audio/soulap1/XC816991.ogg,XC816991.ogg,soulap1,Southern Lapwing,Vanellus chilensis,train
train_audio/soulap1/iNat570317.ogg,iNat570317.ogg,soulap1,Southern Lapwing,Vanellus chilensis,train
train_audio/soulap1/XC361137.ogg,XC361137.ogg,soulap1,Southern Lapwing,Vanellus chilensis,train
train_audio/soulap1/iNat138984.ogg,iNat138984.ogg,soulap1,Southern Lapwing,Vanellus chilensis,train
train_audio/soulap1/XC752860.ogg,XC752860.ogg,soulap1,Southern Lapwing,Vanellus chilensis,train
train_audio/soulap1/iNat1522169.ogg,iNat1522169.ogg,soulap1,Southern Lapwing,Vanellus chilensis,train
train_audio/soulap1/iNat256193.ogg,iNat256193.ogg,soulap1,Southern Lapwing,Vanellus chilensis,train
train_audio/soulap1/XC437635.ogg,XC437635.ogg,soulap1,Southern Lapwing,Vanellus chilensis,train
train_audio/soulap1/XC1000536.ogg,XC1000536.ogg,soulap1,Southern Lapwing,Vanellus chilensis,train
train_audio/soulap1/XC913100.ogg,XC913100.ogg,soulap1,Southern Lapwing,Vanellus chilensis,train
train_audio/soulap1/iNat586191.ogg,iNat586191.ogg,soulap1,Southern Lapwing,Vanellus chilensis,train
train_audio/soulap1/iNat133818.ogg,iNat133818.ogg,soulap1,Southern Lapwing,Vanellus chilensis,train
train_audio/soulap1/XC232487.ogg,XC232487.ogg,soulap1,Southern Lapwing,Vanellus chilensis,train
train_audio/soulap1/iNat1190246.ogg,iNat1190246.ogg,soulap1,Southern Lapwing,Vanellus chilensis,train
train_audio/soulap1/XC130867.ogg,XC130867.ogg,soulap1,Southern Lapwing,Vanellus chilensis,train
train_audio/soulap1/XC955571.ogg,XC955571.ogg,soulap1,Southern Lapwing,Vanellus chilensis,train
train_audio/soulap1/XC384670.ogg,XC384670.ogg,soulap1,Southern Lapwing,Vanellus chilensis,train
train_audio/soulap1/XC571087.ogg,XC571087.ogg,soulap1,Southern Lapwing,Vanellus chilensis,train
train_audio/soulap1/XC395335.ogg,XC395335.ogg,soulap1,Southern Lapwing,Vanellus chilensis,train
train_audio/soulap1/XC287588.ogg,XC287588.ogg,soulap1,Southern Lapwing,Vanellus chilensis,train
train_audio/soulap1/iNat746038.ogg,iNat746038.ogg,soulap1,Southern Lapwing,Vanellus chilensis,train
train_audio/soulap1/iNat446017.ogg,iNat446017.ogg,soulap1,Southern Lapwing,Vanellus chilensis,train
train_audio/soulap1/iNat850833.ogg,iNat850833.ogg,soulap1,Southern Lapwing,Vanellus chilensis,train
train_audio/soulap1/XC384415.ogg,XC384415.ogg,soulap1,Southern Lapwing,Vanellus chilensis,train
train_audio/soulap1/iNat1137284.ogg,iNat1137284.ogg,soulap1,Southern Lapwing,Vanellus chilensis,train
train_audio/soulap1/iNat1220389.ogg,iNat1220389.ogg,soulap1,Southern Lapwing,Vanellus chilensis,train
train_audio/soulap1/XC51499.ogg,XC51499.ogg,soulap1,Southern Lapwing,Vanellus chilensis,train
train_audio/soulap1/XC118896.ogg,XC118896.ogg,soulap1,Southern Lapwing,Vanellus chilensis,train
train_audio/soulap1/iNat1580458.ogg,iNat1580458.ogg,soulap1,Southern Lapwing,Vanellus chilensis,train
train_audio/soulap1/XC439642.ogg,XC439642.ogg,soulap1,Southern Lapwing,Vanellus chilensis,train
train_audio/soulap1/XC359463.ogg,XC359463.ogg,soulap1,Southern Lapwing,Vanellus chilensis,train
train_audio/soulap1/XC1034704.ogg,XC1034704.ogg,soulap1,Southern Lapwing,Vanellus chilensis,train
train_audio/soulap1/XC560824.ogg,XC560824.ogg,soulap1,Southern Lapwing,Vanellus chilensis,train
train_audio/soulap1/iNat516958.ogg,iNat516958.ogg,soulap1,Southern Lapwing,Vanellus chilensis,train
train_audio/soulap1/XC806659.ogg,XC806659.ogg,soulap1,Southern Lapwing,Vanellus chilensis,train
train_audio/soulap1/iNat1506567.ogg,iNat1506567.ogg,soulap1,Southern Lapwing,Vanellus chilensis,train
train_audio/soulap1/iNat660075.ogg,iNat660075.ogg,soulap1,Southern Lapwing,Vanellus chilensis,train
train_audio/soulap1/iNat451818.ogg,iNat451818.ogg,soulap1,Southern Lapwing,Vanellus chilensis,train
train_audio/soulap1/iNat532466.ogg,iNat532466.ogg,soulap1,Southern Lapwing,Vanellus chilensis,train
train_audio/soulap1/XC591190.ogg,XC591190.ogg,soulap1,Southern Lapwing,Vanellus chilensis,train
train_audio/soulap1/XC871852.ogg,XC871852.ogg,soulap1,Southern Lapwing,Vanellus chilensis,train
train_audio/soulap1/XC131751.ogg,XC131751.ogg,soulap1,Southern Lapwing,Vanellus chilensis,train
train_audio/soulap1/iNat869425.ogg,iNat869425.ogg,soulap1,Southern Lapwing,Vanellus chilensis,train
train_audio/soulap1/iNat789207.ogg,iNat789207.ogg,soulap1,Southern Lapwing,Vanellus chilensis,train
train_audio/soulap1/iNat53369.ogg,iNat53369.ogg,soulap1,Southern Lapwing,Vanellus chilensis,train
train_audio/soulap1/XC128035.ogg,XC128035.ogg,soulap1,Southern Lapwing,Vanellus chilensis,train
train_audio/soulap1/iNat862588.ogg,iNat862588.ogg,soulap1,Southern Lapwing,Vanellus chilensis,train
train_audio/soulap1/XC680182.ogg,XC680182.ogg,soulap1,Southern Lapwing,Vanellus chilensis,train
train_audio/soulap1/XC296138.ogg,XC296138.ogg,soulap1,Southern Lapwing,Vanellus chilensis,train
train_audio/soulap1/XC364097.ogg,XC364097.ogg,soulap1,Southern Lapwing,Vanellus chilensis,train
train_audio/soulap1/iNat1216593.ogg,iNat1216593.ogg,soulap1,Southern Lapwing,Vanellus chilensis,train
train_audio/soulap1/XC85479.ogg,XC85479.ogg,soulap1,Southern Lapwing,Vanellus chilensis,train
train_audio/soulap1/iNat122506.ogg,iNat122506.ogg,soulap1,Southern Lapwing,Vanellus chilensis,train
train_audio/soulap1/iNat39863.ogg,iNat39863.ogg,soulap1,Southern Lapwing,Vanellus chilensis,train
train_audio/soulap1/iNat878578.ogg,iNat878578.ogg,soulap1,Southern Lapwing,Vanellus chilensis,train
train_audio/soulap1/XC699645.ogg,XC699645.ogg,soulap1,Southern Lapwing,Vanellus chilensis,train
train_audio/soulap1/XC534168.ogg,XC534168.ogg,soulap1,Southern Lapwing,Vanellus chilensis,train
train_audio/soulap1/XC413530.ogg,XC413530.ogg,soulap1,Southern Lapwing,Vanellus chilensis,train
train_audio/soulap1/XC458976.ogg,XC458976.ogg,soulap1,Southern Lapwing,Vanellus chilensis,train
train_audio/soulap1/iNat563107.ogg,iNat563107.ogg,soulap1,Southern Lapwing,Vanellus chilensis,train
train_audio/soulap1/iNat766947.ogg,iNat766947.ogg,soulap1,Southern Lapwing,Vanellus chilensis,train
train_audio/soulap1/XC131754.ogg,XC131754.ogg,soulap1,Southern Lapwing,Vanellus chilensis,train
train_audio/soulap1/XC385646.ogg,XC385646.ogg,soulap1,Southern Lapwing,Vanellus chilensis,train
train_audio/soulap1/iNat723571.ogg,iNat723571.ogg,soulap1,Southern Lapwing,Vanellus chilensis,train
train_audio/soulap1/iNat758894.ogg,iNat758894.ogg,soulap1,Southern Lapwing,Vanellus chilensis,train
train_audio/soulap1/XC66050.ogg,XC66050.ogg,soulap1,Southern Lapwing,Vanellus chilensis,train
train_audio/soulap1/iNat1203529.ogg,iNat1203529.ogg,soulap1,Southern Lapwing,Vanellus chilensis,train
train_audio/soulap1/iNat1456183.ogg,iNat1456183.ogg,soulap1,Southern Lapwing,Vanellus chilensis,train
train_audio/soulap1/iNat158028.ogg,iNat158028.ogg,soulap1,Southern Lapwing,Vanellus chilensis,train
train_audio/soulap1/XC893888.ogg,XC893888.ogg,soulap1,Southern Lapwing,Vanellus chilensis,train
train_audio/soulap1/iNat139040.ogg,iNat139040.ogg,soulap1,Southern Lapwing,Vanellus chilensis,train
train_audio/soulap1/XC837994.ogg,XC837994.ogg,soulap1,Southern Lapwing,Vanellus chilensis,train
train_audio/soulap1/XC361429.ogg,XC361429.ogg,soulap1,Southern Lapwing,Vanellus chilensis,train
train_audio/soulap1/XC375519.ogg,XC375519.ogg,soulap1,Southern Lapwing,Vanellus chilensis,train
train_audio/soulap1/iNat652413.ogg,iNat652413.ogg,soulap1,Southern Lapwing,Vanellus chilensis,train
train_audio/soulap1/iNat816124.ogg,iNat816124.ogg,soulap1,Southern Lapwing,Vanellus chilensis,train
train_audio/soulap1/XC475609.ogg,XC475609.ogg,soulap1,Southern Lapwing,Vanellus chilensis,train
train_audio/soulap1/XC668987.ogg,XC668987.ogg,soulap1,Southern Lapwing,Vanellus chilensis,train
train_audio/soulap1/iNat1506568.ogg,iNat1506568.ogg,soulap1,Southern Lapwing,Vanellus chilensis,train
train_audio/soulap1/iNat1718324.ogg,iNat1718324.ogg,soulap1,Southern Lapwing,Vanellus chilensis,train
train_audio/soulap1/XC343265.ogg,XC343265.ogg,soulap1,Southern Lapwing,Vanellus chilensis,train
train_audio/soulap1/iNat1685486.ogg,iNat1685486.ogg,soulap1,Southern Lapwing,Vanellus chilensis,train
train_audio/soulap1/iNat737934.ogg,iNat737934.ogg,soulap1,Southern Lapwing,Vanellus chilensis,train
train_audio/soulap1/XC577147.ogg,XC577147.ogg,soulap1,Southern Lapwing,Vanellus chilensis,train
train_audio/soulap1/XC170034.ogg,XC170034.ogg,soulap1,Southern Lapwing,Vanellus chilensis,train
train_audio/soulap1/XC1048330.ogg,XC1048330.ogg,soulap1,Southern Lapwing,Vanellus chilensis,train
train_audio/soulap1/XC288203.ogg,XC288203.ogg,soulap1,Southern Lapwing,Vanellus chilensis,train
train_audio/soulap1/iNat366763.ogg,iNat366763.ogg,soulap1,Southern Lapwing,Vanellus chilensis,train
train_audio/soulap1/iNat889587.ogg,iNat889587.ogg,soulap1,Southern Lapwing,Vanellus chilensis,train
train_audio/soulap1/iNat1405995.ogg,iNat1405995.ogg,soulap1,Southern Lapwing,Vanellus chilensis,train
train_audio/soulap1/iNat1491277.ogg,iNat1491277.ogg,soulap1,Southern Lapwing,Vanellus chilensis,train
train_audio/soulap1/iNat727707.ogg,iNat727707.ogg,soulap1,Southern Lapwing,Vanellus chilensis,train
train_audio/soulap1/XC681554.ogg,XC681554.ogg,soulap1,Southern Lapwing,Vanellus chilensis,train
train_audio/soulap1/XC130858.ogg,XC130858.ogg,soulap1,Southern Lapwing,Vanellus chilensis,train
train_audio/soulap1/XC1039910.ogg,XC1039910.ogg,soulap1,Southern Lapwing,Vanellus chilensis,train
train_audio/soulap1/XC530225.ogg,XC530225.ogg,soulap1,Southern Lapwing,Vanellus chilensis,train
train_audio/soulap1/XC991822.ogg,XC991822.ogg,soulap1,Southern Lapwing,Vanellus chilensis,train
train_audio/soulap1/XC1012156.ogg,XC1012156.ogg,soulap1,Southern Lapwing,Vanellus chilensis,train
train_audio/soulap1/XC991812.ogg,XC991812.ogg,soulap1,Southern Lapwing,Vanellus chilensis,train
train_audio/soulap1/iNat303614.ogg,iNat303614.ogg,soulap1,Southern Lapwing,Vanellus chilensis,train
train_audio/soulap1/iNat1221240.ogg,iNat1221240.ogg,soulap1,Southern Lapwing,Vanellus chilensis,train
train_audio/soulap1/iNat84016.ogg,iNat84016.ogg,soulap1,Southern Lapwing,Vanellus chilensis,train
train_audio/soulap1/iNat319976.ogg,iNat319976.ogg,soulap1,Southern Lapwing,Vanellus chilensis,train
train_audio/soulap1/XC47139.ogg,XC47139.ogg,soulap1,Southern Lapwing,Vanellus chilensis,train
train_audio/soulap1/XC438580.ogg,XC438580.ogg,soulap1,Southern Lapwing,Vanellus chilensis,train
train_audio/soulap1/XC475624.ogg,XC475624.ogg,soulap1,Southern Lapwing,Vanellus chilensis,train
train_audio/soulap1/XC262867.ogg,XC262867.ogg,soulap1,Southern Lapwing,Vanellus chilensis,train
train_audio/soulap1/XC975744.ogg,XC975744.ogg,soulap1,Southern Lapwing,Vanellus chilensis,train
train_audio/soulap1/XC510860.ogg,XC510860.ogg,soulap1,Southern Lapwing,Vanellus chilensis,train
train_audio/soulap1/iNat889586.ogg,iNat889586.ogg,soulap1,Southern Lapwing,Vanellus chilensis,train
train_audio/soulap1/XC798879.ogg,XC798879.ogg,soulap1,Southern Lapwing,Vanellus chilensis,train
train_audio/soulap1/XC737429.ogg,XC737429.ogg,soulap1,Southern Lapwing,Vanellus chilensis,train
train_audio/soulap1/iNat1293068.ogg,iNat1293068.ogg,soulap1,Southern Lapwing,Vanellus chilensis,train
train_audio/soulap1/XC16002.ogg,XC16002.ogg,soulap1,Southern Lapwing,Vanellus chilensis,train
train_audio/soulap1/iNat1637171.ogg,iNat1637171.ogg,soulap1,Southern Lapwing,Vanellus chilensis,train
train_audio/soulap1/iNat870353.ogg,iNat870353.ogg,soulap1,Southern Lapwing,Vanellus chilensis,train
train_audio/soulap1/iNat211561.ogg,iNat211561.ogg,soulap1,Southern Lapwing,Vanellus chilensis,train
train_audio/soulap1/XC940018.ogg,XC940018.ogg,soulap1,Southern Lapwing,Vanellus chilensis,train
train_audio/soulap1/iNat1278617.ogg,iNat1278617.ogg,soulap1,Southern Lapwing,Vanellus chilensis,train
train_audio/soulap1/XC419261.ogg,XC419261.ogg,soulap1,Southern Lapwing,Vanellus chilensis,train
train_audio/soulap1/iNat607071.ogg,iNat607071.ogg,soulap1,Southern Lapwing,Vanellus chilensis,train
train_audio/soulap1/XC811885.ogg,XC811885.ogg,soulap1,Southern Lapwing,Vanellus chilensis,train
train_audio/soulap1/XC902305.ogg,XC902305.ogg,soulap1,Southern Lapwing,Vanellus chilensis,train
train_audio/soulap1/XC608627.ogg,XC608627.ogg,soulap1,Southern Lapwing,Vanellus chilensis,train
train_audio/soulap1/iNat852142.ogg,iNat852142.ogg,soulap1,Southern Lapwing,Vanellus chilensis,train
train_audio/soulap1/XC774903.ogg,XC774903.ogg,soulap1,Southern Lapwing,Vanellus chilensis,train
train_audio/soulap1/iNat247337.ogg,iNat247337.ogg,soulap1,Southern Lapwing,Vanellus chilensis,train
train_audio/soulap1/XC713161.ogg,XC713161.ogg,soulap1,Southern Lapwing,Vanellus chilensis,train
train_audio/soulap1/iNat166332.ogg,iNat166332.ogg,soulap1,Southern Lapwing,Vanellus chilensis,train
train_audio/soulap1/XC816998.ogg,XC816998.ogg,soulap1,Southern Lapwing,Vanellus chilensis,train
train_audio/soulap1/iNat607072.ogg,iNat607072.ogg,soulap1,Southern Lapwing,Vanellus chilensis,train
train_audio/soulap1/XC338057.ogg,XC338057.ogg,soulap1,Southern Lapwing,Vanellus chilensis,train
train_audio/soulap1/XC974242.ogg,XC974242.ogg,soulap1,Southern Lapwing,Vanellus chilensis,train
train_audio/soulap1/iNat1422602.ogg,iNat1422602.ogg,soulap1,Southern Lapwing,Vanellus chilensis,train
train_audio/soulap1/iNat216822.ogg,iNat216822.ogg,soulap1,Southern Lapwing,Vanellus chilensis,train
train_audio/soulap1/iNat786880.ogg,iNat786880.ogg,soulap1,Southern Lapwing,Vanellus chilensis,train
train_audio/soulap1/iNat996764.ogg,iNat996764.ogg,soulap1,Southern Lapwing,Vanellus chilensis,train
train_audio/soulap1/iNat74926.ogg,iNat74926.ogg,soulap1,Southern Lapwing,Vanellus chilensis,train
train_audio/soulap1/iNat1495215.ogg,iNat1495215.ogg,soulap1,Southern Lapwing,Vanellus chilensis,train
train_audio/soulap1/XC1052119.ogg,XC1052119.ogg,soulap1,Southern Lapwing,Vanellus chilensis,train
train_audio/soulap1/iNat550069.ogg,iNat550069.ogg,soulap1,Southern Lapwing,Vanellus chilensis,train
train_audio/soulap1/iNat534296.ogg,iNat534296.ogg,soulap1,Southern Lapwing,Vanellus chilensis,train
train_audio/soulap1/iNat863343.ogg,iNat863343.ogg,soulap1,Southern Lapwing,Vanellus chilensis,train
train_audio/soulap1/XC486635.ogg,XC486635.ogg,soulap1,Southern Lapwing,Vanellus chilensis,train
train_audio/soulap1/XC861228.ogg,XC861228.ogg,soulap1,Southern Lapwing,Vanellus chilensis,train
train_audio/soulap1/XC507688.ogg,XC507688.ogg,soulap1,Southern Lapwing,Vanellus chilensis,train
train_audio/soulap1/XC540445.ogg,XC540445.ogg,soulap1,Southern Lapwing,Vanellus chilensis,train
train_audio/soulap1/XC70818.ogg,XC70818.ogg,soulap1,Southern Lapwing,Vanellus chilensis,train
train_audio/soulap1/XC269293.ogg,XC269293.ogg,soulap1,Southern Lapwing,Vanellus chilensis,train
train_audio/soulap1/XC625531.ogg,XC625531.ogg,soulap1,Southern Lapwing,Vanellus chilensis,train
train_audio/soulap1/iNat347344.ogg,iNat347344.ogg,soulap1,Southern Lapwing,Vanellus chilensis,train
train_audio/soulap1/XC460550.ogg,XC460550.ogg,soulap1,Southern Lapwing,Vanellus chilensis,train
train_audio/soulap1/iNat613479.ogg,iNat613479.ogg,soulap1,Southern Lapwing,Vanellus chilensis,train
train_audio/soulap1/XC521724.ogg,XC521724.ogg,soulap1,Southern Lapwing,Vanellus chilensis,train
train_audio/soulap1/iNat1376809.ogg,iNat1376809.ogg,soulap1,Southern Lapwing,Vanellus chilensis,train
train_audio/soulap1/XC131138.ogg,XC131138.ogg,soulap1,Southern Lapwing,Vanellus chilensis,train
train_audio/soulap1/iNat1335722.ogg,iNat1335722.ogg,soulap1,Southern Lapwing,Vanellus chilensis,train
train_audio/soulap1/XC563293.ogg,XC563293.ogg,soulap1,Southern Lapwing,Vanellus chilensis,train
train_audio/soulap1/XC85478.ogg,XC85478.ogg,soulap1,Southern Lapwing,Vanellus chilensis,train
train_audio/soulap1/XC442652.ogg,XC442652.ogg,soulap1,Southern Lapwing,Vanellus chilensis,train
train_audio/soulap1/XC974094.ogg,XC974094.ogg,soulap1,Southern Lapwing,Vanellus chilensis,train
train_audio/soulap1/iNat1191138.ogg,iNat1191138.ogg,soulap1,Southern Lapwing,Vanellus chilensis,train
train_audio/soulap1/iNat634739.ogg,iNat634739.ogg,soulap1,Southern Lapwing,Vanellus chilensis,train
train_audio/soulap1/XC421860.ogg,XC421860.ogg,soulap1,Southern Lapwing,Vanellus chilensis,train
train_audio/soulap1/iNat307834.ogg,iNat307834.ogg,soulap1,Southern Lapwing,Vanellus chilensis,train
train_audio/soulap1/XC690730.ogg,XC690730.ogg,soulap1,Southern Lapwing,Vanellus chilensis,train
train_audio/soulap1/iNat149380.ogg,iNat149380.ogg,soulap1,Southern Lapwing,Vanellus chilensis,train
train_audio/soulap1/iNat871534.ogg,iNat871534.ogg,soulap1,Southern Lapwing,Vanellus chilensis,train
train_audio/soulap1/XC130484.ogg,XC130484.ogg,soulap1,Southern Lapwing,Vanellus chilensis,train
train_audio/soulap1/iNat863077.ogg,iNat863077.ogg,soulap1,Southern Lapwing,Vanellus chilensis,train
train_audio/soulap1/XC355326.ogg,XC355326.ogg,soulap1,Southern Lapwing,Vanellus chilensis,train
train_audio/soulap1/XC446954.ogg,XC446954.ogg,soulap1,Southern Lapwing,Vanellus chilensis,train
train_audio/soulap1/iNat586506.ogg,iNat586506.ogg,soulap1,Southern Lapwing,Vanellus chilensis,train
train_audio/soulap1/iNat21042.ogg,iNat21042.ogg,soulap1,Southern Lapwing,Vanellus chilensis,train
train_audio/soulap1/XC9046.ogg,XC9046.ogg,soulap1,Southern Lapwing,Vanellus chilensis,train
train_audio/soulap1/XC489125.ogg,XC489125.ogg,soulap1,Southern Lapwing,Vanellus chilensis,train
train_audio/soulap1/XC428133.ogg,XC428133.ogg,soulap1,Southern Lapwing,Vanellus chilensis,train
train_audio/soulap1/XC415812.ogg,XC415812.ogg,soulap1,Southern Lapwing,Vanellus chilensis,train
train_audio/soulap1/XC47141.ogg,XC47141.ogg,soulap1,Southern Lapwing,Vanellus chilensis,train
train_audio/soulap1/iNat1627891.ogg,iNat1627891.ogg,soulap1,Southern Lapwing,Vanellus chilensis,train
train_audio/soulap1/XC171689.ogg,XC171689.ogg,soulap1,Southern Lapwing,Vanellus chilensis,train
train_audio/soulap1/iNat936262.ogg,iNat936262.ogg,soulap1,Southern Lapwing,Vanellus chilensis,train
train_audio/soulap1/iNat1505683.ogg,iNat1505683.ogg,soulap1,Southern Lapwing,Vanellus chilensis,train
train_audio/soulap1/iNat150329.ogg,iNat150329.ogg,soulap1,Southern Lapwing,Vanellus chilensis,train
train_audio/soulap1/XC144878.ogg,XC144878.ogg,soulap1,Southern Lapwing,Vanellus chilensis,train
train_audio/soulap1/XC681555.ogg,XC681555.ogg,soulap1,Southern Lapwing,Vanellus chilensis,train
train_audio/soulap1/XC1005801.ogg,XC1005801.ogg,soulap1,Southern Lapwing,Vanellus chilensis,train
train_audio/soulap1/iNat1408177.ogg,iNat1408177.ogg,soulap1,Southern Lapwing,Vanellus chilensis,train
train_audio/soulap1/XC855283.ogg,XC855283.ogg,soulap1,Southern Lapwing,Vanellus chilensis,train
train_audio/soulap1/XC501089.ogg,XC501089.ogg,soulap1,Southern Lapwing,Vanellus chilensis,train
train_audio/soulap1/iNat356248.ogg,iNat356248.ogg,soulap1,Southern Lapwing,Vanellus chilensis,train
train_audio/soulap1/iNat1334173.ogg,iNat1334173.ogg,soulap1,Southern Lapwing,Vanellus chilensis,train
train_audio/soulap1/iNat351923.ogg,iNat351923.ogg,soulap1,Southern Lapwing,Vanellus chilensis,train
train_audio/soulap1/iNat585902.ogg,iNat585902.ogg,soulap1,Southern Lapwing,Vanellus chilensis,train
train_audio/soulap1/XC534308.ogg,XC534308.ogg,soulap1,Southern Lapwing,Vanellus chilensis,train
train_audio/soulap1/XC393117.ogg,XC393117.ogg,soulap1,Southern Lapwing,Vanellus chilensis,train
train_audio/soulap1/iNat1191137.ogg,iNat1191137.ogg,soulap1,Southern Lapwing,Vanellus chilensis,train
train_audio/soulap1/XC1023404.ogg,XC1023404.ogg,soulap1,Southern Lapwing,Vanellus chilensis,train
train_audio/soulap1/iNat604213.ogg,iNat604213.ogg,soulap1,Southern Lapwing,Vanellus chilensis,train
train_audio/soulap1/iNat1001564.ogg,iNat1001564.ogg,soulap1,Southern Lapwing,Vanellus chilensis,train
train_audio/soulap1/XC144740.ogg,XC144740.ogg,soulap1,Southern Lapwing,Vanellus chilensis,train
train_audio/soulap1/XC154203.ogg,XC154203.ogg,soulap1,Southern Lapwing,Vanellus chilensis,train
train_audio/soulap1/iNat1613511.ogg,iNat1613511.ogg,soulap1,Southern Lapwing,Vanellus chilensis,train
train_audio/soulap1/iNat72683.ogg,iNat72683.ogg,soulap1,Southern Lapwing,Vanellus chilensis,train
train_audio/soulap1/XC435956.ogg,XC435956.ogg,soulap1,Southern Lapwing,Vanellus chilensis,train
train_audio/soulap1/XC897031.ogg,XC897031.ogg,soulap1,Southern Lapwing,Vanellus chilensis,train
train_audio/soulap1/XC562823.ogg,XC562823.ogg,soulap1,Southern Lapwing,Vanellus chilensis,train
train_audio/soulap1/XC375517.ogg,XC375517.ogg,soulap1,Southern Lapwing,Vanellus chilensis,train
train_audio/soulap1/iNat568455.ogg,iNat568455.ogg,soulap1,Southern Lapwing,Vanellus chilensis,train
train_audio/soulap1/iNat1448408.ogg,iNat1448408.ogg,soulap1,Southern Lapwing,Vanellus chilensis,train
train_audio/soulap1/XC113781.ogg,XC113781.ogg,soulap1,Southern Lapwing,Vanellus chilensis,train
train_audio/soulap1/iNat166333.ogg,iNat166333.ogg,soulap1,Southern Lapwing,Vanellus chilensis,train
train_audio/soulap1/XC1052033.ogg,XC1052033.ogg,soulap1,Southern Lapwing,Vanellus chilensis,train
train_audio/soulap1/XC825234.ogg,XC825234.ogg,soulap1,Southern Lapwing,Vanellus chilensis,train
train_audio/soulap1/iNat1002820.ogg,iNat1002820.ogg,soulap1,Southern Lapwing,Vanellus chilensis,train
train_audio/soulap1/XC620881.ogg,XC620881.ogg,soulap1,Southern Lapwing,Vanellus chilensis,train
train_audio/soulap1/iNat1605776.ogg,iNat1605776.ogg,soulap1,Southern Lapwing,Vanellus chilensis,val
train_audio/soulap1/iNat855293.ogg,iNat855293.ogg,soulap1,Southern Lapwing,Vanellus chilensis,val
train_audio/soulap1/XC712956.ogg,XC712956.ogg,soulap1,Southern Lapwing,Vanellus chilensis,val
train_audio/soulap1/XC991824.ogg,XC991824.ogg,soulap1,Southern Lapwing,Vanellus chilensis,val
train_audio/soulap1/XC819400.ogg,XC819400.ogg,soulap1,Southern Lapwing,Vanellus chilensis,val
train_audio/soulap1/XC580177.ogg,XC580177.ogg,soulap1,Southern Lapwing,Vanellus chilensis,val
train_audio/soulap1/XC798870.ogg,XC798870.ogg,soulap1,Southern Lapwing,Vanellus chilensis,val
train_audio/soulap1/iNat147630.ogg,iNat147630.ogg,soulap1,Southern Lapwing,Vanellus chilensis,val
train_audio/soulap1/iNat1151420.ogg,iNat1151420.ogg,soulap1,Southern Lapwing,Vanellus chilensis,val
train_audio/soulap1/XC1882.ogg,XC1882.ogg,soulap1,Southern Lapwing,Vanellus chilensis,val
train_audio/soulap1/iNat387905.ogg,iNat387905.ogg,soulap1,Southern Lapwing,Vanellus chilensis,val
train_audio/soulap1/XC134178.ogg,XC134178.ogg,soulap1,Southern Lapwing,Vanellus chilensis,val
train_audio/soulap1/iNat889255.ogg,iNat889255.ogg,soulap1,Southern Lapwing,Vanellus chilensis,val
train_audio/soulap1/XC423697.ogg,XC423697.ogg,soulap1,Southern Lapwing,Vanellus chilensis,val
train_audio/soulap1/iNat73791.ogg,iNat73791.ogg,soulap1,Southern Lapwing,Vanellus chilensis,val
train_audio/soulap1/iNat740844.ogg,iNat740844.ogg,soulap1,Southern Lapwing,Vanellus chilensis,val
train_audio/soulap1/iNat1343819.ogg,iNat1343819.ogg,soulap1,Southern Lapwing,Vanellus chilensis,val
train_audio/soulap1/XC338712.ogg,XC338712.ogg,soulap1,Southern Lapwing,Vanellus chilensis,val
train_audio/soulap1/XC824281.ogg,XC824281.ogg,soulap1,Southern Lapwing,Vanellus chilensis,val
train_audio/soulap1/XC834382.ogg,XC834382.ogg,soulap1,Southern Lapwing,Vanellus chilensis,val
train_audio/soulap1/XC709441.ogg,XC709441.ogg,soulap1,Southern Lapwing,Vanellus chilensis,val
train_audio/soulap1/iNat1589243.ogg,iNat1589243.ogg,soulap1,Southern Lapwing,Vanellus chilensis,val
train_audio/soulap1/iNat1463581.ogg,iNat1463581.ogg,soulap1,Southern Lapwing,Vanellus chilensis,val
train_audio/soulap1/iNat1269554.ogg,iNat1269554.ogg,soulap1,Southern Lapwing,Vanellus chilensis,val
train_audio/soulap1/iNat1422060.ogg,iNat1422060.ogg,soulap1,Southern Lapwing,Vanellus chilensis,val
train_audio/soulap1/XC1035214.ogg,XC1035214.ogg,soulap1,Southern Lapwing,Vanellus chilensis,val
train_audio/soulap1/XC114069.ogg,XC114069.ogg,soulap1,Southern Lapwing,Vanellus chilensis,val
train_audio/soulap1/iNat1529540.ogg,iNat1529540.ogg,soulap1,Southern Lapwing,Vanellus chilensis,val
train_audio/soulap1/XC531935.ogg,XC531935.ogg,soulap1,Southern Lapwing,Vanellus chilensis,val
train_audio/soulap1/XC709444.ogg,XC709444.ogg,soulap1,Southern Lapwing,Vanellus chilensis,val
train_audio/soulap1/iNat774710.ogg,iNat774710.ogg,soulap1,Southern Lapwing,Vanellus chilensis,val
train_audio/soulap1/XC288528.ogg,XC288528.ogg,soulap1,Southern Lapwing,Vanellus chilensis,val
train_audio/soulap1/iNat848657.ogg,iNat848657.ogg,soulap1,Southern Lapwing,Vanellus chilensis,val
train_audio/soulap1/XC294690.ogg,XC294690.ogg,soulap1,Southern Lapwing,Vanellus chilensis,val
train_audio/soulap1/iNat456621.ogg,iNat456621.ogg,soulap1,Southern Lapwing,Vanellus chilensis,val
train_audio/soulap1/XC148064.ogg,XC148064.ogg,soulap1,Southern Lapwing,Vanellus chilensis,val
train_audio/soulap1/XC902289.ogg,XC902289.ogg,soulap1,Southern Lapwing,Vanellus chilensis,val
train_audio/soulap1/iNat376829.ogg,iNat376829.ogg,soulap1,Southern Lapwing,Vanellus chilensis,val
train_audio/soulap1/XC974563.ogg,XC974563.ogg,soulap1,Southern Lapwing,Vanellus chilensis,val
train_audio/soulap1/XC782667.ogg,XC782667.ogg,soulap1,Southern Lapwing,Vanellus chilensis,val
train_audio/soulap1/iNat1580144.ogg,iNat1580144.ogg,soulap1,Southern Lapwing,Vanellus chilensis,val
train_audio/soulap1/iNat871546.ogg,iNat871546.ogg,soulap1,Southern Lapwing,Vanellus chilensis,val
train_audio/soulap1/XC396548.ogg,XC396548.ogg,soulap1,Southern Lapwing,Vanellus chilensis,val
train_audio/soulap1/iNat76185.ogg,iNat76185.ogg,soulap1,Southern Lapwing,Vanellus chilensis,val
train_audio/soulap1/XC1049912.ogg,XC1049912.ogg,soulap1,Southern Lapwing,Vanellus chilensis,val
train_audio/soulap1/XC415863.ogg,XC415863.ogg,soulap1,Southern Lapwing,Vanellus chilensis,val
train_audio/soulap1/XC558367.ogg,XC558367.ogg,soulap1,Southern Lapwing,Vanellus chilensis,val
train_audio/soulap1/XC974261.ogg,XC974261.ogg,soulap1,Southern Lapwing,Vanellus chilensis,val
train_audio/soulap1/XC48574.ogg,XC48574.ogg,soulap1,Southern Lapwing,Vanellus chilensis,val
train_audio/soulap1/XC244975.ogg,XC244975.ogg,soulap1,Southern Lapwing,Vanellus chilensis,val
train_audio/soulap1/iNat273637.ogg,iNat273637.ogg,soulap1,Southern Lapwing,Vanellus chilensis,val
train_audio/soulap1/iNat1373214.ogg,iNat1373214.ogg,soulap1,Southern Lapwing,Vanellus chilensis,val
train_audio/soulap1/iNat497694.ogg,iNat497694.ogg,soulap1,Southern Lapwing,Vanellus chilensis,val
train_audio/soulap1/iNat782811.ogg,iNat782811.ogg,soulap1,Southern Lapwing,Vanellus chilensis,val
train_audio/soulap1/iNat592816.ogg,iNat592816.ogg,soulap1,Southern Lapwing,Vanellus chilensis,val
train_audio/soulap1/XC946286.ogg,XC946286.ogg,soulap1,Southern Lapwing,Vanellus chilensis,val
train_audio/soulap1/iNat319784.ogg,iNat319784.ogg,soulap1,Southern Lapwing,Vanellus chilensis,val
train_audio/soulap1/iNat1293172.ogg,iNat1293172.ogg,soulap1,Southern Lapwing,Vanellus chilensis,val
train_audio/soulap1/iNat607045.ogg,iNat607045.ogg,soulap1,Southern Lapwing,Vanellus chilensis,val
train_audio/soulap1/XC440386.ogg,XC440386.ogg,soulap1,Southern Lapwing,Vanellus chilensis,val
train_audio/soulap1/XC863923.ogg,XC863923.ogg,soulap1,Southern Lapwing,Vanellus chilensis,val
train_audio/soulap1/XC189822.ogg,XC189822.ogg,soulap1,Southern Lapwing,Vanellus chilensis,val
train_audio/soulap1/XC446953.ogg,XC446953.ogg,soulap1,Southern Lapwing,Vanellus chilensis,val
train_audio/soulap1/XC999539.ogg,XC999539.ogg,soulap1,Southern Lapwing,Vanellus chilensis,val
train_audio/soulap1/iNat499244.ogg,iNat499244.ogg,soulap1,Southern Lapwing,Vanellus chilensis,val
train_audio/soulap1/XC637646.ogg,XC637646.ogg,soulap1,Southern Lapwing,Vanellus chilensis,val
train_audio/soulap1/iNat875288.ogg,iNat875288.ogg,soulap1,Southern Lapwing,Vanellus chilensis,val
train_audio/soulap1/XC600438.ogg,XC600438.ogg,soulap1,Southern Lapwing,Vanellus chilensis,val
train_audio/soulap1/XC975746.ogg,XC975746.ogg,soulap1,Southern Lapwing,Vanellus chilensis,val
train_audio/soulap1/XC754867.ogg,XC754867.ogg,soulap1,Southern Lapwing,Vanellus chilensis,val
train_audio/soulap1/XC146730.ogg,XC146730.ogg,soulap1,Southern Lapwing,Vanellus chilensis,val
train_audio/soulap1/iNat164146.ogg,iNat164146.ogg,soulap1,Southern Lapwing,Vanellus chilensis,val
train_audio/soulap1/XC615607.ogg,XC615607.ogg,soulap1,Southern Lapwing,Vanellus chilensis,val
train_audio/soulap1/XC358450.ogg,XC358450.ogg,soulap1,Southern Lapwing,Vanellus chilensis,val
train_audio/soulap1/iNat138599.ogg,iNat138599.ogg,soulap1,Southern Lapwing,Vanellus chilensis,val
train_audio/soulap1/XC396560.ogg,XC396560.ogg,soulap1,Southern Lapwing,Vanellus chilensis,test
train_audio/soulap1/XC440385.ogg,XC440385.ogg,soulap1,Southern Lapwing,Vanellus chilensis,test
train_audio/soulap1/XC883513.ogg,XC883513.ogg,soulap1,Southern Lapwing,Vanellus chilensis,test
train_audio/soulap1/iNat493038.ogg,iNat493038.ogg,soulap1,Southern Lapwing,Vanellus chilensis,test
train_audio/soulap1/XC435797.ogg,XC435797.ogg,soulap1,Southern Lapwing,Vanellus chilensis,test
train_audio/soulap1/iNat268567.ogg,iNat268567.ogg,soulap1,Southern Lapwing,Vanellus chilensis,test
train_audio/soulap1/iNat663503.ogg,iNat663503.ogg,soulap1,Southern Lapwing,Vanellus chilensis,test
train_audio/soulap1/iNat71355.ogg,iNat71355.ogg,soulap1,Southern Lapwing,Vanellus chilensis,test
train_audio/soulap1/iNat1622366.ogg,iNat1622366.ogg,soulap1,Southern Lapwing,Vanellus chilensis,test
train_audio/soulap1/iNat689239.ogg,iNat689239.ogg,soulap1,Southern Lapwing,Vanellus chilensis,test
train_audio/soulap1/XC386695.ogg,XC386695.ogg,soulap1,Southern Lapwing,Vanellus chilensis,test
train_audio/soulap1/iNat871535.ogg,iNat871535.ogg,soulap1,Southern Lapwing,Vanellus chilensis,test
train_audio/soulap1/XC817544.ogg,XC817544.ogg,soulap1,Southern Lapwing,Vanellus chilensis,test
train_audio/soulap1/XC799783.ogg,XC799783.ogg,soulap1,Southern Lapwing,Vanellus chilensis,test
train_audio/soulap1/iNat1431064.ogg,iNat1431064.ogg,soulap1,Southern Lapwing,Vanellus chilensis,test
train_audio/soulap1/XC915943.ogg,XC915943.ogg,soulap1,Southern Lapwing,Vanellus chilensis,test
train_audio/soulap1/XC716158.ogg,XC716158.ogg,soulap1,Southern Lapwing,Vanellus chilensis,test
train_audio/soulap1/iNat557894.ogg,iNat557894.ogg,soulap1,Southern Lapwing,Vanellus chilensis,test
train_audio/soulap1/XC562683.ogg,XC562683.ogg,soulap1,Southern Lapwing,Vanellus chilensis,test
train_audio/soulap1/iNat311203.ogg,iNat311203.ogg,soulap1,Southern Lapwing,Vanellus chilensis,test
train_audio/soulap1/XC421164.ogg,XC421164.ogg,soulap1,Southern Lapwing,Vanellus chilensis,test
train_audio/soulap1/iNat1259535.ogg,iNat1259535.ogg,soulap1,Southern Lapwing,Vanellus chilensis,test
train_audio/soulap1/iNat138451.ogg,iNat138451.ogg,soulap1,Southern Lapwing,Vanellus chilensis,test
train_audio/soulap1/XC470214.ogg,XC470214.ogg,soulap1,Southern Lapwing,Vanellus chilensis,test
train_audio/soulap1/iNat1693281.ogg,iNat1693281.ogg,soulap1,Southern Lapwing,Vanellus chilensis,test
train_audio/soulap1/XC276629.ogg,XC276629.ogg,soulap1,Southern Lapwing,Vanellus chilensis,test
train_audio/soulap1/iNat682127.ogg,iNat682127.ogg,soulap1,Southern Lapwing,Vanellus chilensis,test
train_audio/soulap1/XC374154.ogg,XC374154.ogg,soulap1,Southern Lapwing,Vanellus chilensis,test
train_audio/soulap1/XC384482.ogg,XC384482.ogg,soulap1,Southern Lapwing,Vanellus chilensis,test
train_audio/soulap1/XC705508.ogg,XC705508.ogg,soulap1,Southern Lapwing,Vanellus chilensis,test
train_audio/soulap1/iNat565414.ogg,iNat565414.ogg,soulap1,Southern Lapwing,Vanellus chilensis,test
train_audio/soulap1/XC17218.ogg,XC17218.ogg,soulap1,Southern Lapwing,Vanellus chilensis,test
train_audio/soulap1/iNat139566.ogg,iNat139566.ogg,soulap1,Southern Lapwing,Vanellus chilensis,test
train_audio/soulap1/iNat727711.ogg,iNat727711.ogg,soulap1,Southern Lapwing,Vanellus chilensis,test
train_audio/soulap1/iNat1495220.ogg,iNat1495220.ogg,soulap1,Southern Lapwing,Vanellus chilensis,test
train_audio/soulap1/XC147195.ogg,XC147195.ogg,soulap1,Southern Lapwing,Vanellus chilensis,test
train_audio/soulap1/iNat871547.ogg,iNat871547.ogg,soulap1,Southern Lapwing,Vanellus chilensis,test
train_audio/soulap1/XC506875.ogg,XC506875.ogg,soulap1,Southern Lapwing,Vanellus chilensis,test
train_audio/soulap1/iNat1250269.ogg,iNat1250269.ogg,soulap1,Southern Lapwing,Vanellus chilensis,test
train_audio/soulap1/XC66032.ogg,XC66032.ogg,soulap1,Southern Lapwing,Vanellus chilensis,test
train_audio/soulap1/iNat486977.ogg,iNat486977.ogg,soulap1,Southern Lapwing,Vanellus chilensis,test
train_audio/soulap1/XC353317.ogg,XC353317.ogg,soulap1,Southern Lapwing,Vanellus chilensis,test
train_audio/soulap1/iNat648243.ogg,iNat648243.ogg,soulap1,Southern Lapwing,Vanellus chilensis,test
train_audio/soulap1/XC745200.ogg,XC745200.ogg,soulap1,Southern Lapwing,Vanellus chilensis,test
train_audio/soulap1/iNat674900.ogg,iNat674900.ogg,soulap1,Southern Lapwing,Vanellus chilensis,test
train_audio/soulap1/iNat142359.ogg,iNat142359.ogg,soulap1,Southern Lapwing,Vanellus chilensis,test
train_audio/soulap1/iNat728225.ogg,iNat728225.ogg,soulap1,Southern Lapwing,Vanellus chilensis,test
train_audio/soulap1/XC928580.ogg,XC928580.ogg,soulap1,Southern Lapwing,Vanellus chilensis,test
train_audio/soulap1/XC974249.ogg,XC974249.ogg,soulap1,Southern Lapwing,Vanellus chilensis,test
train_audio/soulap1/iNat616671.ogg,iNat616671.ogg,soulap1,Southern Lapwing,Vanellus chilensis,test
train_audio/soulap1/XC549503.ogg,XC549503.ogg,soulap1,Southern Lapwing,Vanellus chilensis,test
train_audio/soulap1/iNat281055.ogg,iNat281055.ogg,soulap1,Southern Lapwing,Vanellus chilensis,test
train_audio/soulap1/iNat1594911.ogg,iNat1594911.ogg,soulap1,Southern Lapwing,Vanellus chilensis,test
train_audio/soulap1/XC856411.ogg,XC856411.ogg,soulap1,Southern Lapwing,Vanellus chilensis,test
train_audio/soulap1/iNat635151.ogg,iNat635151.ogg,soulap1,Southern Lapwing,Vanellus chilensis,test
train_audio/soulap1/XC946287.ogg,XC946287.ogg,soulap1,Southern Lapwing,Vanellus chilensis,test
train_audio/soulap1/XC459676.ogg,XC459676.ogg,soulap1,Southern Lapwing,Vanellus chilensis,test
train_audio/soulap1/iNat1611583.ogg,iNat1611583.ogg,soulap1,Southern Lapwing,Vanellus chilensis,test
train_audio/soulap1/XC647612.ogg,XC647612.ogg,soulap1,Southern Lapwing,Vanellus chilensis,test
train_audio/soulap1/XC546406.ogg,XC546406.ogg,soulap1,Southern Lapwing,Vanellus chilensis,test
train_audio/soulap1/iNat1138129.ogg,iNat1138129.ogg,soulap1,Southern Lapwing,Vanellus chilensis,test
train_audio/soulap1/XC800390.ogg,XC800390.ogg,soulap1,Southern Lapwing,Vanellus chilensis,test
train_audio/soulap1/XC660374.ogg,XC660374.ogg,soulap1,Southern Lapwing,Vanellus chilensis,test
train_audio/soulap1/iNat516163.ogg,iNat516163.ogg,soulap1,Southern Lapwing,Vanellus chilensis,test
train_audio/soulap1/XC317796.ogg,XC317796.ogg,soulap1,Southern Lapwing,Vanellus chilensis,test
train_audio/soulap1/iNat869426.ogg,iNat869426.ogg,soulap1,Southern Lapwing,Vanellus chilensis,test
train_audio/soulap1/iNat287348.ogg,iNat287348.ogg,soulap1,Southern Lapwing,Vanellus chilensis,test
train_audio/soulap1/iNat818001.ogg,iNat818001.ogg,soulap1,Southern Lapwing,Vanellus chilensis,test
train_audio/soulap1/XC959661.ogg,XC959661.ogg,soulap1,Southern Lapwing,Vanellus chilensis,test
train_audio/soulap1/XC462571.ogg,XC462571.ogg,soulap1,Southern Lapwing,Vanellus chilensis,test
train_audio/soulap1/XC412737.ogg,XC412737.ogg,soulap1,Southern Lapwing,Vanellus chilensis,test
train_audio/soulap1/XC481876.ogg,XC481876.ogg,soulap1,Southern Lapwing,Vanellus chilensis,test
train_audio/soulap1/iNat190682.ogg,iNat190682.ogg,soulap1,Southern Lapwing,Vanellus chilensis,test
train_audio/soulap1/XC216146.ogg,XC216146.ogg,soulap1,Southern Lapwing,Vanellus chilensis,test
train_audio/soulap1/iNat1199123.ogg,iNat1199123.ogg,soulap1,Southern Lapwing,Vanellus chilensis,test
train_audio/soulap1/XC347764.ogg,XC347764.ogg,soulap1,Southern Lapwing,Vanellus chilensis,test
train_audio/soulap1/XC1067733.ogg,XC1067733.ogg,soulap1,Southern Lapwing,Vanellus chilensis,test
train_audio/soulap1/iNat325332.ogg,iNat325332.ogg,soulap1,Southern Lapwing,Vanellus chilensis,test
train_audio/soulap1/iNat282059.ogg,iNat282059.ogg,soulap1,Southern Lapwing,Vanellus chilensis,test
train_audio/soulap1/iNat1422064.ogg,iNat1422064.ogg,soulap1,Southern Lapwing,Vanellus chilensis,test
train_audio/soulap1/iNat1204518.ogg,iNat1204518.ogg,soulap1,Southern Lapwing,Vanellus chilensis,test
train_audio/soulap1/iNat1206201.ogg,iNat1206201.ogg,soulap1,Southern Lapwing,Vanellus chilensis,test
train_audio/soulap1/iNat835910.ogg,iNat835910.ogg,soulap1,Southern Lapwing,Vanellus chilensis,test
train_audio/soulap1/XC318715.ogg,XC318715.ogg,soulap1,Southern Lapwing,Vanellus chilensis,test
train_audio/soulap1/iNat1408835.ogg,iNat1408835.ogg,soulap1,Southern Lapwing,Vanellus chilensis,test
train_audio/soulap1/XC16003.ogg,XC16003.ogg,soulap1,Southern Lapwing,Vanellus chilensis,test
train_audio/soulap1/XC837717.ogg,XC837717.ogg,soulap1,Southern Lapwing,Vanellus chilensis,test
train_audio/soulap1/XC991814.ogg,XC991814.ogg,soulap1,Southern Lapwing,Vanellus chilensis,test
train_audio/soulap1/XC438169.ogg,XC438169.ogg,soulap1,Southern Lapwing,Vanellus chilensis,test
train_audio/soulap1/iNat1434604.ogg,iNat1434604.ogg,soulap1,Southern Lapwing,Vanellus chilensis,test
train_audio/soulap1/XC51500.ogg,XC51500.ogg,soulap1,Southern Lapwing,Vanellus chilensis,test
train_audio/soulap1/iNat1544856.ogg,iNat1544856.ogg,soulap1,Southern Lapwing,Vanellus chilensis,test
train_audio/soulap1/iNat307134.ogg,iNat307134.ogg,soulap1,Southern Lapwing,Vanellus chilensis,test
train_audio/soulap1/iNat371116.ogg,iNat371116.ogg,soulap1,Southern Lapwing,Vanellus chilensis,test
train_audio/soulap1/iNat514340.ogg,iNat514340.ogg,soulap1,Southern Lapwing,Vanellus chilensis,test
train_audio/soulap1/XC524131.ogg,XC524131.ogg,soulap1,Southern Lapwing,Vanellus chilensis,test
train_audio/soulap1/iNat1195534.ogg,iNat1195534.ogg,soulap1,Southern Lapwing,Vanellus chilensis,test
train_audio/soulap1/iNat1467900.ogg,iNat1467900.ogg,soulap1,Southern Lapwing,Vanellus chilensis,test
train_audio/soulap1/XC393398.ogg,XC393398.ogg,soulap1,Southern Lapwing,Vanellus chilensis,test
train_audio/houspa/iNat1561597.ogg,iNat1561597.ogg,houspa,House Sparrow,Passer domesticus,train
train_audio/houspa/XC897181.ogg,XC897181.ogg,houspa,House Sparrow,Passer domesticus,train
train_audio/houspa/iNat1250706.ogg,iNat1250706.ogg,houspa,House Sparrow,Passer domesticus,train
train_audio/houspa/iNat81609.ogg,iNat81609.ogg,houspa,House Sparrow,Passer domesticus,train
train_audio/houspa/iNat1281103.ogg,iNat1281103.ogg,houspa,House Sparrow,Passer domesticus,train
train_audio/houspa/iNat363549.ogg,iNat363549.ogg,houspa,House Sparrow,Passer domesticus,train
train_audio/houspa/XC328157.ogg,XC328157.ogg,houspa,House Sparrow,Passer domesticus,train
train_audio/houspa/iNat258237.ogg,iNat258237.ogg,houspa,House Sparrow,Passer domesticus,train
train_audio/houspa/XC326991.ogg,XC326991.ogg,houspa,House Sparrow,Passer domesticus,train
train_audio/houspa/iNat946064.ogg,iNat946064.ogg,houspa,House Sparrow,Passer domesticus,train
train_audio/houspa/iNat679089.ogg,iNat679089.ogg,houspa,House Sparrow,Passer domesticus,train
train_audio/houspa/XC380900.ogg,XC380900.ogg,houspa,House Sparrow,Passer domesticus,train
train_audio/houspa/iNat756667.ogg,iNat756667.ogg,houspa,House Sparrow,Passer domesticus,train
train_audio/houspa/XC178337.ogg,XC178337.ogg,houspa,House Sparrow,Passer domesticus,train
train_audio/houspa/iNat777071.ogg,iNat777071.ogg,houspa,House Sparrow,Passer domesticus,train
train_audio/houspa/iNat1299614.ogg,iNat1299614.ogg,houspa,House Sparrow,Passer domesticus,train
train_audio/houspa/iNat416892.ogg,iNat416892.ogg,houspa,House Sparrow,Passer domesticus,train
train_audio/houspa/iNat593136.ogg,iNat593136.ogg,houspa,House Sparrow,Passer domesticus,train
train_audio/houspa/iNat1395843.ogg,iNat1395843.ogg,houspa,House Sparrow,Passer domesticus,train
train_audio/houspa/XC872101.ogg,XC872101.ogg,houspa,House Sparrow,Passer domesticus,train
train_audio/houspa/iNat822894.ogg,iNat822894.ogg,houspa,House Sparrow,Passer domesticus,train
train_audio/houspa/iNat1441429.ogg,iNat1441429.ogg,houspa,House Sparrow,Passer domesticus,train
train_audio/houspa/XC530698.ogg,XC530698.ogg,houspa,House Sparrow,Passer domesticus,train
train_audio/houspa/iNat206180.ogg,iNat206180.ogg,houspa,House Sparrow,Passer domesticus,train
train_audio/houspa/iNat1017375.ogg,iNat1017375.ogg,houspa,House Sparrow,Passer domesticus,train
train_audio/houspa/iNat1322829.ogg,iNat1322829.ogg,houspa,House Sparrow,Passer domesticus,train
train_audio/houspa/XC806714.ogg,XC806714.ogg,houspa,House Sparrow,Passer domesticus,train
train_audio/houspa/XC657599.ogg,XC657599.ogg,houspa,House Sparrow,Passer domesticus,train
train_audio/houspa/iNat343416.ogg,iNat343416.ogg,houspa,House Sparrow,Passer domesticus,train
train_audio/houspa/iNat364859.ogg,iNat364859.ogg,houspa,House Sparrow,Passer domesticus,train
train_audio/houspa/iNat1732671.ogg,iNat1732671.ogg,houspa,House Sparrow,Passer domesticus,train
train_audio/houspa/iNat1731791.ogg,iNat1731791.ogg,houspa,House Sparrow,Passer domesticus,train
train_audio/houspa/iNat408728.ogg,iNat408728.ogg,houspa,House Sparrow,Passer domesticus,train
train_audio/houspa/iNat1226715.ogg,iNat1226715.ogg,houspa,House Sparrow,Passer domesticus,train
train_audio/houspa/iNat1406050.ogg,iNat1406050.ogg,houspa,House Sparrow,Passer domesticus,train
train_audio/houspa/iNat1074542.ogg,iNat1074542.ogg,houspa,House Sparrow,Passer domesticus,train
train_audio/houspa/iNat944927.ogg,iNat944927.ogg,houspa,House Sparrow,Passer domesticus,train
train_audio/houspa/iNat721674.ogg,iNat721674.ogg,houspa,House Sparrow,Passer domesticus,train
train_audio/houspa/iNat1542445.ogg,iNat1542445.ogg,houspa,House Sparrow,Passer domesticus,train
train_audio/houspa/XC644556.ogg,XC644556.ogg,houspa,House Sparrow,Passer domesticus,train
train_audio/houspa/iNat498478.ogg,iNat498478.ogg,houspa,House Sparrow,Passer domesticus,train
train_audio/houspa/iNat394290.ogg,iNat394290.ogg,houspa,House Sparrow,Passer domesticus,train
train_audio/houspa/iNat1714563.ogg,iNat1714563.ogg,houspa,House Sparrow,Passer domesticus,train
train_audio/houspa/iNat215881.ogg,iNat215881.ogg,houspa,House Sparrow,Passer domesticus,train
train_audio/houspa/iNat926159.ogg,iNat926159.ogg,houspa,House Sparrow,Passer domesticus,train
train_audio/houspa/iNat228148.ogg,iNat228148.ogg,houspa,House Sparrow,Passer domesticus,train
train_audio/houspa/iNat353132.ogg,iNat353132.ogg,houspa,House Sparrow,Passer domesticus,train
train_audio/houspa/iNat1593763.ogg,iNat1593763.ogg,houspa,House Sparrow,Passer domesticus,train
train_audio/houspa/iNat1335844.ogg,iNat1335844.ogg,houspa,House Sparrow,Passer domesticus,train
train_audio/houspa/XC575359.ogg,XC575359.ogg,houspa,House Sparrow,Passer domesticus,train
train_audio/houspa/XC260309.ogg,XC260309.ogg,houspa,House Sparrow,Passer domesticus,train
train_audio/houspa/iNat1397767.ogg,iNat1397767.ogg,houspa,House Sparrow,Passer domesticus,train
train_audio/houspa/XC557351.ogg,XC557351.ogg,houspa,House Sparrow,Passer domesticus,train
train_audio/houspa/XC699741.ogg,XC699741.ogg,houspa,House Sparrow,Passer domesticus,train
train_audio/houspa/iNat1270979.ogg,iNat1270979.ogg,houspa,House Sparrow,Passer domesticus,train
train_audio/houspa/iNat886834.ogg,iNat886834.ogg,houspa,House Sparrow,Passer domesticus,train
train_audio/houspa/iNat665592.ogg,iNat665592.ogg,houspa,House Sparrow,Passer domesticus,train
train_audio/houspa/iNat1727795.ogg,iNat1727795.ogg,houspa,House Sparrow,Passer domesticus,train
train_audio/houspa/iNat363405.ogg,iNat363405.ogg,houspa,House Sparrow,Passer domesticus,train
train_audio/houspa/XC641472.ogg,XC641472.ogg,houspa,House Sparrow,Passer domesticus,train
train_audio/houspa/iNat1651003.ogg,iNat1651003.ogg,houspa,House Sparrow,Passer domesticus,train
train_audio/houspa/iNat1390274.ogg,iNat1390274.ogg,houspa,House Sparrow,Passer domesticus,train
train_audio/houspa/iNat1195827.ogg,iNat1195827.ogg,houspa,House Sparrow,Passer domesticus,train
train_audio/houspa/XC288403.ogg,XC288403.ogg,houspa,House Sparrow,Passer domesticus,train
train_audio/houspa/iNat1014644.ogg,iNat1014644.ogg,houspa,House Sparrow,Passer domesticus,train
train_audio/houspa/iNat1395654.ogg,iNat1395654.ogg,houspa,House Sparrow,Passer domesticus,train
train_audio/houspa/XC837396.ogg,XC837396.ogg,houspa,House Sparrow,Passer domesticus,train
train_audio/houspa/iNat1398713.ogg,iNat1398713.ogg,houspa,House Sparrow,Passer domesticus,train
train_audio/houspa/XC815532.ogg,XC815532.ogg,houspa,House Sparrow,Passer domesticus,train
train_audio/houspa/iNat17435.ogg,iNat17435.ogg,houspa,House Sparrow,Passer domesticus,train
train_audio/houspa/iNat1577290.ogg,iNat1577290.ogg,houspa,House Sparrow,Passer domesticus,train
train_audio/houspa/iNat406165.ogg,iNat406165.ogg,houspa,House Sparrow,Passer domesticus,train
train_audio/houspa/iNat264265.ogg,iNat264265.ogg,houspa,House Sparrow,Passer domesticus,train
train_audio/houspa/iNat1736632.ogg,iNat1736632.ogg,houspa,House Sparrow,Passer domesticus,train
train_audio/houspa/iNat28545.ogg,iNat28545.ogg,houspa,House Sparrow,Passer domesticus,train
train_audio/houspa/iNat505594.ogg,iNat505594.ogg,houspa,House Sparrow,Passer domesticus,train
train_audio/houspa/iNat853052.ogg,iNat853052.ogg,houspa,House Sparrow,Passer domesticus,train
train_audio/houspa/iNat376538.ogg,iNat376538.ogg,houspa,House Sparrow,Passer domesticus,train
train_audio/houspa/iNat300573.ogg,iNat300573.ogg,houspa,House Sparrow,Passer domesticus,train
train_audio/houspa/iNat1025601.ogg,iNat1025601.ogg,houspa,House Sparrow,Passer domesticus,train
train_audio/houspa/iNat1016528.ogg,iNat1016528.ogg,houspa,House Sparrow,Passer domesticus,train
train_audio/houspa/iNat593995.ogg,iNat593995.ogg,houspa,House Sparrow,Passer domesticus,train
train_audio/houspa/iNat935753.ogg,iNat935753.ogg,houspa,House Sparrow,Passer domesticus,train
train_audio/houspa/XC570608.ogg,XC570608.ogg,houspa,House Sparrow,Passer domesticus,train
train_audio/houspa/iNat139919.ogg,iNat139919.ogg,houspa,House Sparrow,Passer domesticus,train
train_audio/houspa/iNat899920.ogg,iNat899920.ogg,houspa,House Sparrow,Passer domesticus,train
train_audio/houspa/iNat1386572.ogg,iNat1386572.ogg,houspa,House Sparrow,Passer domesticus,train
train_audio/houspa/iNat678300.ogg,iNat678300.ogg,houspa,House Sparrow,Passer domesticus,train
train_audio/houspa/iNat1103012.ogg,iNat1103012.ogg,houspa,House Sparrow,Passer domesticus,train
train_audio/houspa/iNat1361215.ogg,iNat1361215.ogg,houspa,House Sparrow,Passer domesticus,train
train_audio/houspa/iNat385527.ogg,iNat385527.ogg,houspa,House Sparrow,Passer domesticus,train
train_audio/houspa/iNat911870.ogg,iNat911870.ogg,houspa,House Sparrow,Passer domesticus,train
train_audio/houspa/iNat973794.ogg,iNat973794.ogg,houspa,House Sparrow,Passer domesticus,train
train_audio/houspa/XC1047601.ogg,XC1047601.ogg,houspa,House Sparrow,Passer domesticus,train
train_audio/houspa/XC468309.ogg,XC468309.ogg,houspa,House Sparrow,Passer domesticus,train
train_audio/houspa/iNat629454.ogg,iNat629454.ogg,houspa,House Sparrow,Passer domesticus,train
train_audio/houspa/iNat635648.ogg,iNat635648.ogg,houspa,House Sparrow,Passer domesticus,train
train_audio/houspa/iNat1706189.ogg,iNat1706189.ogg,houspa,House Sparrow,Passer domesticus,train
train_audio/houspa/iNat420680.ogg,iNat420680.ogg,houspa,House Sparrow,Passer domesticus,train
train_audio/houspa/iNat995952.ogg,iNat995952.ogg,houspa,House Sparrow,Passer domesticus,train
train_audio/houspa/iNat254716.ogg,iNat254716.ogg,houspa,House Sparrow,Passer domesticus,train
train_audio/houspa/XC303329.ogg,XC303329.ogg,houspa,House Sparrow,Passer domesticus,train
train_audio/houspa/iNat1375555.ogg,iNat1375555.ogg,houspa,House Sparrow,Passer domesticus,train
train_audio/houspa/iNat790155.ogg,iNat790155.ogg,houspa,House Sparrow,Passer domesticus,train
train_audio/houspa/iNat386642.ogg,iNat386642.ogg,houspa,House Sparrow,Passer domesticus,train
train_audio/houspa/XC133262.ogg,XC133262.ogg,houspa,House Sparrow,Passer domesticus,train
train_audio/houspa/iNat1685367.ogg,iNat1685367.ogg,houspa,House Sparrow,Passer domesticus,train
train_audio/houspa/iNat732709.ogg,iNat732709.ogg,houspa,House Sparrow,Passer domesticus,train
train_audio/houspa/iNat1200090.ogg,iNat1200090.ogg,houspa,House Sparrow,Passer domesticus,train
train_audio/houspa/iNat431402.ogg,iNat431402.ogg,houspa,House Sparrow,Passer domesticus,train
train_audio/houspa/iNat1321375.ogg,iNat1321375.ogg,houspa,House Sparrow,Passer domesticus,train
train_audio/houspa/iNat1430160.ogg,iNat1430160.ogg,houspa,House Sparrow,Passer domesticus,train
train_audio/houspa/iNat903559.ogg,iNat903559.ogg,houspa,House Sparrow,Passer domesticus,train
train_audio/houspa/iNat501819.ogg,iNat501819.ogg,houspa,House Sparrow,Passer domesticus,train
train_audio/houspa/iNat552637.ogg,iNat552637.ogg,houspa,House Sparrow,Passer domesticus,train
train_audio/houspa/iNat1721096.ogg,iNat1721096.ogg,houspa,House Sparrow,Passer domesticus,train
train_audio/houspa/iNat1135883.ogg,iNat1135883.ogg,houspa,House Sparrow,Passer domesticus,train
train_audio/houspa/iNat469391.ogg,iNat469391.ogg,houspa,House Sparrow,Passer domesticus,train
train_audio/houspa/iNat1018099.ogg,iNat1018099.ogg,houspa,House Sparrow,Passer domesticus,train
train_audio/houspa/iNat582949.ogg,iNat582949.ogg,houspa,House Sparrow,Passer domesticus,train
train_audio/houspa/XC846054.ogg,XC846054.ogg,houspa,House Sparrow,Passer domesticus,train
train_audio/houspa/iNat425592.ogg,iNat425592.ogg,houspa,House Sparrow,Passer domesticus,train
train_audio/houspa/iNat753039.ogg,iNat753039.ogg,houspa,House Sparrow,Passer domesticus,train
train_audio/houspa/iNat955128.ogg,iNat955128.ogg,houspa,House Sparrow,Passer domesticus,train
train_audio/houspa/iNat672437.ogg,iNat672437.ogg,houspa,House Sparrow,Passer domesticus,train
train_audio/houspa/iNat405806.ogg,iNat405806.ogg,houspa,House Sparrow,Passer domesticus,train
train_audio/houspa/iNat1318273.ogg,iNat1318273.ogg,houspa,House Sparrow,Passer domesticus,train
train_audio/houspa/iNat1586869.ogg,iNat1586869.ogg,houspa,House Sparrow,Passer domesticus,train
train_audio/houspa/iNat946482.ogg,iNat946482.ogg,houspa,House Sparrow,Passer domesticus,train
train_audio/houspa/iNat1660647.ogg,iNat1660647.ogg,houspa,House Sparrow,Passer domesticus,train
train_audio/houspa/iNat1006127.ogg,iNat1006127.ogg,houspa,House Sparrow,Passer domesticus,train
train_audio/houspa/iNat1067784.ogg,iNat1067784.ogg,houspa,House Sparrow,Passer domesticus,train
train_audio/houspa/iNat1642031.ogg,iNat1642031.ogg,houspa,House Sparrow,Passer domesticus,train
train_audio/houspa/iNat577705.ogg,iNat577705.ogg,houspa,House Sparrow,Passer domesticus,train
train_audio/houspa/iNat1359551.ogg,iNat1359551.ogg,houspa,House Sparrow,Passer domesticus,train
train_audio/houspa/iNat710236.ogg,iNat710236.ogg,houspa,House Sparrow,Passer domesticus,train
train_audio/houspa/iNat75283.ogg,iNat75283.ogg,houspa,House Sparrow,Passer domesticus,train
train_audio/houspa/XC582298.ogg,XC582298.ogg,houspa,House Sparrow,Passer domesticus,train
train_audio/houspa/XC469947.ogg,XC469947.ogg,houspa,House Sparrow,Passer domesticus,train
train_audio/houspa/iNat251864.ogg,iNat251864.ogg,houspa,House Sparrow,Passer domesticus,train
train_audio/houspa/XC696748.ogg,XC696748.ogg,houspa,House Sparrow,Passer domesticus,train
train_audio/houspa/iNat1316764.ogg,iNat1316764.ogg,houspa,House Sparrow,Passer domesticus,train
train_audio/houspa/iNat502634.ogg,iNat502634.ogg,houspa,House Sparrow,Passer domesticus,train
train_audio/houspa/iNat1593817.ogg,iNat1593817.ogg,houspa,House Sparrow,Passer domesticus,train
train_audio/houspa/iNat1660798.ogg,iNat1660798.ogg,houspa,House Sparrow,Passer domesticus,train
train_audio/houspa/XC322518.ogg,XC322518.ogg,houspa,House Sparrow,Passer domesticus,train
train_audio/houspa/iNat926899.ogg,iNat926899.ogg,houspa,House Sparrow,Passer domesticus,train
train_audio/houspa/iNat590161.ogg,iNat590161.ogg,houspa,House Sparrow,Passer domesticus,train
train_audio/houspa/iNat467043.ogg,iNat467043.ogg,houspa,House Sparrow,Passer domesticus,train
train_audio/houspa/iNat1666148.ogg,iNat1666148.ogg,houspa,House Sparrow,Passer domesticus,train
train_audio/houspa/iNat578533.ogg,iNat578533.ogg,houspa,House Sparrow,Passer domesticus,train
train_audio/houspa/XC701363.ogg,XC701363.ogg,houspa,House Sparrow,Passer domesticus,train
train_audio/houspa/iNat882158.ogg,iNat882158.ogg,houspa,House Sparrow,Passer domesticus,train
train_audio/houspa/iNat1718002.ogg,iNat1718002.ogg,houspa,House Sparrow,Passer domesticus,train
train_audio/houspa/iNat75330.ogg,iNat75330.ogg,houspa,House Sparrow,Passer domesticus,train
train_audio/houspa/iNat1058900.ogg,iNat1058900.ogg,houspa,House Sparrow,Passer domesticus,train
train_audio/houspa/XC620829.ogg,XC620829.ogg,houspa,House Sparrow,Passer domesticus,train
train_audio/houspa/iNat1073919.ogg,iNat1073919.ogg,houspa,House Sparrow,Passer domesticus,train
train_audio/houspa/iNat1583013.ogg,iNat1583013.ogg,houspa,House Sparrow,Passer domesticus,train
train_audio/houspa/iNat485837.ogg,iNat485837.ogg,houspa,House Sparrow,Passer domesticus,train
train_audio/houspa/iNat678425.ogg,iNat678425.ogg,houspa,House Sparrow,Passer domesticus,train
train_audio/houspa/iNat649339.ogg,iNat649339.ogg,houspa,House Sparrow,Passer domesticus,train
train_audio/houspa/XC756095.ogg,XC756095.ogg,houspa,House Sparrow,Passer domesticus,train
train_audio/houspa/iNat925162.ogg,iNat925162.ogg,houspa,House Sparrow,Passer domesticus,train
train_audio/houspa/iNat1680712.ogg,iNat1680712.ogg,houspa,House Sparrow,Passer domesticus,train
train_audio/houspa/iNat348673.ogg,iNat348673.ogg,houspa,House Sparrow,Passer domesticus,train
train_audio/houspa/iNat517610.ogg,iNat517610.ogg,houspa,House Sparrow,Passer domesticus,train
train_audio/houspa/iNat80479.ogg,iNat80479.ogg,houspa,House Sparrow,Passer domesticus,train
train_audio/houspa/iNat287960.ogg,iNat287960.ogg,houspa,House Sparrow,Passer domesticus,train
train_audio/houspa/iNat34444.ogg,iNat34444.ogg,houspa,House Sparrow,Passer domesticus,train
train_audio/houspa/XC697261.ogg,XC697261.ogg,houspa,House Sparrow,Passer domesticus,train
train_audio/houspa/iNat1055234.ogg,iNat1055234.ogg,houspa,House Sparrow,Passer domesticus,train
train_audio/houspa/iNat1282035.ogg,iNat1282035.ogg,houspa,House Sparrow,Passer domesticus,train
train_audio/houspa/iNat1358970.ogg,iNat1358970.ogg,houspa,House Sparrow,Passer domesticus,train
train_audio/houspa/XC709860.ogg,XC709860.ogg,houspa,House Sparrow,Passer domesticus,train
train_audio/houspa/iNat1202458.ogg,iNat1202458.ogg,houspa,House Sparrow,Passer domesticus,train
train_audio/houspa/iNat341883.ogg,iNat341883.ogg,houspa,House Sparrow,Passer domesticus,train
train_audio/houspa/XC807192.ogg,XC807192.ogg,houspa,House Sparrow,Passer domesticus,train
train_audio/houspa/XC775840.ogg,XC775840.ogg,houspa,House Sparrow,Passer domesticus,train
train_audio/houspa/iNat243329.ogg,iNat243329.ogg,houspa,House Sparrow,Passer domesticus,train
train_audio/houspa/iNat366298.ogg,iNat366298.ogg,houspa,House Sparrow,Passer domesticus,train
train_audio/houspa/iNat943590.ogg,iNat943590.ogg,houspa,House Sparrow,Passer domesticus,train
train_audio/houspa/XC418161.ogg,XC418161.ogg,houspa,House Sparrow,Passer domesticus,train
train_audio/houspa/iNat1317322.ogg,iNat1317322.ogg,houspa,House Sparrow,Passer domesticus,train
train_audio/houspa/iNat1406027.ogg,iNat1406027.ogg,houspa,House Sparrow,Passer domesticus,train
train_audio/houspa/iNat957832.ogg,iNat957832.ogg,houspa,House Sparrow,Passer domesticus,train
train_audio/houspa/iNat1399709.ogg,iNat1399709.ogg,houspa,House Sparrow,Passer domesticus,train
train_audio/houspa/XC122553.ogg,XC122553.ogg,houspa,House Sparrow,Passer domesticus,train
train_audio/houspa/iNat813622.ogg,iNat813622.ogg,houspa,House Sparrow,Passer domesticus,train
train_audio/houspa/XC723747.ogg,XC723747.ogg,houspa,House Sparrow,Passer domesticus,train
train_audio/houspa/iNat909414.ogg,iNat909414.ogg,houspa,House Sparrow,Passer domesticus,train
train_audio/houspa/iNat679030.ogg,iNat679030.ogg,houspa,House Sparrow,Passer domesticus,train
train_audio/houspa/iNat511951.ogg,iNat511951.ogg,houspa,House Sparrow,Passer domesticus,train
train_audio/houspa/iNat678284.ogg,iNat678284.ogg,houspa,House Sparrow,Passer domesticus,train
train_audio/houspa/iNat1229839.ogg,iNat1229839.ogg,houspa,House Sparrow,Passer domesticus,train
train_audio/houspa/iNat1301690.ogg,iNat1301690.ogg,houspa,House Sparrow,Passer domesticus,train
train_audio/houspa/iNat328516.ogg,iNat328516.ogg,houspa,House Sparrow,Passer domesticus,train
train_audio/houspa/XC431685.ogg,XC431685.ogg,houspa,House Sparrow,Passer domesticus,train
train_audio/houspa/iNat849843.ogg,iNat849843.ogg,houspa,House Sparrow,Passer domesticus,train
train_audio/houspa/iNat50845.ogg,iNat50845.ogg,houspa,House Sparrow,Passer domesticus,train
train_audio/houspa/iNat989541.ogg,iNat989541.ogg,houspa,House Sparrow,Passer domesticus,train
train_audio/houspa/XC977863.ogg,XC977863.ogg,houspa,House Sparrow,Passer domesticus,train
train_audio/houspa/iNat412789.ogg,iNat412789.ogg,houspa,House Sparrow,Passer domesticus,train
train_audio/houspa/XC956837.ogg,XC956837.ogg,houspa,House Sparrow,Passer domesticus,train
train_audio/houspa/iNat1503016.ogg,iNat1503016.ogg,houspa,House Sparrow,Passer domesticus,train
train_audio/houspa/iNat107092.ogg,iNat107092.ogg,houspa,House Sparrow,Passer domesticus,train
train_audio/houspa/XC527399.ogg,XC527399.ogg,houspa,House Sparrow,Passer domesticus,train
train_audio/houspa/iNat1532478.ogg,iNat1532478.ogg,houspa,House Sparrow,Passer domesticus,train
train_audio/houspa/XC449167.ogg,XC449167.ogg,houspa,House Sparrow,Passer domesticus,train
train_audio/houspa/XC901050.ogg,XC901050.ogg,houspa,House Sparrow,Passer domesticus,train
train_audio/houspa/iNat901985.ogg,iNat901985.ogg,houspa,House Sparrow,Passer domesticus,train
train_audio/houspa/iNat675508.ogg,iNat675508.ogg,houspa,House Sparrow,Passer domesticus,train
train_audio/houspa/XC951117.ogg,XC951117.ogg,houspa,House Sparrow,Passer domesticus,train
train_audio/houspa/iNat970291.ogg,iNat970291.ogg,houspa,House Sparrow,Passer domesticus,train
train_audio/houspa/iNat455225.ogg,iNat455225.ogg,houspa,House Sparrow,Passer domesticus,train
train_audio/houspa/XC583066.ogg,XC583066.ogg,houspa,House Sparrow,Passer domesticus,train
train_audio/houspa/XC544305.ogg,XC544305.ogg,houspa,House Sparrow,Passer domesticus,train
train_audio/houspa/iNat1109081.ogg,iNat1109081.ogg,houspa,House Sparrow,Passer domesticus,train
train_audio/houspa/iNat628297.ogg,iNat628297.ogg,houspa,House Sparrow,Passer domesticus,train
train_audio/houspa/iNat1376988.ogg,iNat1376988.ogg,houspa,House Sparrow,Passer domesticus,train
train_audio/houspa/iNat422148.ogg,iNat422148.ogg,houspa,House Sparrow,Passer domesticus,train
train_audio/houspa/iNat1417357.ogg,iNat1417357.ogg,houspa,House Sparrow,Passer domesticus,train
train_audio/houspa/XC819764.ogg,XC819764.ogg,houspa,House Sparrow,Passer domesticus,train
train_audio/houspa/iNat1099914.ogg,iNat1099914.ogg,houspa,House Sparrow,Passer domesticus,train
train_audio/houspa/iNat712654.ogg,iNat712654.ogg,houspa,House Sparrow,Passer domesticus,train
train_audio/houspa/iNat19684.ogg,iNat19684.ogg,houspa,House Sparrow,Passer domesticus,train
train_audio/houspa/XC641189.ogg,XC641189.ogg,houspa,House Sparrow,Passer domesticus,train
train_audio/houspa/XC801548.ogg,XC801548.ogg,houspa,House Sparrow,Passer domesticus,train
train_audio/houspa/XC345826.ogg,XC345826.ogg,houspa,House Sparrow,Passer domesticus,train
train_audio/houspa/iNat409684.ogg,iNat409684.ogg,houspa,House Sparrow,Passer domesticus,train
train_audio/houspa/XC679872.ogg,XC679872.ogg,houspa,House Sparrow,Passer domesticus,train
train_audio/houspa/iNat1421926.ogg,iNat1421926.ogg,houspa,House Sparrow,Passer domesticus,train
train_audio/houspa/iNat660889.ogg,iNat660889.ogg,houspa,House Sparrow,Passer domesticus,train
train_audio/houspa/iNat1391244.ogg,iNat1391244.ogg,houspa,House Sparrow,Passer domesticus,train
train_audio/houspa/XC643517.ogg,XC643517.ogg,houspa,House Sparrow,Passer domesticus,train
train_audio/houspa/iNat199904.ogg,iNat199904.ogg,houspa,House Sparrow,Passer domesticus,train
train_audio/houspa/iNat444773.ogg,iNat444773.ogg,houspa,House Sparrow,Passer domesticus,train
train_audio/houspa/iNat907615.ogg,iNat907615.ogg,houspa,House Sparrow,Passer domesticus,train
train_audio/houspa/iNat1265070.ogg,iNat1265070.ogg,houspa,House Sparrow,Passer domesticus,train
train_audio/houspa/iNat1420975.ogg,iNat1420975.ogg,houspa,House Sparrow,Passer domesticus,train
train_audio/houspa/iNat360930.ogg,iNat360930.ogg,houspa,House Sparrow,Passer domesticus,train
train_audio/houspa/iNat491416.ogg,iNat491416.ogg,houspa,House Sparrow,Passer domesticus,train
train_audio/houspa/iNat346027.ogg,iNat346027.ogg,houspa,House Sparrow,Passer domesticus,train
train_audio/houspa/iNat1304457.ogg,iNat1304457.ogg,houspa,House Sparrow,Passer domesticus,train
train_audio/houspa/iNat768970.ogg,iNat768970.ogg,houspa,House Sparrow,Passer domesticus,train
train_audio/houspa/iNat1674743.ogg,iNat1674743.ogg,houspa,House Sparrow,Passer domesticus,train
train_audio/houspa/iNat1669952.ogg,iNat1669952.ogg,houspa,House Sparrow,Passer domesticus,train
train_audio/houspa/iNat415192.ogg,iNat415192.ogg,houspa,House Sparrow,Passer domesticus,train
train_audio/houspa/iNat876675.ogg,iNat876675.ogg,houspa,House Sparrow,Passer domesticus,train
train_audio/houspa/iNat702913.ogg,iNat702913.ogg,houspa,House Sparrow,Passer domesticus,train
train_audio/houspa/XC172822.ogg,XC172822.ogg,houspa,House Sparrow,Passer domesticus,train
train_audio/houspa/XC1070372.ogg,XC1070372.ogg,houspa,House Sparrow,Passer domesticus,train
train_audio/houspa/iNat754256.ogg,iNat754256.ogg,houspa,House Sparrow,Passer domesticus,train
train_audio/houspa/iNat1550627.ogg,iNat1550627.ogg,houspa,House Sparrow,Passer domesticus,train
train_audio/houspa/iNat207260.ogg,iNat207260.ogg,houspa,House Sparrow,Passer domesticus,train
train_audio/houspa/XC367473.ogg,XC367473.ogg,houspa,House Sparrow,Passer domesticus,train
train_audio/houspa/iNat1542595.ogg,iNat1542595.ogg,houspa,House Sparrow,Passer domesticus,train
train_audio/houspa/iNat578700.ogg,iNat578700.ogg,houspa,House Sparrow,Passer domesticus,train
train_audio/houspa/iNat200228.ogg,iNat200228.ogg,houspa,House Sparrow,Passer domesticus,train
train_audio/houspa/XC915596.ogg,XC915596.ogg,houspa,House Sparrow,Passer domesticus,train
train_audio/houspa/iNat1150859.ogg,iNat1150859.ogg,houspa,House Sparrow,Passer domesticus,train
train_audio/houspa/iNat590033.ogg,iNat590033.ogg,houspa,House Sparrow,Passer domesticus,train
train_audio/houspa/iNat1123600.ogg,iNat1123600.ogg,houspa,House Sparrow,Passer domesticus,train
train_audio/houspa/XC282806.ogg,XC282806.ogg,houspa,House Sparrow,Passer domesticus,train
train_audio/houspa/XC695471.ogg,XC695471.ogg,houspa,House Sparrow,Passer domesticus,train
train_audio/houspa/iNat990606.ogg,iNat990606.ogg,houspa,House Sparrow,Passer domesticus,train
train_audio/houspa/iNat981017.ogg,iNat981017.ogg,houspa,House Sparrow,Passer domesticus,train
train_audio/houspa/iNat1023463.ogg,iNat1023463.ogg,houspa,House Sparrow,Passer domesticus,train
train_audio/houspa/iNat209657.ogg,iNat209657.ogg,houspa,House Sparrow,Passer domesticus,train
train_audio/houspa/XC422728.ogg,XC422728.ogg,houspa,House Sparrow,Passer domesticus,train
train_audio/houspa/iNat1512573.ogg,iNat1512573.ogg,houspa,House Sparrow,Passer domesticus,train
train_audio/houspa/XC306629.ogg,XC306629.ogg,houspa,House Sparrow,Passer domesticus,train
train_audio/houspa/iNat1303881.ogg,iNat1303881.ogg,houspa,House Sparrow,Passer domesticus,train
train_audio/houspa/iNat429337.ogg,iNat429337.ogg,houspa,House Sparrow,Passer domesticus,train
train_audio/houspa/iNat581211.ogg,iNat581211.ogg,houspa,House Sparrow,Passer domesticus,train
train_audio/houspa/iNat414893.ogg,iNat414893.ogg,houspa,House Sparrow,Passer domesticus,train
train_audio/houspa/XC570011.ogg,XC570011.ogg,houspa,House Sparrow,Passer domesticus,train
train_audio/houspa/iNat997873.ogg,iNat997873.ogg,houspa,House Sparrow,Passer domesticus,train
train_audio/houspa/iNat1729310.ogg,iNat1729310.ogg,houspa,House Sparrow,Passer domesticus,train
train_audio/houspa/iNat1415480.ogg,iNat1415480.ogg,houspa,House Sparrow,Passer domesticus,train
train_audio/houspa/iNat723876.ogg,iNat723876.ogg,houspa,House Sparrow,Passer domesticus,train
train_audio/houspa/iNat951925.ogg,iNat951925.ogg,houspa,House Sparrow,Passer domesticus,train
train_audio/houspa/iNat894330.ogg,iNat894330.ogg,houspa,House Sparrow,Passer domesticus,train
train_audio/houspa/iNat872358.ogg,iNat872358.ogg,houspa,House Sparrow,Passer domesticus,train
train_audio/houspa/iNat943556.ogg,iNat943556.ogg,houspa,House Sparrow,Passer domesticus,train
train_audio/houspa/iNat137119.ogg,iNat137119.ogg,houspa,House Sparrow,Passer domesticus,train
train_audio/houspa/iNat637351.ogg,iNat637351.ogg,houspa,House Sparrow,Passer domesticus,train
train_audio/houspa/iNat487118.ogg,iNat487118.ogg,houspa,House Sparrow,Passer domesticus,train
train_audio/houspa/iNat1314723.ogg,iNat1314723.ogg,houspa,House Sparrow,Passer domesticus,train
train_audio/houspa/iNat1307600.ogg,iNat1307600.ogg,houspa,House Sparrow,Passer domesticus,train
train_audio/houspa/iNat613464.ogg,iNat613464.ogg,houspa,House Sparrow,Passer domesticus,train
train_audio/houspa/XC436308.ogg,XC436308.ogg,houspa,House Sparrow,Passer domesticus,train
train_audio/houspa/iNat505446.ogg,iNat505446.ogg,houspa,House Sparrow,Passer domesticus,train
train_audio/houspa/iNat1244468.ogg,iNat1244468.ogg,houspa,House Sparrow,Passer domesticus,train
train_audio/houspa/XC562066.ogg,XC562066.ogg,houspa,House Sparrow,Passer domesticus,train
train_audio/houspa/iNat962378.ogg,iNat962378.ogg,houspa,House Sparrow,Passer domesticus,train
train_audio/houspa/iNat1544454.ogg,iNat1544454.ogg,houspa,House Sparrow,Passer domesticus,train
train_audio/houspa/iNat1120741.ogg,iNat1120741.ogg,houspa,House Sparrow,Passer domesticus,train
train_audio/houspa/iNat1542958.ogg,iNat1542958.ogg,houspa,House Sparrow,Passer domesticus,train
train_audio/houspa/iNat1722740.ogg,iNat1722740.ogg,houspa,House Sparrow,Passer domesticus,train
train_audio/houspa/iNat915256.ogg,iNat915256.ogg,houspa,House Sparrow,Passer domesticus,train
train_audio/houspa/XC263859.ogg,XC263859.ogg,houspa,House Sparrow,Passer domesticus,train
train_audio/houspa/iNat1021998.ogg,iNat1021998.ogg,houspa,House Sparrow,Passer domesticus,train
train_audio/houspa/iNat505705.ogg,iNat505705.ogg,houspa,House Sparrow,Passer domesticus,train
train_audio/houspa/iNat182286.ogg,iNat182286.ogg,houspa,House Sparrow,Passer domesticus,train
train_audio/houspa/iNat1003848.ogg,iNat1003848.ogg,houspa,House Sparrow,Passer domesticus,train
train_audio/houspa/iNat609696.ogg,iNat609696.ogg,houspa,House Sparrow,Passer domesticus,train
train_audio/houspa/iNat628067.ogg,iNat628067.ogg,houspa,House Sparrow,Passer domesticus,train
train_audio/houspa/iNat1368338.ogg,iNat1368338.ogg,houspa,House Sparrow,Passer domesticus,train
train_audio/houspa/iNat31408.ogg,iNat31408.ogg,houspa,House Sparrow,Passer domesticus,train
train_audio/houspa/XC313075.ogg,XC313075.ogg,houspa,House Sparrow,Passer domesticus,train
train_audio/houspa/XC777636.ogg,XC777636.ogg,houspa,House Sparrow,Passer domesticus,train
train_audio/houspa/XC402128.ogg,XC402128.ogg,houspa,House Sparrow,Passer domesticus,train
train_audio/houspa/XC498493.ogg,XC498493.ogg,houspa,House Sparrow,Passer domesticus,train
train_audio/houspa/iNat1685373.ogg,iNat1685373.ogg,houspa,House Sparrow,Passer domesticus,train
train_audio/houspa/iNat1281858.ogg,iNat1281858.ogg,houspa,House Sparrow,Passer domesticus,train
train_audio/houspa/iNat568357.ogg,iNat568357.ogg,houspa,House Sparrow,Passer domesticus,train
train_audio/houspa/iNat1394536.ogg,iNat1394536.ogg,houspa,House Sparrow,Passer domesticus,train
train_audio/houspa/iNat552239.ogg,iNat552239.ogg,houspa,House Sparrow,Passer domesticus,train
train_audio/houspa/iNat930782.ogg,iNat930782.ogg,houspa,House Sparrow,Passer domesticus,train
train_audio/houspa/iNat1005246.ogg,iNat1005246.ogg,houspa,House Sparrow,Passer domesticus,train
train_audio/houspa/XC357671.ogg,XC357671.ogg,houspa,House Sparrow,Passer domesticus,train
train_audio/houspa/iNat1363165.ogg,iNat1363165.ogg,houspa,House Sparrow,Passer domesticus,train
train_audio/houspa/iNat411345.ogg,iNat411345.ogg,houspa,House Sparrow,Passer domesticus,val
train_audio/houspa/XC501187.ogg,XC501187.ogg,houspa,House Sparrow,Passer domesticus,val
train_audio/houspa/XC983499.ogg,XC983499.ogg,houspa,House Sparrow,Passer domesticus,val
train_audio/houspa/XC650350.ogg,XC650350.ogg,houspa,House Sparrow,Passer domesticus,val
train_audio/houspa/XC310563.ogg,XC310563.ogg,houspa,House Sparrow,Passer domesticus,val
train_audio/houspa/XC546263.ogg,XC546263.ogg,houspa,House Sparrow,Passer domesticus,val
train_audio/houspa/iNat1287161.ogg,iNat1287161.ogg,houspa,House Sparrow,Passer domesticus,val
train_audio/houspa/iNat1015815.ogg,iNat1015815.ogg,houspa,House Sparrow,Passer domesticus,val
train_audio/houspa/iNat648732.ogg,iNat648732.ogg,houspa,House Sparrow,Passer domesticus,val
train_audio/houspa/iNat1569993.ogg,iNat1569993.ogg,houspa,House Sparrow,Passer domesticus,val
train_audio/houspa/iNat606022.ogg,iNat606022.ogg,houspa,House Sparrow,Passer domesticus,val
train_audio/houspa/iNat464631.ogg,iNat464631.ogg,houspa,House Sparrow,Passer domesticus,val
train_audio/houspa/iNat893151.ogg,iNat893151.ogg,houspa,House Sparrow,Passer domesticus,val
train_audio/houspa/iNat339547.ogg,iNat339547.ogg,houspa,House Sparrow,Passer domesticus,val
train_audio/houspa/iNat343304.ogg,iNat343304.ogg,houspa,House Sparrow,Passer domesticus,val
train_audio/houspa/iNat1136280.ogg,iNat1136280.ogg,houspa,House Sparrow,Passer domesticus,val
train_audio/houspa/iNat714060.ogg,iNat714060.ogg,houspa,House Sparrow,Passer domesticus,val
train_audio/houspa/XC651792.ogg,XC651792.ogg,houspa,House Sparrow,Passer domesticus,val
train_audio/houspa/XC669835.ogg,XC669835.ogg,houspa,House Sparrow,Passer domesticus,val
train_audio/houspa/XC475444.ogg,XC475444.ogg,houspa,House Sparrow,Passer domesticus,val
train_audio/houspa/iNat1362082.ogg,iNat1362082.ogg,houspa,House Sparrow,Passer domesticus,val
train_audio/houspa/iNat1284719.ogg,iNat1284719.ogg,houspa,House Sparrow,Passer domesticus,val
train_audio/houspa/iNat1098320.ogg,iNat1098320.ogg,houspa,House Sparrow,Passer domesticus,val
train_audio/houspa/iNat125164.ogg,iNat125164.ogg,houspa,House Sparrow,Passer domesticus,val
train_audio/houspa/iNat509247.ogg,iNat509247.ogg,houspa,House Sparrow,Passer domesticus,val
train_audio/houspa/iNat57424.ogg,iNat57424.ogg,houspa,House Sparrow,Passer domesticus,val
train_audio/houspa/iNat1321989.ogg,iNat1321989.ogg,houspa,House Sparrow,Passer domesticus,val
train_audio/houspa/iNat991150.ogg,iNat991150.ogg,houspa,House Sparrow,Passer domesticus,val
train_audio/houspa/XC474814.ogg,XC474814.ogg,houspa,House Sparrow,Passer domesticus,val
train_audio/houspa/iNat354848.ogg,iNat354848.ogg,houspa,House Sparrow,Passer domesticus,val
train_audio/houspa/iNat682765.ogg,iNat682765.ogg,houspa,House Sparrow,Passer domesticus,val
train_audio/houspa/iNat406756.ogg,iNat406756.ogg,houspa,House Sparrow,Passer domesticus,val
train_audio/houspa/iNat70272.ogg,iNat70272.ogg,houspa,House Sparrow,Passer domesticus,val
train_audio/houspa/iNat161528.ogg,iNat161528.ogg,houspa,House Sparrow,Passer domesticus,val
train_audio/houspa/iNat625289.ogg,iNat625289.ogg,houspa,House Sparrow,Passer domesticus,val
train_audio/houspa/XC788183.ogg,XC788183.ogg,houspa,House Sparrow,Passer domesticus,val
train_audio/houspa/iNat1558777.ogg,iNat1558777.ogg,houspa,House Sparrow,Passer domesticus,val
train_audio/houspa/XC924752.ogg,XC924752.ogg,houspa,House Sparrow,Passer domesticus,val
train_audio/houspa/XC563091.ogg,XC563091.ogg,houspa,House Sparrow,Passer domesticus,val
train_audio/houspa/iNat1328729.ogg,iNat1328729.ogg,houspa,House Sparrow,Passer domesticus,val
train_audio/houspa/iNat439390.ogg,iNat439390.ogg,houspa,House Sparrow,Passer domesticus,val
train_audio/houspa/iNat851766.ogg,iNat851766.ogg,houspa,House Sparrow,Passer domesticus,val
train_audio/houspa/iNat349281.ogg,iNat349281.ogg,houspa,House Sparrow,Passer domesticus,val
train_audio/houspa/iNat544318.ogg,iNat544318.ogg,houspa,House Sparrow,Passer domesticus,val
train_audio/houspa/iNat880892.ogg,iNat880892.ogg,houspa,House Sparrow,Passer domesticus,val
train_audio/houspa/iNat966924.ogg,iNat966924.ogg,houspa,House Sparrow,Passer domesticus,val
train_audio/houspa/iNat978488.ogg,iNat978488.ogg,houspa,House Sparrow,Passer domesticus,val
train_audio/houspa/iNat951691.ogg,iNat951691.ogg,houspa,House Sparrow,Passer domesticus,val
train_audio/houspa/iNat675035.ogg,iNat675035.ogg,houspa,House Sparrow,Passer domesticus,val
train_audio/houspa/iNat1439476.ogg,iNat1439476.ogg,houspa,House Sparrow,Passer domesticus,val
train_audio/houspa/iNat1146681.ogg,iNat1146681.ogg,houspa,House Sparrow,Passer domesticus,val
train_audio/houspa/iNat1630222.ogg,iNat1630222.ogg,houspa,House Sparrow,Passer domesticus,val
train_audio/houspa/iNat358583.ogg,iNat358583.ogg,houspa,House Sparrow,Passer domesticus,val
train_audio/houspa/iNat1732450.ogg,iNat1732450.ogg,houspa,House Sparrow,Passer domesticus,val
train_audio/houspa/XC821004.ogg,XC821004.ogg,houspa,House Sparrow,Passer domesticus,val
train_audio/houspa/iNat1523096.ogg,iNat1523096.ogg,houspa,House Sparrow,Passer domesticus,val
train_audio/houspa/iNat1114279.ogg,iNat1114279.ogg,houspa,House Sparrow,Passer domesticus,val
train_audio/houspa/iNat18579.ogg,iNat18579.ogg,houspa,House Sparrow,Passer domesticus,val
train_audio/houspa/iNat915138.ogg,iNat915138.ogg,houspa,House Sparrow,Passer domesticus,val
train_audio/houspa/XC704130.ogg,XC704130.ogg,houspa,House Sparrow,Passer domesticus,val
train_audio/houspa/iNat653133.ogg,iNat653133.ogg,houspa,House Sparrow,Passer domesticus,val
train_audio/houspa/iNat921893.ogg,iNat921893.ogg,houspa,House Sparrow,Passer domesticus,val
train_audio/houspa/XC998178.ogg,XC998178.ogg,houspa,House Sparrow,Passer domesticus,val
train_audio/houspa/iNat163473.ogg,iNat163473.ogg,houspa,House Sparrow,Passer domesticus,val
train_audio/houspa/XC376730.ogg,XC376730.ogg,houspa,House Sparrow,Passer domesticus,val
train_audio/houspa/iNat443980.ogg,iNat443980.ogg,houspa,House Sparrow,Passer domesticus,val
train_audio/houspa/XC344330.ogg,XC344330.ogg,houspa,House Sparrow,Passer domesticus,val
train_audio/houspa/XC952608.ogg,XC952608.ogg,houspa,House Sparrow,Passer domesticus,val
train_audio/houspa/XC557012.ogg,XC557012.ogg,houspa,House Sparrow,Passer domesticus,val
train_audio/houspa/iNat623103.ogg,iNat623103.ogg,houspa,House Sparrow,Passer domesticus,val
train_audio/houspa/iNat1379873.ogg,iNat1379873.ogg,houspa,House Sparrow,Passer domesticus,val
train_audio/houspa/XC347366.ogg,XC347366.ogg,houspa,House Sparrow,Passer domesticus,val
train_audio/houspa/iNat744421.ogg,iNat744421.ogg,houspa,House Sparrow,Passer domesticus,val
train_audio/houspa/iNat1191117.ogg,iNat1191117.ogg,houspa,House Sparrow,Passer domesticus,val
train_audio/houspa/iNat856837.ogg,iNat856837.ogg,houspa,House Sparrow,Passer domesticus,test
train_audio/houspa/iNat912730.ogg,iNat912730.ogg,houspa,House Sparrow,Passer domesticus,test
train_audio/houspa/XC741845.ogg,XC741845.ogg,houspa,House Sparrow,Passer domesticus,test
train_audio/houspa/iNat1622868.ogg,iNat1622868.ogg,houspa,House Sparrow,Passer domesticus,test
train_audio/houspa/iNat903527.ogg,iNat903527.ogg,houspa,House Sparrow,Passer domesticus,test
train_audio/houspa/iNat1430695.ogg,iNat1430695.ogg,houspa,House Sparrow,Passer domesticus,test
train_audio/houspa/iNat256751.ogg,iNat256751.ogg,houspa,House Sparrow,Passer domesticus,test
train_audio/houspa/iNat294328.ogg,iNat294328.ogg,houspa,House Sparrow,Passer domesticus,test
train_audio/houspa/iNat1370447.ogg,iNat1370447.ogg,houspa,House Sparrow,Passer domesticus,test
train_audio/houspa/iNat268110.ogg,iNat268110.ogg,houspa,House Sparrow,Passer domesticus,test
train_audio/houspa/iNat81844.ogg,iNat81844.ogg,houspa,House Sparrow,Passer domesticus,test
train_audio/houspa/iNat430500.ogg,iNat430500.ogg,houspa,House Sparrow,Passer domesticus,test
train_audio/houspa/XC645288.ogg,XC645288.ogg,houspa,House Sparrow,Passer domesticus,test
train_audio/houspa/XC618348.ogg,XC618348.ogg,houspa,House Sparrow,Passer domesticus,test
train_audio/houspa/iNat1271641.ogg,iNat1271641.ogg,houspa,House Sparrow,Passer domesticus,test
train_audio/houspa/XC811636.ogg,XC811636.ogg,houspa,House Sparrow,Passer domesticus,test
train_audio/houspa/XC527801.ogg,XC527801.ogg,houspa,House Sparrow,Passer domesticus,test
train_audio/houspa/iNat1676113.ogg,iNat1676113.ogg,houspa,House Sparrow,Passer domesticus,test
train_audio/houspa/XC264025.ogg,XC264025.ogg,houspa,House Sparrow,Passer domesticus,test
train_audio/houspa/iNat1516919.ogg,iNat1516919.ogg,houspa,House Sparrow,Passer domesticus,test
train_audio/houspa/iNat892299.ogg,iNat892299.ogg,houspa,House Sparrow,Passer domesticus,test
train_audio/houspa/iNat1081270.ogg,iNat1081270.ogg,houspa,House Sparrow,Passer domesticus,test
train_audio/houspa/iNat1181449.ogg,iNat1181449.ogg,houspa,House Sparrow,Passer domesticus,test
train_audio/houspa/iNat941039.ogg,iNat941039.ogg,houspa,House Sparrow,Passer domesticus,test
train_audio/houspa/iNat1405878.ogg,iNat1405878.ogg,houspa,House Sparrow,Passer domesticus,test
train_audio/houspa/iNat678824.ogg,iNat678824.ogg,houspa,House Sparrow,Passer domesticus,test
train_audio/houspa/iNat267244.ogg,iNat267244.ogg,houspa,House Sparrow,Passer domesticus,test
train_audio/houspa/iNat755279.ogg,iNat755279.ogg,houspa,House Sparrow,Passer domesticus,test
train_audio/houspa/iNat796865.ogg,iNat796865.ogg,houspa,House Sparrow,Passer domesticus,test
train_audio/houspa/XC474816.ogg,XC474816.ogg,houspa,House Sparrow,Passer domesticus,test
train_audio/houspa/iNat1684981.ogg,iNat1684981.ogg,houspa,House Sparrow,Passer domesticus,test
train_audio/houspa/iNat644619.ogg,iNat644619.ogg,houspa,House Sparrow,Passer domesticus,test
train_audio/houspa/iNat1220902.ogg,iNat1220902.ogg,houspa,House Sparrow,Passer domesticus,test
train_audio/houspa/iNat337895.ogg,iNat337895.ogg,houspa,House Sparrow,Passer domesticus,test
train_audio/houspa/iNat1305965.ogg,iNat1305965.ogg,houspa,House Sparrow,Passer domesticus,test
train_audio/houspa/iNat623304.ogg,iNat623304.ogg,houspa,House Sparrow,Passer domesticus,test
train_audio/houspa/iNat442569.ogg,iNat442569.ogg,houspa,House Sparrow,Passer domesticus,test
train_audio/houspa/iNat968476.ogg,iNat968476.ogg,houspa,House Sparrow,Passer domesticus,test
train_audio/houspa/iNat1080976.ogg,iNat1080976.ogg,houspa,House Sparrow,Passer domesticus,test
train_audio/houspa/XC388296.ogg,XC388296.ogg,houspa,House Sparrow,Passer domesticus,test
train_audio/houspa/iNat1621812.ogg,iNat1621812.ogg,houspa,House Sparrow,Passer domesticus,test
train_audio/houspa/iNat728404.ogg,iNat728404.ogg,houspa,House Sparrow,Passer domesticus,test
train_audio/houspa/iNat217689.ogg,iNat217689.ogg,houspa,House Sparrow,Passer domesticus,test
train_audio/houspa/XC553005.ogg,XC553005.ogg,houspa,House Sparrow,Passer domesticus,test
train_audio/houspa/iNat264243.ogg,iNat264243.ogg,houspa,House Sparrow,Passer domesticus,test
train_audio/houspa/iNat1269736.ogg,iNat1269736.ogg,houspa,House Sparrow,Passer domesticus,test
train_audio/houspa/iNat339012.ogg,iNat339012.ogg,houspa,House Sparrow,Passer domesticus,test
train_audio/houspa/XC818671.ogg,XC818671.ogg,houspa,House Sparrow,Passer domesticus,test
train_audio/houspa/XC913342.ogg,XC913342.ogg,houspa,House Sparrow,Passer domesticus,test
train_audio/houspa/iNat209349.ogg,iNat209349.ogg,houspa,House Sparrow,Passer domesticus,test
train_audio/houspa/XC138577.ogg,XC138577.ogg,houspa,House Sparrow,Passer domesticus,test
train_audio/houspa/iNat1441584.ogg,iNat1441584.ogg,houspa,House Sparrow,Passer domesticus,test
train_audio/houspa/iNat1362595.ogg,iNat1362595.ogg,houspa,House Sparrow,Passer domesticus,test
train_audio/houspa/XC697951.ogg,XC697951.ogg,houspa,House Sparrow,Passer domesticus,test
train_audio/houspa/iNat211196.ogg,iNat211196.ogg,houspa,House Sparrow,Passer domesticus,test
train_audio/houspa/XC823481.ogg,XC823481.ogg,houspa,House Sparrow,Passer domesticus,test
train_audio/houspa/iNat933791.ogg,iNat933791.ogg,houspa,House Sparrow,Passer domesticus,test
train_audio/houspa/iNat1364301.ogg,iNat1364301.ogg,houspa,House Sparrow,Passer domesticus,test
train_audio/houspa/XC381851.ogg,XC381851.ogg,houspa,House Sparrow,Passer domesticus,test
train_audio/houspa/XC129573.ogg,XC129573.ogg,houspa,House Sparrow,Passer domesticus,test
train_audio/houspa/iNat1012622.ogg,iNat1012622.ogg,houspa,House Sparrow,Passer domesticus,test
train_audio/houspa/XC629852.ogg,XC629852.ogg,houspa,House Sparrow,Passer domesticus,test
train_audio/houspa/XC392771.ogg,XC392771.ogg,houspa,House Sparrow,Passer domesticus,test
train_audio/houspa/iNat1653162.ogg,iNat1653162.ogg,houspa,House Sparrow,Passer domesticus,test
train_audio/houspa/iNat70396.ogg,iNat70396.ogg,houspa,House Sparrow,Passer domesticus,test
train_audio/houspa/iNat424740.ogg,iNat424740.ogg,houspa,House Sparrow,Passer domesticus,test
train_audio/houspa/iNat1484571.ogg,iNat1484571.ogg,houspa,House Sparrow,Passer domesticus,test
train_audio/houspa/iNat389089.ogg,iNat389089.ogg,houspa,House Sparrow,Passer domesticus,test
train_audio/houspa/XC861693.ogg,XC861693.ogg,houspa,House Sparrow,Passer domesticus,test
train_audio/houspa/iNat936503.ogg,iNat936503.ogg,houspa,House Sparrow,Passer domesticus,test
train_audio/houspa/iNat861769.ogg,iNat861769.ogg,houspa,House Sparrow,Passer domesticus,test
train_audio/houspa/iNat947411.ogg,iNat947411.ogg,houspa,House Sparrow,Passer domesticus,test
train_audio/houspa/iNat1409352.ogg,iNat1409352.ogg,houspa,House Sparrow,Passer domesticus,test
train_audio/houspa/iNat663904.ogg,iNat663904.ogg,houspa,House Sparrow,Passer domesticus,test
train_audio/houspa/iNat1054025.ogg,iNat1054025.ogg,houspa,House Sparrow,Passer domesticus,test
train_audio/houspa/iNat728035.ogg,iNat728035.ogg,houspa,House Sparrow,Passer domesticus,test
train_audio/houspa/iNat558741.ogg,iNat558741.ogg,houspa,House Sparrow,Passer domesticus,test
train_audio/houspa/iNat1532621.ogg,iNat1532621.ogg,houspa,House Sparrow,Passer domesticus,test
train_audio/houspa/iNat1468434.ogg,iNat1468434.ogg,houspa,House Sparrow,Passer domesticus,test
train_audio/houspa/iNat1253531.ogg,iNat1253531.ogg,houspa,House Sparrow,Passer domesticus,test
train_audio/houspa/iNat1055728.ogg,iNat1055728.ogg,houspa,House Sparrow,Passer domesticus,test
train_audio/houspa/iNat1057953.ogg,iNat1057953.ogg,houspa,House Sparrow,Passer domesticus,test
train_audio/houspa/iNat395248.ogg,iNat395248.ogg,houspa,House Sparrow,Passer domesticus,test
train_audio/houspa/iNat709328.ogg,iNat709328.ogg,houspa,House Sparrow,Passer domesticus,test
train_audio/houspa/iNat1247524.ogg,iNat1247524.ogg,houspa,House Sparrow,Passer domesticus,test
train_audio/houspa/iNat633583.ogg,iNat633583.ogg,houspa,House Sparrow,Passer domesticus,test
train_audio/houspa/XC694098.ogg,XC694098.ogg,houspa,House Sparrow,Passer domesticus,test
train_audio/houspa/XC973993.ogg,XC973993.ogg,houspa,House Sparrow,Passer domesticus,test
train_audio/houspa/iNat908529.ogg,iNat908529.ogg,houspa,House Sparrow,Passer domesticus,test
train_audio/houspa/iNat127431.ogg,iNat127431.ogg,houspa,House Sparrow,Passer domesticus,test
train_audio/houspa/iNat979631.ogg,iNat979631.ogg,houspa,House Sparrow,Passer domesticus,test
train_audio/houspa/iNat1322154.ogg,iNat1322154.ogg,houspa,House Sparrow,Passer domesticus,test
train_audio/houspa/iNat1508678.ogg,iNat1508678.ogg,houspa,House Sparrow,Passer domesticus,test
train_audio/houspa/iNat1551547.ogg,iNat1551547.ogg,houspa,House Sparrow,Passer domesticus,test
train_audio/houspa/iNat1650257.ogg,iNat1650257.ogg,houspa,House Sparrow,Passer domesticus,test
train_audio/houspa/iNat981700.ogg,iNat981700.ogg,houspa,House Sparrow,Passer domesticus,test
train_audio/houspa/iNat1033766.ogg,iNat1033766.ogg,houspa,House Sparrow,Passer domesticus,test
train_audio/houspa/iNat1286114.ogg,iNat1286114.ogg,houspa,House Sparrow,Passer domesticus,test
train_audio/houspa/iNat847167.ogg,iNat847167.ogg,houspa,House Sparrow,Passer domesticus,test
train_audio/osprey/iNat1599901.ogg,iNat1599901.ogg,osprey,Osprey,Pandion haliaetus,train
train_audio/osprey/XC1049040.ogg,XC1049040.ogg,osprey,Osprey,Pandion haliaetus,train
train_audio/osprey/iNat1166051.ogg,iNat1166051.ogg,osprey,Osprey,Pandion haliaetus,train
train_audio/osprey/iNat191417.ogg,iNat191417.ogg,osprey,Osprey,Pandion haliaetus,train
train_audio/osprey/iNat1189377.ogg,iNat1189377.ogg,osprey,Osprey,Pandion haliaetus,train
train_audio/osprey/iNat340870.ogg,iNat340870.ogg,osprey,Osprey,Pandion haliaetus,train
train_audio/osprey/iNat286858.ogg,iNat286858.ogg,osprey,Osprey,Pandion haliaetus,train
train_audio/osprey/XC270547.ogg,XC270547.ogg,osprey,Osprey,Pandion haliaetus,train
train_audio/osprey/iNat271040.ogg,iNat271040.ogg,osprey,Osprey,Pandion haliaetus,train
train_audio/osprey/iNat773215.ogg,iNat773215.ogg,osprey,Osprey,Pandion haliaetus,train
train_audio/osprey/iNat63124.ogg,iNat63124.ogg,osprey,Osprey,Pandion haliaetus,train
train_audio/osprey/XC344856.ogg,XC344856.ogg,osprey,Osprey,Pandion haliaetus,train
train_audio/osprey/XC453005.ogg,XC453005.ogg,osprey,Osprey,Pandion haliaetus,train
train_audio/osprey/iNat406878.ogg,iNat406878.ogg,osprey,Osprey,Pandion haliaetus,train
train_audio/osprey/iNat747111.ogg,iNat747111.ogg,osprey,Osprey,Pandion haliaetus,train
train_audio/osprey/iNat1203284.ogg,iNat1203284.ogg,osprey,Osprey,Pandion haliaetus,train
train_audio/osprey/iNat489034.ogg,iNat489034.ogg,osprey,Osprey,Pandion haliaetus,train
train_audio/osprey/iNat463650.ogg,iNat463650.ogg,osprey,Osprey,Pandion haliaetus,train
train_audio/osprey/iNat1394694.ogg,iNat1394694.ogg,osprey,Osprey,Pandion haliaetus,train
train_audio/osprey/XC478513.ogg,XC478513.ogg,osprey,Osprey,Pandion haliaetus,train
train_audio/osprey/iNat524496.ogg,iNat524496.ogg,osprey,Osprey,Pandion haliaetus,train
train_audio/osprey/iNat1538892.ogg,iNat1538892.ogg,osprey,Osprey,Pandion haliaetus,train
train_audio/osprey/XC716729.ogg,XC716729.ogg,osprey,Osprey,Pandion haliaetus,train
train_audio/osprey/iNat458395.ogg,iNat458395.ogg,osprey,Osprey,Pandion haliaetus,train
train_audio/osprey/iNat1035044.ogg,iNat1035044.ogg,osprey,Osprey,Pandion haliaetus,train
train_audio/osprey/iNat1282345.ogg,iNat1282345.ogg,osprey,Osprey,Pandion haliaetus,train
train_audio/osprey/iNat67670.ogg,iNat67670.ogg,osprey,Osprey,Pandion haliaetus,train
train_audio/osprey/iNat195273.ogg,iNat195273.ogg,osprey,Osprey,Pandion haliaetus,train
train_audio/osprey/iNat790339.ogg,iNat790339.ogg,osprey,Osprey,Pandion haliaetus,train
train_audio/osprey/iNat340871.ogg,iNat340871.ogg,osprey,Osprey,Pandion haliaetus,train
train_audio/osprey/iNat980964.ogg,iNat980964.ogg,osprey,Osprey,Pandion haliaetus,train
train_audio/osprey/iNat539305.ogg,iNat539305.ogg,osprey,Osprey,Pandion haliaetus,train
train_audio/osprey/iNat624555.ogg,iNat624555.ogg,osprey,Osprey,Pandion haliaetus,train
train_audio/osprey/iNat1153593.ogg,iNat1153593.ogg,osprey,Osprey,Pandion haliaetus,train
train_audio/osprey/iNat1416749.ogg,iNat1416749.ogg,osprey,Osprey,Pandion haliaetus,train
train_audio/osprey/iNat1099131.ogg,iNat1099131.ogg,osprey,Osprey,Pandion haliaetus,train
train_audio/osprey/iNat426413.ogg,iNat426413.ogg,osprey,Osprey,Pandion haliaetus,train
train_audio/osprey/XC465327.ogg,XC465327.ogg,osprey,Osprey,Pandion haliaetus,train
train_audio/osprey/iNat1578897.ogg,iNat1578897.ogg,osprey,Osprey,Pandion haliaetus,train
train_audio/osprey/XC573484.ogg,XC573484.ogg,osprey,Osprey,Pandion haliaetus,train
train_audio/osprey/iNat46084.ogg,iNat46084.ogg,osprey,Osprey,Pandion haliaetus,train
train_audio/osprey/XC698949.ogg,XC698949.ogg,osprey,Osprey,Pandion haliaetus,train
train_audio/osprey/iNat1697529.ogg,iNat1697529.ogg,osprey,Osprey,Pandion haliaetus,train
train_audio/osprey/XC169234.ogg,XC169234.ogg,osprey,Osprey,Pandion haliaetus,train
train_audio/osprey/iNat376661.ogg,iNat376661.ogg,osprey,Osprey,Pandion haliaetus,train
train_audio/osprey/iNat955263.ogg,iNat955263.ogg,osprey,Osprey,Pandion haliaetus,train
train_audio/osprey/iNat956573.ogg,iNat956573.ogg,osprey,Osprey,Pandion haliaetus,train
train_audio/osprey/iNat1612780.ogg,iNat1612780.ogg,osprey,Osprey,Pandion haliaetus,train
train_audio/osprey/iNat130206.ogg,iNat130206.ogg,osprey,Osprey,Pandion haliaetus,train
train_audio/osprey/XC131039.ogg,XC131039.ogg,osprey,Osprey,Pandion haliaetus,train
train_audio/osprey/XC166110.ogg,XC166110.ogg,osprey,Osprey,Pandion haliaetus,train
train_audio/osprey/iNat1398129.ogg,iNat1398129.ogg,osprey,Osprey,Pandion haliaetus,train
train_audio/osprey/XC488607.ogg,XC488607.ogg,osprey,Osprey,Pandion haliaetus,train
train_audio/osprey/iNat642601.ogg,iNat642601.ogg,osprey,Osprey,Pandion haliaetus,train
train_audio/osprey/iNat1183228.ogg,iNat1183228.ogg,osprey,Osprey,Pandion haliaetus,train
train_audio/osprey/iNat303203.ogg,iNat303203.ogg,osprey,Osprey,Pandion haliaetus,train
train_audio/osprey/XC599672.ogg,XC599672.ogg,osprey,Osprey,Pandion haliaetus,train
train_audio/osprey/XC124926.ogg,XC124926.ogg,osprey,Osprey,Pandion haliaetus,train
train_audio/osprey/iNat469808.ogg,iNat469808.ogg,osprey,Osprey,Pandion haliaetus,train
train_audio/osprey/XC139849.ogg,XC139849.ogg,osprey,Osprey,Pandion haliaetus,train
train_audio/osprey/iNat1638851.ogg,iNat1638851.ogg,osprey,Osprey,Pandion haliaetus,train
train_audio/osprey/iNat1369449.ogg,iNat1369449.ogg,osprey,Osprey,Pandion haliaetus,train
train_audio/osprey/iNat1148717.ogg,iNat1148717.ogg,osprey,Osprey,Pandion haliaetus,train
train_audio/osprey/iNat525638.ogg,iNat525638.ogg,osprey,Osprey,Pandion haliaetus,train
train_audio/osprey/iNat1004549.ogg,iNat1004549.ogg,osprey,Osprey,Pandion haliaetus,train
train_audio/osprey/iNat1382549.ogg,iNat1382549.ogg,osprey,Osprey,Pandion haliaetus,train
train_audio/osprey/XC670355.ogg,XC670355.ogg,osprey,Osprey,Pandion haliaetus,train
train_audio/osprey/iNat1398357.ogg,iNat1398357.ogg,osprey,Osprey,Pandion haliaetus,train
train_audio/osprey/XC760075.ogg,XC760075.ogg,osprey,Osprey,Pandion haliaetus,train
train_audio/osprey/iNat1666564.ogg,iNat1666564.ogg,osprey,Osprey,Pandion haliaetus,train
train_audio/osprey/iNat1604222.ogg,iNat1604222.ogg,osprey,Osprey,Pandion haliaetus,train
train_audio/osprey/iNat32830.ogg,iNat32830.ogg,osprey,Osprey,Pandion haliaetus,train
train_audio/osprey/XC523461.ogg,XC523461.ogg,osprey,Osprey,Pandion haliaetus,train
train_audio/osprey/iNat187766.ogg,iNat187766.ogg,osprey,Osprey,Pandion haliaetus,train
train_audio/osprey/iNat916946.ogg,iNat916946.ogg,osprey,Osprey,Pandion haliaetus,train
train_audio/osprey/iNat282493.ogg,iNat282493.ogg,osprey,Osprey,Pandion haliaetus,train
train_audio/osprey/iNat956571.ogg,iNat956571.ogg,osprey,Osprey,Pandion haliaetus,train
train_audio/osprey/iNat342797.ogg,iNat342797.ogg,osprey,Osprey,Pandion haliaetus,train
train_audio/osprey/XC272311.ogg,XC272311.ogg,osprey,Osprey,Pandion haliaetus,train
train_audio/osprey/iNat1055509.ogg,iNat1055509.ogg,osprey,Osprey,Pandion haliaetus,train
train_audio/osprey/iNat1005057.ogg,iNat1005057.ogg,osprey,Osprey,Pandion haliaetus,train
train_audio/osprey/iNat525089.ogg,iNat525089.ogg,osprey,Osprey,Pandion haliaetus,train
train_audio/osprey/iNat447669.ogg,iNat447669.ogg,osprey,Osprey,Pandion haliaetus,train
train_audio/osprey/iNat246527.ogg,iNat246527.ogg,osprey,Osprey,Pandion haliaetus,train
train_audio/osprey/iNat1404543.ogg,iNat1404543.ogg,osprey,Osprey,Pandion haliaetus,train
train_audio/osprey/iNat797134.ogg,iNat797134.ogg,osprey,Osprey,Pandion haliaetus,train
train_audio/osprey/iNat1368154.ogg,iNat1368154.ogg,osprey,Osprey,Pandion haliaetus,train
train_audio/osprey/iNat626122.ogg,iNat626122.ogg,osprey,Osprey,Pandion haliaetus,train
train_audio/osprey/iNat1115947.ogg,iNat1115947.ogg,osprey,Osprey,Pandion haliaetus,train
train_audio/osprey/iNat1314671.ogg,iNat1314671.ogg,osprey,Osprey,Pandion haliaetus,train
train_audio/osprey/iNat34675.ogg,iNat34675.ogg,osprey,Osprey,Pandion haliaetus,train
train_audio/osprey/iNat733353.ogg,iNat733353.ogg,osprey,Osprey,Pandion haliaetus,train
train_audio/osprey/iNat374578.ogg,iNat374578.ogg,osprey,Osprey,Pandion haliaetus,train
train_audio/osprey/iNat762344.ogg,iNat762344.ogg,osprey,Osprey,Pandion haliaetus,train
train_audio/osprey/XC448626.ogg,XC448626.ogg,osprey,Osprey,Pandion haliaetus,train
train_audio/osprey/iNat1729203.ogg,iNat1729203.ogg,osprey,Osprey,Pandion haliaetus,train
train_audio/osprey/iNat288776.ogg,iNat288776.ogg,osprey,Osprey,Pandion haliaetus,train
train_audio/osprey/iNat171870.ogg,iNat171870.ogg,osprey,Osprey,Pandion haliaetus,train
train_audio/osprey/iNat390870.ogg,iNat390870.ogg,osprey,Osprey,Pandion haliaetus,train
train_audio/osprey/iNat59041.ogg,iNat59041.ogg,osprey,Osprey,Pandion haliaetus,train
train_audio/osprey/iNat267235.ogg,iNat267235.ogg,osprey,Osprey,Pandion haliaetus,train
train_audio/osprey/iNat836277.ogg,iNat836277.ogg,osprey,Osprey,Pandion haliaetus,train
train_audio/osprey/iNat1359848.ogg,iNat1359848.ogg,osprey,Osprey,Pandion haliaetus,train
train_audio/osprey/iNat747591.ogg,iNat747591.ogg,osprey,Osprey,Pandion haliaetus,train
train_audio/osprey/iNat34846.ogg,iNat34846.ogg,osprey,Osprey,Pandion haliaetus,train
train_audio/osprey/XC602075.ogg,XC602075.ogg,osprey,Osprey,Pandion haliaetus,train
train_audio/osprey/iNat752281.ogg,iNat752281.ogg,osprey,Osprey,Pandion haliaetus,train
train_audio/osprey/XC511013.ogg,XC511013.ogg,osprey,Osprey,Pandion haliaetus,train
train_audio/osprey/iNat1149141.ogg,iNat1149141.ogg,osprey,Osprey,Pandion haliaetus,train
train_audio/osprey/iNat748782.ogg,iNat748782.ogg,osprey,Osprey,Pandion haliaetus,train
train_audio/osprey/iNat126091.ogg,iNat126091.ogg,osprey,Osprey,Pandion haliaetus,train
train_audio/osprey/iNat1507469.ogg,iNat1507469.ogg,osprey,Osprey,Pandion haliaetus,train
train_audio/osprey/XC265661.ogg,XC265661.ogg,osprey,Osprey,Pandion haliaetus,train
train_audio/osprey/XC518341.ogg,XC518341.ogg,osprey,Osprey,Pandion haliaetus,train
train_audio/osprey/iNat745972.ogg,iNat745972.ogg,osprey,Osprey,Pandion haliaetus,train
train_audio/osprey/iNat1720623.ogg,iNat1720623.ogg,osprey,Osprey,Pandion haliaetus,train
train_audio/osprey/iNat1135797.ogg,iNat1135797.ogg,osprey,Osprey,Pandion haliaetus,train
train_audio/osprey/iNat441523.ogg,iNat441523.ogg,osprey,Osprey,Pandion haliaetus,train
train_audio/osprey/iNat1047048.ogg,iNat1047048.ogg,osprey,Osprey,Pandion haliaetus,train
train_audio/osprey/XC152360.ogg,XC152360.ogg,osprey,Osprey,Pandion haliaetus,train
train_audio/osprey/XC799597.ogg,XC799597.ogg,osprey,Osprey,Pandion haliaetus,train
train_audio/osprey/XC671347.ogg,XC671347.ogg,osprey,Osprey,Pandion haliaetus,train
train_audio/osprey/XC758691.ogg,XC758691.ogg,osprey,Osprey,Pandion haliaetus,train
train_audio/osprey/iNat186080.ogg,iNat186080.ogg,osprey,Osprey,Pandion haliaetus,train
train_audio/osprey/iNat612248.ogg,iNat612248.ogg,osprey,Osprey,Pandion haliaetus,train
train_audio/osprey/XC122906.ogg,XC122906.ogg,osprey,Osprey,Pandion haliaetus,train
train_audio/osprey/iNat1260839.ogg,iNat1260839.ogg,osprey,Osprey,Pandion haliaetus,train
train_audio/osprey/iNat1607924.ogg,iNat1607924.ogg,osprey,Osprey,Pandion haliaetus,train
train_audio/osprey/iNat319284.ogg,iNat319284.ogg,osprey,Osprey,Pandion haliaetus,train
train_audio/osprey/iNat1645284.ogg,iNat1645284.ogg,osprey,Osprey,Pandion haliaetus,train
train_audio/osprey/iNat100065.ogg,iNat100065.ogg,osprey,Osprey,Pandion haliaetus,train
train_audio/osprey/iNat108868.ogg,iNat108868.ogg,osprey,Osprey,Pandion haliaetus,train
train_audio/osprey/iNat1635403.ogg,iNat1635403.ogg,osprey,Osprey,Pandion haliaetus,train
train_audio/osprey/iNat82421.ogg,iNat82421.ogg,osprey,Osprey,Pandion haliaetus,train
train_audio/osprey/iNat1308988.ogg,iNat1308988.ogg,osprey,Osprey,Pandion haliaetus,train
train_audio/osprey/iNat479394.ogg,iNat479394.ogg,osprey,Osprey,Pandion haliaetus,train
train_audio/osprey/iNat730480.ogg,iNat730480.ogg,osprey,Osprey,Pandion haliaetus,train
train_audio/osprey/iNat280363.ogg,iNat280363.ogg,osprey,Osprey,Pandion haliaetus,train
train_audio/osprey/iNat788102.ogg,iNat788102.ogg,osprey,Osprey,Pandion haliaetus,train
train_audio/osprey/iNat249491.ogg,iNat249491.ogg,osprey,Osprey,Pandion haliaetus,train
train_audio/osprey/XC535684.ogg,XC535684.ogg,osprey,Osprey,Pandion haliaetus,train
train_audio/osprey/iNat123692.ogg,iNat123692.ogg,osprey,Osprey,Pandion haliaetus,train
train_audio/osprey/iNat310641.ogg,iNat310641.ogg,osprey,Osprey,Pandion haliaetus,train
train_audio/osprey/iNat1613368.ogg,iNat1613368.ogg,osprey,Osprey,Pandion haliaetus,train
train_audio/osprey/XC270546.ogg,XC270546.ogg,osprey,Osprey,Pandion haliaetus,train
train_audio/osprey/iNat1721581.ogg,iNat1721581.ogg,osprey,Osprey,Pandion haliaetus,train
train_audio/osprey/iNat516795.ogg,iNat516795.ogg,osprey,Osprey,Pandion haliaetus,train
train_audio/osprey/XC1013321.ogg,XC1013321.ogg,osprey,Osprey,Pandion haliaetus,train
train_audio/osprey/iNat1670343.ogg,iNat1670343.ogg,osprey,Osprey,Pandion haliaetus,train
train_audio/osprey/iNat506475.ogg,iNat506475.ogg,osprey,Osprey,Pandion haliaetus,train
train_audio/osprey/iNat376728.ogg,iNat376728.ogg,osprey,Osprey,Pandion haliaetus,train
train_audio/osprey/XC134647.ogg,XC134647.ogg,osprey,Osprey,Pandion haliaetus,train
train_audio/osprey/iNat1720620.ogg,iNat1720620.ogg,osprey,Osprey,Pandion haliaetus,train
train_audio/osprey/iNat734701.ogg,iNat734701.ogg,osprey,Osprey,Pandion haliaetus,train
train_audio/osprey/iNat1087898.ogg,iNat1087898.ogg,osprey,Osprey,Pandion haliaetus,train
train_audio/osprey/XC534561.ogg,XC534561.ogg,osprey,Osprey,Pandion haliaetus,train
train_audio/osprey/iNat1096890.ogg,iNat1096890.ogg,osprey,Osprey,Pandion haliaetus,train
train_audio/osprey/iNat1607715.ogg,iNat1607715.ogg,osprey,Osprey,Pandion haliaetus,train
train_audio/osprey/iNat381283.ogg,iNat381283.ogg,osprey,Osprey,Pandion haliaetus,train
train_audio/osprey/iNat626497.ogg,iNat626497.ogg,osprey,Osprey,Pandion haliaetus,train
train_audio/osprey/iNat784270.ogg,iNat784270.ogg,osprey,Osprey,Pandion haliaetus,train
train_audio/osprey/XC192153.ogg,XC192153.ogg,osprey,Osprey,Pandion haliaetus,train
train_audio/osprey/iNat632960.ogg,iNat632960.ogg,osprey,Osprey,Pandion haliaetus,train
train_audio/osprey/iNat1693776.ogg,iNat1693776.ogg,osprey,Osprey,Pandion haliaetus,train
train_audio/osprey/iNat442114.ogg,iNat442114.ogg,osprey,Osprey,Pandion haliaetus,train
train_audio/osprey/iNat232424.ogg,iNat232424.ogg,osprey,Osprey,Pandion haliaetus,train
train_audio/osprey/iNat797599.ogg,iNat797599.ogg,osprey,Osprey,Pandion haliaetus,train
train_audio/osprey/iNat286704.ogg,iNat286704.ogg,osprey,Osprey,Pandion haliaetus,train
train_audio/osprey/iNat309976.ogg,iNat309976.ogg,osprey,Osprey,Pandion haliaetus,train
train_audio/osprey/XC493749.ogg,XC493749.ogg,osprey,Osprey,Pandion haliaetus,train
train_audio/osprey/iNat1069492.ogg,iNat1069492.ogg,osprey,Osprey,Pandion haliaetus,train
train_audio/osprey/iNat1197496.ogg,iNat1197496.ogg,osprey,Osprey,Pandion haliaetus,train
train_audio/osprey/iNat130212.ogg,iNat130212.ogg,osprey,Osprey,Pandion haliaetus,train
train_audio/osprey/iNat354715.ogg,iNat354715.ogg,osprey,Osprey,Pandion haliaetus,train
train_audio/osprey/iNat1149651.ogg,iNat1149651.ogg,osprey,Osprey,Pandion haliaetus,train
train_audio/osprey/iNat927275.ogg,iNat927275.ogg,osprey,Osprey,Pandion haliaetus,train
train_audio/osprey/iNat498746.ogg,iNat498746.ogg,osprey,Osprey,Pandion haliaetus,train
train_audio/osprey/XC326522.ogg,XC326522.ogg,osprey,Osprey,Pandion haliaetus,train
train_audio/osprey/iNat261410.ogg,iNat261410.ogg,osprey,Osprey,Pandion haliaetus,train
train_audio/osprey/iNat341977.ogg,iNat341977.ogg,osprey,Osprey,Pandion haliaetus,train
train_audio/osprey/iNat951779.ogg,iNat951779.ogg,osprey,Osprey,Pandion haliaetus,train
train_audio/osprey/XC414080.ogg,XC414080.ogg,osprey,Osprey,Pandion haliaetus,train
train_audio/osprey/iNat125245.ogg,iNat125245.ogg,osprey,Osprey,Pandion haliaetus,train
train_audio/osprey/iNat1414539.ogg,iNat1414539.ogg,osprey,Osprey,Pandion haliaetus,train
train_audio/osprey/iNat653605.ogg,iNat653605.ogg,osprey,Osprey,Pandion haliaetus,train
train_audio/osprey/iNat1407817.ogg,iNat1407817.ogg,osprey,Osprey,Pandion haliaetus,train
train_audio/osprey/XC466207.ogg,XC466207.ogg,osprey,Osprey,Pandion haliaetus,train
train_audio/osprey/iNat398252.ogg,iNat398252.ogg,osprey,Osprey,Pandion haliaetus,train
train_audio/osprey/iNat543039.ogg,iNat543039.ogg,osprey,Osprey,Pandion haliaetus,train
train_audio/osprey/iNat482129.ogg,iNat482129.ogg,osprey,Osprey,Pandion haliaetus,train
train_audio/osprey/XC448776.ogg,XC448776.ogg,osprey,Osprey,Pandion haliaetus,train
train_audio/osprey/XC841760.ogg,XC841760.ogg,osprey,Osprey,Pandion haliaetus,train
train_audio/osprey/iNat434577.ogg,iNat434577.ogg,osprey,Osprey,Pandion haliaetus,train
train_audio/osprey/iNat1159016.ogg,iNat1159016.ogg,osprey,Osprey,Pandion haliaetus,train
train_audio/osprey/iNat1204386.ogg,iNat1204386.ogg,osprey,Osprey,Pandion haliaetus,train
train_audio/osprey/iNat294510.ogg,iNat294510.ogg,osprey,Osprey,Pandion haliaetus,train
train_audio/osprey/XC424249.ogg,XC424249.ogg,osprey,Osprey,Pandion haliaetus,train
train_audio/osprey/iNat514014.ogg,iNat514014.ogg,osprey,Osprey,Pandion haliaetus,train
train_audio/osprey/XC789814.ogg,XC789814.ogg,osprey,Osprey,Pandion haliaetus,train
train_audio/osprey/XC840078.ogg,XC840078.ogg,osprey,Osprey,Pandion haliaetus,train
train_audio/osprey/XC994088.ogg,XC994088.ogg,osprey,Osprey,Pandion haliaetus,train
train_audio/osprey/iNat751622.ogg,iNat751622.ogg,osprey,Osprey,Pandion haliaetus,train
train_audio/osprey/XC979316.ogg,XC979316.ogg,osprey,Osprey,Pandion haliaetus,train
train_audio/osprey/iNat1556374.ogg,iNat1556374.ogg,osprey,Osprey,Pandion haliaetus,train
train_audio/osprey/iNat1090289.ogg,iNat1090289.ogg,osprey,Osprey,Pandion haliaetus,train
train_audio/osprey/iNat364922.ogg,iNat364922.ogg,osprey,Osprey,Pandion haliaetus,train
train_audio/osprey/iNat1574595.ogg,iNat1574595.ogg,osprey,Osprey,Pandion haliaetus,train
train_audio/osprey/iNat489755.ogg,iNat489755.ogg,osprey,Osprey,Pandion haliaetus,train
train_audio/osprey/iNat815006.ogg,iNat815006.ogg,osprey,Osprey,Pandion haliaetus,train
train_audio/osprey/iNat614381.ogg,iNat614381.ogg,osprey,Osprey,Pandion haliaetus,train
train_audio/osprey/iNat628034.ogg,iNat628034.ogg,osprey,Osprey,Pandion haliaetus,train
train_audio/osprey/XC951390.ogg,XC951390.ogg,osprey,Osprey,Pandion haliaetus,train
train_audio/osprey/XC545879.ogg,XC545879.ogg,osprey,Osprey,Pandion haliaetus,train
train_audio/osprey/iNat433774.ogg,iNat433774.ogg,osprey,Osprey,Pandion haliaetus,train
train_audio/osprey/XC530768.ogg,XC530768.ogg,osprey,Osprey,Pandion haliaetus,train
train_audio/osprey/XC466212.ogg,XC466212.ogg,osprey,Osprey,Pandion haliaetus,train
train_audio/osprey/iNat1117042.ogg,iNat1117042.ogg,osprey,Osprey,Pandion haliaetus,train
train_audio/osprey/XC703247.ogg,XC703247.ogg,osprey,Osprey,Pandion haliaetus,train
train_audio/osprey/iNat1359973.ogg,iNat1359973.ogg,osprey,Osprey,Pandion haliaetus,train
train_audio/osprey/iNat393353.ogg,iNat393353.ogg,osprey,Osprey,Pandion haliaetus,train
train_audio/osprey/iNat1483757.ogg,iNat1483757.ogg,osprey,Osprey,Pandion haliaetus,train
train_audio/osprey/XC764010.ogg,XC764010.ogg,osprey,Osprey,Pandion haliaetus,train
train_audio/osprey/iNat1115478.ogg,iNat1115478.ogg,osprey,Osprey,Pandion haliaetus,train
train_audio/osprey/iNat651010.ogg,iNat651010.ogg,osprey,Osprey,Pandion haliaetus,train
train_audio/osprey/iNat203297.ogg,iNat203297.ogg,osprey,Osprey,Pandion haliaetus,train
train_audio/osprey/XC664256.ogg,XC664256.ogg,osprey,Osprey,Pandion haliaetus,train
train_audio/osprey/XC723303.ogg,XC723303.ogg,osprey,Osprey,Pandion haliaetus,train
train_audio/osprey/XC272314.ogg,XC272314.ogg,osprey,Osprey,Pandion haliaetus,train
train_audio/osprey/iNat380295.ogg,iNat380295.ogg,osprey,Osprey,Pandion haliaetus,train
train_audio/osprey/XC348476.ogg,XC348476.ogg,osprey,Osprey,Pandion haliaetus,train
train_audio/osprey/iNat1501632.ogg,iNat1501632.ogg,osprey,Osprey,Pandion haliaetus,train
train_audio/osprey/iNat555.ogg,iNat555.ogg,osprey,Osprey,Pandion haliaetus,train
train_audio/osprey/iNat1370949.ogg,iNat1370949.ogg,osprey,Osprey,Pandion haliaetus,train
train_audio/osprey/XC573482.ogg,XC573482.ogg,osprey,Osprey,Pandion haliaetus,train
train_audio/osprey/iNat226664.ogg,iNat226664.ogg,osprey,Osprey,Pandion haliaetus,train
train_audio/osprey/XC138770.ogg,XC138770.ogg,osprey,Osprey,Pandion haliaetus,train
train_audio/osprey/iNat804339.ogg,iNat804339.ogg,osprey,Osprey,Pandion haliaetus,train
train_audio/osprey/iNat1169100.ogg,iNat1169100.ogg,osprey,Osprey,Pandion haliaetus,train
train_audio/osprey/iNat1484308.ogg,iNat1484308.ogg,osprey,Osprey,Pandion haliaetus,train
train_audio/osprey/iNat33234.ogg,iNat33234.ogg,osprey,Osprey,Pandion haliaetus,train
train_audio/osprey/iNat611895.ogg,iNat611895.ogg,osprey,Osprey,Pandion haliaetus,train
train_audio/osprey/iNat317271.ogg,iNat317271.ogg,osprey,Osprey,Pandion haliaetus,train
train_audio/osprey/iNat121780.ogg,iNat121780.ogg,osprey,Osprey,Pandion haliaetus,train
train_audio/osprey/iNat964232.ogg,iNat964232.ogg,osprey,Osprey,Pandion haliaetus,train
train_audio/osprey/iNat1682227.ogg,iNat1682227.ogg,osprey,Osprey,Pandion haliaetus,train
train_audio/osprey/iNat1672198.ogg,iNat1672198.ogg,osprey,Osprey,Pandion haliaetus,train
train_audio/osprey/iNat385662.ogg,iNat385662.ogg,osprey,Osprey,Pandion haliaetus,train
train_audio/osprey/iNat787085.ogg,iNat787085.ogg,osprey,Osprey,Pandion haliaetus,train
train_audio/osprey/iNat916947.ogg,iNat916947.ogg,osprey,Osprey,Pandion haliaetus,train
train_audio/osprey/iNat99434.ogg,iNat99434.ogg,osprey,Osprey,Pandion haliaetus,train
train_audio/osprey/XC132652.ogg,XC132652.ogg,osprey,Osprey,Pandion haliaetus,train
train_audio/osprey/iNat740842.ogg,iNat740842.ogg,osprey,Osprey,Pandion haliaetus,train
train_audio/osprey/iNat1595562.ogg,iNat1595562.ogg,osprey,Osprey,Pandion haliaetus,train
train_audio/osprey/iNat236054.ogg,iNat236054.ogg,osprey,Osprey,Pandion haliaetus,train
train_audio/osprey/XC225658.ogg,XC225658.ogg,osprey,Osprey,Pandion haliaetus,train
train_audio/osprey/iNat1584200.ogg,iNat1584200.ogg,osprey,Osprey,Pandion haliaetus,train
train_audio/osprey/iNat513999.ogg,iNat513999.ogg,osprey,Osprey,Pandion haliaetus,train
train_audio/osprey/iNat227465.ogg,iNat227465.ogg,osprey,Osprey,Pandion haliaetus,train
train_audio/osprey/XC1027115.ogg,XC1027115.ogg,osprey,Osprey,Pandion haliaetus,train
train_audio/osprey/iNat1141360.ogg,iNat1141360.ogg,osprey,Osprey,Pandion haliaetus,train
train_audio/osprey/iNat516229.ogg,iNat516229.ogg,osprey,Osprey,Pandion haliaetus,train
train_audio/osprey/iNat1135468.ogg,iNat1135468.ogg,osprey,Osprey,Pandion haliaetus,train
train_audio/osprey/XC670351.ogg,XC670351.ogg,osprey,Osprey,Pandion haliaetus,train
train_audio/osprey/XC826075.ogg,XC826075.ogg,osprey,Osprey,Pandion haliaetus,train
train_audio/osprey/XC194723.ogg,XC194723.ogg,osprey,Osprey,Pandion haliaetus,train
train_audio/osprey/XC924318.ogg,XC924318.ogg,osprey,Osprey,Pandion haliaetus,train
train_audio/osprey/iNat1051351.ogg,iNat1051351.ogg,osprey,Osprey,Pandion haliaetus,train
train_audio/osprey/iNat238753.ogg,iNat238753.ogg,osprey,Osprey,Pandion haliaetus,train
train_audio/osprey/iNat792607.ogg,iNat792607.ogg,osprey,Osprey,Pandion haliaetus,train
train_audio/osprey/iNat1569569.ogg,iNat1569569.ogg,osprey,Osprey,Pandion haliaetus,train
train_audio/osprey/iNat943167.ogg,iNat943167.ogg,osprey,Osprey,Pandion haliaetus,train
train_audio/osprey/iNat120805.ogg,iNat120805.ogg,osprey,Osprey,Pandion haliaetus,train
train_audio/osprey/iNat412214.ogg,iNat412214.ogg,osprey,Osprey,Pandion haliaetus,train
train_audio/osprey/iNat516228.ogg,iNat516228.ogg,osprey,Osprey,Pandion haliaetus,train
train_audio/osprey/iNat383643.ogg,iNat383643.ogg,osprey,Osprey,Pandion haliaetus,train
train_audio/osprey/XC739086.ogg,XC739086.ogg,osprey,Osprey,Pandion haliaetus,train
train_audio/osprey/iNat908204.ogg,iNat908204.ogg,osprey,Osprey,Pandion haliaetus,train
train_audio/osprey/iNat173577.ogg,iNat173577.ogg,osprey,Osprey,Pandion haliaetus,train
train_audio/osprey/iNat1469254.ogg,iNat1469254.ogg,osprey,Osprey,Pandion haliaetus,train
train_audio/osprey/iNat661776.ogg,iNat661776.ogg,osprey,Osprey,Pandion haliaetus,train
train_audio/osprey/iNat988036.ogg,iNat988036.ogg,osprey,Osprey,Pandion haliaetus,train
train_audio/osprey/iNat794737.ogg,iNat794737.ogg,osprey,Osprey,Pandion haliaetus,train
train_audio/osprey/XC714754.ogg,XC714754.ogg,osprey,Osprey,Pandion haliaetus,train
train_audio/osprey/XC447580.ogg,XC447580.ogg,osprey,Osprey,Pandion haliaetus,train
train_audio/osprey/iNat1359015.ogg,iNat1359015.ogg,osprey,Osprey,Pandion haliaetus,train
train_audio/osprey/iNat555307.ogg,iNat555307.ogg,osprey,Osprey,Pandion haliaetus,train
train_audio/osprey/iNat449009.ogg,iNat449009.ogg,osprey,Osprey,Pandion haliaetus,train
train_audio/osprey/iNat1231784.ogg,iNat1231784.ogg,osprey,Osprey,Pandion haliaetus,train
train_audio/osprey/iNat1230307.ogg,iNat1230307.ogg,osprey,Osprey,Pandion haliaetus,train
train_audio/osprey/iNat529427.ogg,iNat529427.ogg,osprey,Osprey,Pandion haliaetus,train
train_audio/osprey/XC434498.ogg,XC434498.ogg,osprey,Osprey,Pandion haliaetus,train
train_audio/osprey/iNat479362.ogg,iNat479362.ogg,osprey,Osprey,Pandion haliaetus,train
train_audio/osprey/iNat1159553.ogg,iNat1159553.ogg,osprey,Osprey,Pandion haliaetus,train
train_audio/osprey/XC602073.ogg,XC602073.ogg,osprey,Osprey,Pandion haliaetus,train
train_audio/osprey/iNat988037.ogg,iNat988037.ogg,osprey,Osprey,Pandion haliaetus,train
train_audio/osprey/iNat1589816.ogg,iNat1589816.ogg,osprey,Osprey,Pandion haliaetus,train
train_audio/osprey/iNat1131047.ogg,iNat1131047.ogg,osprey,Osprey,Pandion haliaetus,train
train_audio/osprey/iNat1584380.ogg,iNat1584380.ogg,osprey,Osprey,Pandion haliaetus,train
train_audio/osprey/iNat1722929.ogg,iNat1722929.ogg,osprey,Osprey,Pandion haliaetus,train
train_audio/osprey/XC109038.ogg,XC109038.ogg,osprey,Osprey,Pandion haliaetus,train
train_audio/osprey/iNat758898.ogg,iNat758898.ogg,osprey,Osprey,Pandion haliaetus,train
train_audio/osprey/iNat105134.ogg,iNat105134.ogg,osprey,Osprey,Pandion haliaetus,train
train_audio/osprey/iNat482127.ogg,iNat482127.ogg,osprey,Osprey,Pandion haliaetus,train
train_audio/osprey/iNat200308.ogg,iNat200308.ogg,osprey,Osprey,Pandion haliaetus,train
train_audio/osprey/iNat100038.ogg,iNat100038.ogg,osprey,Osprey,Pandion haliaetus,train
train_audio/osprey/iNat525687.ogg,iNat525687.ogg,osprey,Osprey,Pandion haliaetus,train
train_audio/osprey/iNat535430.ogg,iNat535430.ogg,osprey,Osprey,Pandion haliaetus,train
train_audio/osprey/iNat1346754.ogg,iNat1346754.ogg,osprey,Osprey,Pandion haliaetus,train
train_audio/osprey/iNat293483.ogg,iNat293483.ogg,osprey,Osprey,Pandion haliaetus,train
train_audio/osprey/iNat79906.ogg,iNat79906.ogg,osprey,Osprey,Pandion haliaetus,train
train_audio/osprey/XC721669.ogg,XC721669.ogg,osprey,Osprey,Pandion haliaetus,train
train_audio/osprey/XC174764.ogg,XC174764.ogg,osprey,Osprey,Pandion haliaetus,train
train_audio/osprey/iNat740843.ogg,iNat740843.ogg,osprey,Osprey,Pandion haliaetus,train
train_audio/osprey/iNat1703509.ogg,iNat1703509.ogg,osprey,Osprey,Pandion haliaetus,train
train_audio/osprey/iNat1194943.ogg,iNat1194943.ogg,osprey,Osprey,Pandion haliaetus,train
train_audio/osprey/iNat50258.ogg,iNat50258.ogg,osprey,Osprey,Pandion haliaetus,train
train_audio/osprey/iNat1371014.ogg,iNat1371014.ogg,osprey,Osprey,Pandion haliaetus,train
train_audio/osprey/iNat496238.ogg,iNat496238.ogg,osprey,Osprey,Pandion haliaetus,train
train_audio/osprey/iNat916948.ogg,iNat916948.ogg,osprey,Osprey,Pandion haliaetus,train
train_audio/osprey/iNat100041.ogg,iNat100041.ogg,osprey,Osprey,Pandion haliaetus,train
train_audio/osprey/XC301217.ogg,XC301217.ogg,osprey,Osprey,Pandion haliaetus,train
train_audio/osprey/iNat132489.ogg,iNat132489.ogg,osprey,Osprey,Pandion haliaetus,train
train_audio/osprey/iNat38128.ogg,iNat38128.ogg,osprey,Osprey,Pandion haliaetus,val
train_audio/osprey/XC460749.ogg,XC460749.ogg,osprey,Osprey,Pandion haliaetus,val
train_audio/osprey/XC994089.ogg,XC994089.ogg,osprey,Osprey,Pandion haliaetus,val
train_audio/osprey/XC580785.ogg,XC580785.ogg,osprey,Osprey,Pandion haliaetus,val
train_audio/osprey/XC254695.ogg,XC254695.ogg,osprey,Osprey,Pandion haliaetus,val
train_audio/osprey/XC466220.ogg,XC466220.ogg,osprey,Osprey,Pandion haliaetus,val
train_audio/osprey/iNat1201682.ogg,iNat1201682.ogg,osprey,Osprey,Pandion haliaetus,val
train_audio/osprey/iNat1004561.ogg,iNat1004561.ogg,osprey,Osprey,Pandion haliaetus,val
train_audio/osprey/iNat567366.ogg,iNat567366.ogg,osprey,Osprey,Pandion haliaetus,val
train_audio/osprey/iNat1600637.ogg,iNat1600637.ogg,osprey,Osprey,Pandion haliaetus,val
train_audio/osprey/iNat525678.ogg,iNat525678.ogg,osprey,Osprey,Pandion haliaetus,val
train_audio/osprey/iNat439593.ogg,iNat439593.ogg,osprey,Osprey,Pandion haliaetus,val
train_audio/osprey/XC42192.ogg,XC42192.ogg,osprey,Osprey,Pandion haliaetus,val
train_audio/osprey/iNat302955.ogg,iNat302955.ogg,osprey,Osprey,Pandion haliaetus,val
train_audio/osprey/iNat307692.ogg,iNat307692.ogg,osprey,Osprey,Pandion haliaetus,val
train_audio/osprey/iNat1138216.ogg,iNat1138216.ogg,osprey,Osprey,Pandion haliaetus,val
train_audio/osprey/iNat658506.ogg,iNat658506.ogg,osprey,Osprey,Pandion haliaetus,val
train_audio/osprey/XC598006.ogg,XC598006.ogg,osprey,Osprey,Pandion haliaetus,val
train_audio/osprey/XC602071.ogg,XC602071.ogg,osprey,Osprey,Pandion haliaetus,val
train_audio/osprey/XC455158.ogg,XC455158.ogg,osprey,Osprey,Pandion haliaetus,val
train_audio/osprey/iNat131913.ogg,iNat131913.ogg,osprey,Osprey,Pandion haliaetus,val
train_audio/osprey/iNat119998.ogg,iNat119998.ogg,osprey,Osprey,Pandion haliaetus,val
train_audio/osprey/iNat1111429.ogg,iNat1111429.ogg,osprey,Osprey,Pandion haliaetus,val
train_audio/osprey/iNat1166259.ogg,iNat1166259.ogg,osprey,Osprey,Pandion haliaetus,val
train_audio/osprey/iNat483963.ogg,iNat483963.ogg,osprey,Osprey,Pandion haliaetus,val
train_audio/osprey/iNat505790.ogg,iNat505790.ogg,osprey,Osprey,Pandion haliaetus,val
train_audio/osprey/iNat1261392.ogg,iNat1261392.ogg,osprey,Osprey,Pandion haliaetus,val
train_audio/osprey/XC109330.ogg,XC109330.ogg,osprey,Osprey,Pandion haliaetus,val
train_audio/osprey/XC452068.ogg,XC452068.ogg,osprey,Osprey,Pandion haliaetus,val
train_audio/osprey/iNat328833.ogg,iNat328833.ogg,osprey,Osprey,Pandion haliaetus,val
train_audio/osprey/iNat632961.ogg,iNat632961.ogg,osprey,Osprey,Pandion haliaetus,val
train_audio/osprey/iNat376664.ogg,iNat376664.ogg,osprey,Osprey,Pandion haliaetus,val
train_audio/osprey/iNat641019.ogg,iNat641019.ogg,osprey,Osprey,Pandion haliaetus,val
train_audio/osprey/iNat1613783.ogg,iNat1613783.ogg,osprey,Osprey,Pandion haliaetus,val
train_audio/osprey/iNat534356.ogg,iNat534356.ogg,osprey,Osprey,Pandion haliaetus,val
train_audio/osprey/XC721671.ogg,XC721671.ogg,osprey,Osprey,Pandion haliaetus,val
train_audio/osprey/iNat1599799.ogg,iNat1599799.ogg,osprey,Osprey,Pandion haliaetus,val
train_audio/osprey/XC926548.ogg,XC926548.ogg,osprey,Osprey,Pandion haliaetus,val
train_audio/osprey/XC509477.ogg,XC509477.ogg,osprey,Osprey,Pandion haliaetus,val
train_audio/osprey/iNat1285384.ogg,iNat1285384.ogg,osprey,Osprey,Pandion haliaetus,val
train_audio/osprey/iNat426414.ogg,iNat426414.ogg,osprey,Osprey,Pandion haliaetus,val
train_audio/osprey/iNat780640.ogg,iNat780640.ogg,osprey,Osprey,Pandion haliaetus,val
train_audio/osprey/iNat328114.ogg,iNat328114.ogg,osprey,Osprey,Pandion haliaetus,val
train_audio/osprey/iNat492734.ogg,iNat492734.ogg,osprey,Osprey,Pandion haliaetus,val
train_audio/osprey/iNat789164.ogg,iNat789164.ogg,osprey,Osprey,Pandion haliaetus,val
train_audio/osprey/iNat994193.ogg,iNat994193.ogg,osprey,Osprey,Pandion haliaetus,val
train_audio/osprey/XC1018235.ogg,XC1018235.ogg,osprey,Osprey,Pandion haliaetus,val
train_audio/osprey/iNat971456.ogg,iNat971456.ogg,osprey,Osprey,Pandion haliaetus,val
train_audio/osprey/iNat618724.ogg,iNat618724.ogg,osprey,Osprey,Pandion haliaetus,val
train_audio/osprey/iNat1538891.ogg,iNat1538891.ogg,osprey,Osprey,Pandion haliaetus,val
train_audio/osprey/iNat1140543.ogg,iNat1140543.ogg,osprey,Osprey,Pandion haliaetus,val
train_audio/osprey/iNat1618941.ogg,iNat1618941.ogg,osprey,Osprey,Pandion haliaetus,val
train_audio/osprey/iNat329328.ogg,iNat329328.ogg,osprey,Osprey,Pandion haliaetus,val
train_audio/osprey/iNat186555.ogg,iNat186555.ogg,osprey,Osprey,Pandion haliaetus,val
train_audio/osprey/XC783486.ogg,XC783486.ogg,osprey,Osprey,Pandion haliaetus,val
train_audio/osprey/iNat1571168.ogg,iNat1571168.ogg,osprey,Osprey,Pandion haliaetus,val
train_audio/osprey/iNat1122191.ogg,iNat1122191.ogg,osprey,Osprey,Pandion haliaetus,val
train_audio/osprey/iNat201802.ogg,iNat201802.ogg,osprey,Osprey,Pandion haliaetus,val
train_audio/osprey/iNat896792.ogg,iNat896792.ogg,osprey,Osprey,Pandion haliaetus,val
train_audio/osprey/XC685801.ogg,XC685801.ogg,osprey,Osprey,Pandion haliaetus,val
train_audio/osprey/iNat606593.ogg,iNat606593.ogg,osprey,Osprey,Pandion haliaetus,val
train_audio/osprey/iNat91602.ogg,iNat91602.ogg,osprey,Osprey,Pandion haliaetus,val
train_audio/osprey/XC994090.ogg,XC994090.ogg,osprey,Osprey,Pandion haliaetus,val
train_audio/osprey/iNat1619932.ogg,iNat1619932.ogg,osprey,Osprey,Pandion haliaetus,val
train_audio/osprey/XC333145.ogg,XC333145.ogg,osprey,Osprey,Pandion haliaetus,val
train_audio/osprey/iNat430169.ogg,iNat430169.ogg,osprey,Osprey,Pandion haliaetus,val
train_audio/osprey/XC272312.ogg,XC272312.ogg,osprey,Osprey,Pandion haliaetus,val
train_audio/osprey/XC977163.ogg,XC977163.ogg,osprey,Osprey,Pandion haliaetus,val
train_audio/osprey/XC520049.ogg,XC520049.ogg,osprey,Osprey,Pandion haliaetus,val
train_audio/osprey/iNat530152.ogg,iNat530152.ogg,osprey,Osprey,Pandion haliaetus,val
train_audio/osprey/iNat1361039.ogg,iNat1361039.ogg,osprey,Osprey,Pandion haliaetus,val
train_audio/osprey/XC288796.ogg,XC288796.ogg,osprey,Osprey,Pandion haliaetus,val
train_audio/osprey/iNat733055.ogg,iNat733055.ogg,osprey,Osprey,Pandion haliaetus,val
train_audio/osprey/iNat1144757.ogg,iNat1144757.ogg,osprey,Osprey,Pandion haliaetus,val
train_audio/osprey/iNat785722.ogg,iNat785722.ogg,osprey,Osprey,Pandion haliaetus,test
train_audio/osprey/iNat88041.ogg,iNat88041.ogg,osprey,Osprey,Pandion haliaetus,test
train_audio/osprey/XC708890.ogg,XC708890.ogg,osprey,Osprey,Pandion haliaetus,test
train_audio/osprey/iNat1618940.ogg,iNat1618940.ogg,osprey,Osprey,Pandion haliaetus,test
train_audio/osprey/iNat80362.ogg,iNat80362.ogg,osprey,Osprey,Pandion haliaetus,test
train_audio/osprey/iNat1512917.ogg,iNat1512917.ogg,osprey,Osprey,Pandion haliaetus,test
train_audio/osprey/iNat27261.ogg,iNat27261.ogg,osprey,Osprey,Pandion haliaetus,test
train_audio/osprey/iNat287585.ogg,iNat287585.ogg,osprey,Osprey,Pandion haliaetus,test
train_audio/osprey/iNat1355409.ogg,iNat1355409.ogg,osprey,Osprey,Pandion haliaetus,test
train_audio/osprey/iNat284592.ogg,iNat284592.ogg,osprey,Osprey,Pandion haliaetus,test
train_audio/osprey/iNat758899.ogg,iNat758899.ogg,osprey,Osprey,Pandion haliaetus,test
train_audio/osprey/iNat426412.ogg,iNat426412.ogg,osprey,Osprey,Pandion haliaetus,test
train_audio/osprey/XC575221.ogg,XC575221.ogg,osprey,Osprey,Pandion haliaetus,test
train_audio/osprey/XC532161.ogg,XC532161.ogg,osprey,Osprey,Pandion haliaetus,test
train_audio/osprey/iNat118402.ogg,iNat118402.ogg,osprey,Osprey,Pandion haliaetus,test
train_audio/osprey/XC760074.ogg,XC760074.ogg,osprey,Osprey,Pandion haliaetus,test
train_audio/osprey/XC466204.ogg,XC466204.ogg,osprey,Osprey,Pandion haliaetus,test
train_audio/osprey/iNat1692289.ogg,iNat1692289.ogg,osprey,Osprey,Pandion haliaetus,test
train_audio/osprey/XC183064.ogg,XC183064.ogg,osprey,Osprey,Pandion haliaetus,test
train_audio/osprey/iNat1570067.ogg,iNat1570067.ogg,osprey,Osprey,Pandion haliaetus,test
train_audio/osprey/iNat792610.ogg,iNat792610.ogg,osprey,Osprey,Pandion haliaetus,test
train_audio/osprey/iNat110869.ogg,iNat110869.ogg,osprey,Osprey,Pandion haliaetus,test
train_audio/osprey/iNat1144047.ogg,iNat1144047.ogg,osprey,Osprey,Pandion haliaetus,test
train_audio/osprey/iNat946673.ogg,iNat946673.ogg,osprey,Osprey,Pandion haliaetus,test
train_audio/osprey/iNat1413454.ogg,iNat1413454.ogg,osprey,Osprey,Pandion haliaetus,test
train_audio/osprey/iNat628239.ogg,iNat628239.ogg,osprey,Osprey,Pandion haliaetus,test
train_audio/osprey/iNat282608.ogg,iNat282608.ogg,osprey,Osprey,Pandion haliaetus,test
train_audio/osprey/iNat743634.ogg,iNat743634.ogg,osprey,Osprey,Pandion haliaetus,test
train_audio/osprey/iNat751499.ogg,iNat751499.ogg,osprey,Osprey,Pandion haliaetus,test
train_audio/osprey/XC453006.ogg,XC453006.ogg,osprey,Osprey,Pandion haliaetus,test
train_audio/osprey/iNat1693805.ogg,iNat1693805.ogg,osprey,Osprey,Pandion haliaetus,test
train_audio/osprey/iNat563872.ogg,iNat563872.ogg,osprey,Osprey,Pandion haliaetus,test
train_audio/osprey/iNat1152682.ogg,iNat1152682.ogg,osprey,Osprey,Pandion haliaetus,test
train_audio/osprey/iNat295741.ogg,iNat295741.ogg,osprey,Osprey,Pandion haliaetus,test
train_audio/osprey/iNat1223106.ogg,iNat1223106.ogg,osprey,Osprey,Pandion haliaetus,test
train_audio/osprey/iNat532362.ogg,iNat532362.ogg,osprey,Osprey,Pandion haliaetus,test
train_audio/osprey/iNat429573.ogg,iNat429573.ogg,osprey,Osprey,Pandion haliaetus,test
train_audio/osprey/iNat998657.ogg,iNat998657.ogg,osprey,Osprey,Pandion haliaetus,test
train_audio/osprey/iNat1102521.ogg,iNat1102521.ogg,osprey,Osprey,Pandion haliaetus,test
train_audio/osprey/XC379017.ogg,XC379017.ogg,osprey,Osprey,Pandion haliaetus,test
train_audio/osprey/iNat1618665.ogg,iNat1618665.ogg,osprey,Osprey,Pandion haliaetus,test
train_audio/osprey/iNat717865.ogg,iNat717865.ogg,osprey,Osprey,Pandion haliaetus,test
train_audio/osprey/iNat24777.ogg,iNat24777.ogg,osprey,Osprey,Pandion haliaetus,test
train_audio/osprey/XC478514.ogg,XC478514.ogg,osprey,Osprey,Pandion haliaetus,test
train_audio/osprey/iNat281017.ogg,iNat281017.ogg,osprey,Osprey,Pandion haliaetus,test
train_audio/osprey/iNat1170803.ogg,iNat1170803.ogg,osprey,Osprey,Pandion haliaetus,test
train_audio/osprey/iNat298906.ogg,iNat298906.ogg,osprey,Osprey,Pandion haliaetus,test
train_audio/osprey/XC760076.ogg,XC760076.ogg,osprey,Osprey,Pandion haliaetus,test
train_audio/osprey/XC899493.ogg,XC899493.ogg,osprey,Osprey,Pandion haliaetus,test
train_audio/osprey/iNat236121.ogg,iNat236121.ogg,osprey,Osprey,Pandion haliaetus,test
train_audio/osprey/XC144699.ogg,XC144699.ogg,osprey,Osprey,Pandion haliaetus,test
train_audio/osprey/iNat1545860.ogg,iNat1545860.ogg,osprey,Osprey,Pandion haliaetus,test
train_audio/osprey/iNat132477.ogg,iNat132477.ogg,osprey,Osprey,Pandion haliaetus,test
train_audio/osprey/XC670352.ogg,XC670352.ogg,osprey,Osprey,Pandion haliaetus,test
train_audio/osprey/iNat245926.ogg,iNat245926.ogg,osprey,Osprey,Pandion haliaetus,test
train_audio/osprey/XC789397.ogg,XC789397.ogg,osprey,Osprey,Pandion haliaetus,test
train_audio/osprey/iNat927283.ogg,iNat927283.ogg,osprey,Osprey,Pandion haliaetus,test
train_audio/osprey/iNat133040.ogg,iNat133040.ogg,osprey,Osprey,Pandion haliaetus,test
train_audio/osprey/XC349609.ogg,XC349609.ogg,osprey,Osprey,Pandion haliaetus,test
train_audio/osprey/XC138771.ogg,XC138771.ogg,osprey,Osprey,Pandion haliaetus,test
train_audio/osprey/iNat100066.ogg,iNat100066.ogg,osprey,Osprey,Pandion haliaetus,test
train_audio/osprey/XC540198.ogg,XC540198.ogg,osprey,Osprey,Pandion haliaetus,test
train_audio/osprey/XC384803.ogg,XC384803.ogg,osprey,Osprey,Pandion haliaetus,test
train_audio/osprey/iNat1639508.ogg,iNat1639508.ogg,osprey,Osprey,Pandion haliaetus,test
train_audio/osprey/iNat642910.ogg,iNat642910.ogg,osprey,Osprey,Pandion haliaetus,test
train_audio/osprey/iNat398970.ogg,iNat398970.ogg,osprey,Osprey,Pandion haliaetus,test
train_audio/osprey/iNat1553307.ogg,iNat1553307.ogg,osprey,Osprey,Pandion haliaetus,test
train_audio/osprey/iNat360691.ogg,iNat360691.ogg,osprey,Osprey,Pandion haliaetus,test
train_audio/osprey/XC825313.ogg,XC825313.ogg,osprey,Osprey,Pandion haliaetus,test
train_audio/osprey/iNat945688.ogg,iNat945688.ogg,osprey,Osprey,Pandion haliaetus,test
train_audio/osprey/iNat786260.ogg,iNat786260.ogg,osprey,Osprey,Pandion haliaetus,test
train_audio/osprey/iNat969367.ogg,iNat969367.ogg,osprey,Osprey,Pandion haliaetus,test
train_audio/osprey/iNat1446938.ogg,iNat1446938.ogg,osprey,Osprey,Pandion haliaetus,test
train_audio/osprey/iNat612247.ogg,iNat612247.ogg,osprey,Osprey,Pandion haliaetus,test
train_audio/osprey/iNat1058578.ogg,iNat1058578.ogg,osprey,Osprey,Pandion haliaetus,test
train_audio/osprey/iNat691918.ogg,iNat691918.ogg,osprey,Osprey,Pandion haliaetus,test
train_audio/osprey/iNat502184.ogg,iNat502184.ogg,osprey,Osprey,Pandion haliaetus,test
train_audio/osprey/iNat1577311.ogg,iNat1577311.ogg,osprey,Osprey,Pandion haliaetus,test
train_audio/osprey/iNat1547337.ogg,iNat1547337.ogg,osprey,Osprey,Pandion haliaetus,test
train_audio/osprey/iNat1167671.ogg,iNat1167671.ogg,osprey,Osprey,Pandion haliaetus,test
train_audio/osprey/iNat1070554.ogg,iNat1070554.ogg,osprey,Osprey,Pandion haliaetus,test
train_audio/osprey/iNat1081010.ogg,iNat1081010.ogg,osprey,Osprey,Pandion haliaetus,test
train_audio/osprey/iNat367158.ogg,iNat367158.ogg,osprey,Osprey,Pandion haliaetus,test
train_audio/osprey/iNat646064.ogg,iNat646064.ogg,osprey,Osprey,Pandion haliaetus,test
train_audio/osprey/iNat1162431.ogg,iNat1162431.ogg,osprey,Osprey,Pandion haliaetus,test
train_audio/osprey/iNat545842.ogg,iNat545842.ogg,osprey,Osprey,Pandion haliaetus,test
train_audio/osprey/XC602076.ogg,XC602076.ogg,osprey,Osprey,Pandion haliaetus,test
train_audio/osprey/XC982371.ogg,XC982371.ogg,osprey,Osprey,Pandion haliaetus,test
train_audio/osprey/iNat821030.ogg,iNat821030.ogg,osprey,Osprey,Pandion haliaetus,test
train_audio/osprey/iNat1187680.ogg,iNat1187680.ogg,osprey,Osprey,Pandion haliaetus,test
train_audio/osprey/XC1034309.ogg,XC1034309.ogg,osprey,Osprey,Pandion haliaetus,test
train_audio/osprey/iNat1270952.ogg,iNat1270952.ogg,osprey,Osprey,Pandion haliaetus,test
train_audio/osprey/iNat1566304.ogg,iNat1566304.ogg,osprey,Osprey,Pandion haliaetus,test
train_audio/osprey/iNat1597743.ogg,iNat1597743.ogg,osprey,Osprey,Pandion haliaetus,test
train_audio/osprey/iNat1636350.ogg,iNat1636350.ogg,osprey,Osprey,Pandion haliaetus,test
train_audio/osprey/XC109037.ogg,XC109037.ogg,osprey,Osprey,Pandion haliaetus,test
train_audio/osprey/iNat1058291.ogg,iNat1058291.ogg,osprey,Osprey,Pandion haliaetus,test
train_audio/osprey/iNat1200030.ogg,iNat1200030.ogg,osprey,Osprey,Pandion haliaetus,test
train_audio/osprey/iNat767253.ogg,iNat767253.ogg,osprey,Osprey,Pandion haliaetus,test
